provisional id	miRDeep2 score	estimated probability that the miRNA candidate is a true positive	rfam alert	total read count	mature read count	loop read count	star read count	significant randfold p-value	miRBase miRNA	example miRBase miRNA with the same seed	UCSC browser	NCBI blastn	consensus mature sequence	consensus star sequence	consensus precursor sequence	precursor coordinate	Library	scaffold	strand	start	end	all_same	overlaps	dev_condition
scaffold1_48	60.6	67 +/- 3%	-	129	66	8	55	no	-	-	-	-	augacucuguggugcaacggu	ucgaaucacgucagggucaau	augacucuguggugcaacgguagcgcguuugaguccagaucagaagguugcguguucgaaucacgucagggucaau	scaffold1:149068..149144:+	AMP2	scaffold1	+	149068	149144	no	11	AMP
scaffold1_86	47.8	77 +/- 3%	-	103	95	0	8	no	-	-	-	-	augacucuguggugcaacggu	guucgaaucacgucaggg	augacucuguggugcaacgguagcgugucugacuccagaucaaagguugcguguucgaaucacgucaggg	scaffold1:184431..184501:+	PDi1	scaffold1	+	184431	184501	no	4	PDi
scaffold1_146	1.0	74 +/- 2%	-	183	164	11	8	yes	-	-	-	-	augacucuguggugcaacggu	gaaucacgucagggucauauuu	augacucuguggugcaacgguagcgcgucugacuccagaucagaagguugcguguucgaaucacgucagggucauauuu	scaffold1:193095..193174:+	DI2	scaffold1	+	193095	193174	no	28	DI
scaffold1_6143	33.4	75 +/- 3%	-	81	53	0	28	no	-	-	-	-	uguagcagacaagaauuucuggc	uagaaauuggaguuacugugg	uagaaauuggaguuacuguggcaugcagugaauuuucaaacagcaccuuuguagcagacaagaauuucuggc	scaffold1:10001433..10001505:+	DI1	scaffold1	+	10001433	10001505	yes	2	DI
scaffold1_5168	165.2	86 +/- 2%	-	364	215	0	149	no	-	-	-	-	ucaaguuuuacggcagcgag	ucgcaggagaugaaauaggagc	ucaaguuuuacggcagcgaggacagucgcaggagaugaaauaggagc	scaffold1:12150921..12150968:+	PH1	scaffold1	+	12150921	12150968	no	4	PH
scaffold1_6438	973.0	89 +/- 2%	-	1956	1941	0	15	no	-	-	-	-	uucuucauugauuuaugcuuug	uagucuguaucuuugaggaacc	uagucuguaucuuugaggaaccuuguuaugauucuucauugauuuaugcuuug	scaffold1:20039793..20039846:+	PH3	scaffold1	+	20039793	20039846	yes	3	PH
scaffold1_9065	4912.4	60 +/- 3%	-	9650	9648	1	1	no	-	-	-	-	gacaucguggccgagugg	ugcuaauccauuggugucucc	gacaucguggccgagugguuaaggcgauggacugcuaauccauuggugucucc	scaffold1:20963079..20963132:+	AMP1	scaffold1	+	20963079	20963132	no	3	AMP
scaffold1_9075	4913.5	60 +/- 3%	-	9650	9648	1	1	no	-	-	-	-	gacaucguggccgagugg	ugcuaauccauuggugucucc	gacaucguggccgagugguuaaggcgauggacugcuaauccauuggugucucc	scaffold1:20970995..20971048:+	AMP1	scaffold1	+	20970995	20971048	no	3	AMP
scaffold1_9077	4915.1	60 +/- 3%	-	9650	9648	1	1	no	-	-	-	-	gacaucguggccgagugg	ugcuaauccauuggugucucc	gacaucguggccgagugguuaaggcgauugacugcuaauccauuggugucucc	scaffold1:20974563..20974616:+	AMP1	scaffold1	+	20974563	20974616	no	3	AMP
scaffold1_19890	86.9	70 +/- 4%	-	185	184	0	1	no	-	-	-	-	ggcugguaacaagugagcuuga	cugagcacuaguugcuaauugacu	ggcugguaacaagugagcuugaaugagucacauucugagcacuaguugcuaauugacu	scaffold1:28080065..28080123:+	EC2	scaffold1	+	28080065	28080123	no	3	EC
scaffold1_12605	47.4	67 +/- 3%	-	98	88	0	10	yes	-	-	-	-	uucuucauugauguauucuugg	uaguguuugucuuugaggaacu	uaguguuugucuuugaggaacuuuauauaguucuucauugauguauucuugg	scaffold1:28617540..28617592:+	AMP2	scaffold1	+	28617540	28617592	no	7	AMP
scaffold1_13453	4152.5	60 +/- 3%	-	8164	8162	0	2	no	-	-	-	-	uuguucauugauauaugcuucgg	uaguguguacuuugaagaacc	uaguguguacuuugaagaaccuuauuaugguuguucauugauauaugcuucgg	scaffold1:32256576..32256629:+	AMP1	scaffold1	+	32256576	32256629	no	22	AMP
scaffold1_15585	664.5	67 +/- 3%	-	1310	1305	0	5	yes	-	-	-	-	acaaaucuggaguauuauugga	caauugucuuugggauuugugg	acaaaucuggaguauuauuggaacauauuuccaauugucuuugggauuugugg	scaffold1:37029646..37029699:+	AMP2	scaffold1	+	37029646	37029699	yes	13	AMP
scaffold1_15639	675.5	67 +/- 3%	-	1330	1305	0	25	yes	-	-	-	-	acaaaucuggaguauuauugga	caauuugcuuugggauuugugg	acaaaucuggaguauuauuggaacauauuuccaauuugcuuugggauuugugg	scaffold1:37209632..37209685:+	AMP2	scaffold1	+	37209632	37209685	yes	28	AMP
scaffold1_23038	18.7	69 +/- 3%	-	40	32	1	7	yes	-	-	-	-	cuaguucccaagaaaacccguug	cggauuuaaauuuugguugcuag	cuaguucccaagaaaacccguugucgauuuguuguuuucaugcccaacaaacccgauaaaugcggauuuaaauuuugguugcuag	scaffold1:38651170..38651255:+	PDii3	scaffold1	+	38651170	38651255	no	3	PDii
scaffold1_24413	44.1	67 +/- 3%	-	99	96	0	3	no	-	-	-	-	ugcgaagagacgaaugugg	ucucaugcucucacgacug	ucucaugcucucacgacugauuugcagugcgaagagacgaaugugg	scaffold1:39272066..39272112:+	PDii1	scaffold1	+	39272066	39272112	no	3	PDii
scaffold1_27493	617.9	48 +/- 4%	-	1212	1181	7	24	yes	-	-	-	-	ucuuguauguacacaccacca	ucggugugugcacauuagacug	ucggugugugcacauuagacugaagcauaaccgcuaauuccaauaggagccaagguuagggucuuguauguacacaccacca	scaffold1:46669800..46669882:+	PH2	scaffold1	+	46669800	46669882	no	5	PH
scaffold1_19393	11708.1	67 +/- 3%	-	22963	22665	4	294	yes	-	-	-	-	ucuaggauguacacaccacc	ucggugugugcauacuagacu	ucggugugugcauacuagacuuaagcauaaccgcuaauuccaauaggagccaagguuagggucuaggauguacacaccacc	scaffold1:46676176..46676257:+	AMP2	scaffold1	+	46676176	46676257	no	30	AMP
scaffold1_21221	1825.8	67 +/- 3%	-	3585	3006	0	579	yes	-	-	-	-	uugugugcaucuuugaauaacc	uuuuucauuaauguauacuuugg	uugugugcaucuuugaauaaccuuauaugguuuuucauuaauguauacuuugg	scaffold1:51209767..51209820:+	AMP2	scaffold1	+	51209767	51209820	no	28	AMP
scaffold1_21609	7593.1	67 +/- 3%	-	14898	6898	0	8000	yes	-	-	-	-	uuguguguaucuuugaauaacc	uuucauugauguauacuuugg	uuguguguaucuuugaauaaccuuauaugguuuucauugauguauacuuugg	scaffold1:52208729..52208781:+	AMP2	scaffold1	+	52208729	52208781	no	16	AMP
scaffold1_31338	159606.8	48 +/- 4%	-	313096	313049	4	43	no	-	-	-	-	ugaaagaagucaucacaug	ugauguaugauucuggug	ugauguaugauucugguggaggaauguaaucuuuuccuauccauuucccuuaagaauauugaaagaagucaucacaug	scaffold1:53980970..53981048:+	PH2	scaffold1	+	53980970	53981048	no	7	PH
scaffold1_31374	159880.8	48 +/- 4%	-	313636	313539	51	46	no	-	-	-	-	ugaaagaagucaucacaug	uuggcgaauuucauuugaaau	ugaaagaagucaucacauggcucaauaguuuguucgagcuuuuggcgaauuucauuugaaau	scaffold1:53989294..53989356:+	PH2	scaffold1	+	53989294	53989356	no	8	PH
scaffold1_23320	223793.7	67 +/- 3%	-	438961	399373	0	39588	yes	-	-	-	-	uuuggcacuggcacauuuugcu	caaauugugugggugucagg	uuuggcacuggcacauuuugcuuaaagucauuagcaaauugugugggugucagg	scaffold1:57177911..57177965:+	AMP2	scaffold1	+	57177911	57177965	no	33	AMP
scaffold1_19620	56.0	68 +/- 3%	-	154	153	0	1	no	-	-	-	-	cacaacacacacacacacac	cauguauuuguaguuuguagcu	cacaacacacacacacacacuuauucuauauauauuuuauuauuuuguaaguacauguauuuguaguuuguagcu	scaffold1:62731628..62731703:+	IST1	scaffold1	+	62731628	62731703	no	4	IST
scaffold1_36251	23.5	76 +/- 2%	-	45	41	0	4	yes	-	-	-	-	guagguaaguuuuuauucauu	aaugaauaaaaacuuaccuac	guagguaaguuuuuauucauuaauaauuauuaaugaauaaaaacuuaccuac	scaffold1:63137385..63137437:+	PL1	scaffold1	+	63137385	63137437	no	10	PL
scaffold1_22018	77.5	67 +/- 3%	-	154	139	0	15	yes	-	-	-	-	uuuuucauugacauaugcuugg	uaguguguauccuugaaaaaccu	uaguguguauccuugaaaaaccuuauaugguuuuucauugacauaugcuugg	scaffold1:66323992..66324044:+	IST3	scaffold1	+	66323992	66324044	no	3	IST
scaffold1_20968	730.1	68 +/- 3%	-	1430	1423	0	7	yes	-	-	-	-	caucaaaagguucucgucug	aacgagcaucuuuuugacgua	aacgagcaucuuuuugacguauaucaaaugauauacaucaaaagguucucgucug	scaffold1:66370438..66370493:+	IST1	scaffold1	+	66370438	66370493	yes	11	IST
scaffold1_28109	23646.1	67 +/- 3%	-	46378	46243	0	135	yes	-	-	-	-	ugcagcauaaugaaguggugu	cacuacuacauugugcgagca	cacuacuacauugugcgagcauucuuuaaugcagcauaaugaaguggugu	scaffold1:68244125..68244175:+	AMP2	scaffold1	+	68244125	68244175	no	33	AMP
scaffold1_34429	194.1	76 +/- 4%	-	383	382	0	1	yes	-	-	-	-	gggcccuaguggccaagggg	uaaaaggcuaggcugggaccgc	gggcccuaguggccaagggguaaaaggcuaggcugggaccgc	scaffold1:68367800..68367842:+	GA1	scaffold1	+	68367800	68367842	no	5	GA
scaffold1_28489	6674.0	67 +/- 3%	-	13095	13084	0	11	yes	-	-	-	-	uggucauaagcauaugcuugg	ugguguauguuuuuugaaaaac	ugguguauguuuuuugaaaaaccuuguaugguuggucauaagcauaugcuugg	scaffold1:69313893..69313946:+	AMP2	scaffold1	+	69313893	69313946	no	28	AMP
scaffold1_28491	97.0	67 +/- 3%	-	194	119	0	75	yes	-	-	-	-	uugcucauucacauauacugga	ugguauauguuuuugauaaacc	ugguauauguuuuugauaaaccucauaagguugcucauucacauauacugga	scaffold1:69314086..69314138:+	AMP2	scaffold1	+	69314086	69314138	no	21	AMP
scaffold1_29619	38394.6	67 +/- 3%	-	75310	69788	0	5522	yes	-	-	-	-	auuuccuuugaucauugaaaga	uuucgugagcacugugaagugu	uuucgugagcacugugaagugugaacccacauuuccuuugaucauugaaaga	scaffold1:71838030..71838082:+	AMP2	scaffold1	+	71838030	71838082	yes	33	AMP
scaffold1_29633	35618.0	67 +/- 3%	-	69864	69788	0	76	yes	-	-	-	-	auuuccuuugaucauugaaaga	uuucaugagcacugugaagugu	uuucaugagcacugugaagugugaacgcacauuuccuuugaucauugaaaga	scaffold1:71846343..71846395:+	AMP2	scaffold1	+	71846343	71846395	no	26	AMP
scaffold1_29667	763.6	67 +/- 3%	-	1500	1493	0	7	yes	-	-	-	-	cguuucuucugauccuugaaag	ucucaggaucggauagaaaggua	ucucaggaucggauagaaagguaaaacuacguuucuucugauccuugaaag	scaffold1:71883798..71883849:+	AMP2	scaffold1	+	71883798	71883849	no	19	AMP
scaffold1_28444	764.5	58 +/- 3%	-	1500	1405	0	95	yes	-	-	-	-	gcucuuaacgugauuugcuugc	uaguaauucaguuuuagaggga	uaguaauucaguuuuagagggagauuuuguucucgcucuuaacgugauuugcuugc	scaffold1:73090214..73090270:+	AMP3	scaffold1	+	73090214	73090270	no	12	AMP
scaffold1_43801	230.3	69 +/- 3%	-	469	468	0	1	no	-	-	-	-	cgauuaacaaaugucuucgggg	cuggaauugaaaucgcacg	cuggaauugaaaucgcacgccgauuaacaaaugucuucgggg	scaffold1:76916372..76916414:+	PDii3	scaffold1	+	76916372	76916414	no	5	PDii
scaffold1_31611	376.5	67 +/- 3%	-	750	561	0	189	no	-	-	-	-	auuaccgcuguucacagaaagg	uuucuugaccauugaguaaugu	uuucuugaccauugaguaaugugauugaacauuaccgcuguucacagaaagg	scaffold1:77130434..77130486:+	AMP2	scaffold1	+	77130434	77130486	no	16	AMP
scaffold1_31637	558.7	67 +/- 3%	-	1093	1077	0	16	yes	-	-	-	-	caucaaaagguucucgucug	agacgagcaucuuuuugacgua	agacgagcaucuuuuugacguauaucaaaugauauacaucaaaagguucucgucug	scaffold1:77210919..77210975:+	AMP2	scaffold1	+	77210919	77210975	yes	2	AMP
scaffold1_45240	39.1	48 +/- 4%	-	86	70	0	16	no	-	-	-	-	aguccagaucaucuagugguuag	guucgaauccuggucuggacaauuuu	aguccagaucaucuagugguuagggacauugcguuguggccugcaauaacccgugguucgaauccuggucuggacaauuuu	scaffold1:80568678..80568759:+	PH2	scaffold1	+	80568678	80568759	no	3	PH
scaffold1_35238	5585.8	87 +/- 2%	-	10984	7826	0	3158	no	-	-	-	-	uguuauuuaauaaucacuggaau	ucugcuauuguuacauaacugc	uguuauuuaauaaucacuggaaucacacauucugcuauuguuacauaacugc	scaffold1:85001047..85001099:+	HL3	scaffold1	+	85001047	85001099	no	13	HL
scaffold1_36662	34311.6	67 +/- 3%	-	67301	66723	0	578	yes	-	-	-	-	uaguguguaacuuugaagaacc	uuuuauuguugcauacuugg	uaguguguaacuuugaagaaccuuuauaugguuuuuauuguugcauacuugg	scaffold1:88564062..88564114:+	AMP2	scaffold1	+	88564062	88564114	no	33	AMP
scaffold1_47277	299.7	78 +/- 3%	-	644	306	336	2	no	-	-	-	-	uggaagaguaggcgaaguugga	aaacaagucaaguuuuacagcag	aaacaagucaaguuuuacagcagcgaggacagucacaggagauaaaguaggggcaaauggaagaguaggcgaaguugga	scaffold1:88588642..88588721:+	PL2	scaffold1	+	88588642	88588721	yes	3	PL
scaffold1_43095	6538.4	67 +/- 3%	-	12824	12591	0	233	yes	-	-	-	-	uaguguguaucuuugaagaa	uuucaaugaugcaugcuuugg	uaguguguaucuuugaagaacuuuauauaguuuuucaaugaugcaugcuuugg	scaffold1:101947005..101947058:+	AMP2	scaffold1	+	101947005	101947058	no	33	AMP
scaffold1_54295	285.8	72 +/- 3%	-	564	562	0	2	yes	-	-	-	-	uuccucacuuuuacuuuucgga	gauuaauaaaaguugaugaaua	gauuaauaaaaguugaugaauauaaaauauuccucacuuuuacuuuucgga	scaffold1:104360151..104360202:+	SMA1	scaffold1	+	104360151	104360202	no	5	SMA
scaffold1_57783	393.2	75 +/- 3%	-	777	775	1	1	no	-	-	-	-	ccaguuaguagccuugguugg	ucggcuucacuacugcugaucag	ccaguuaguagccuugguuggcgaaagcuggagaggcgcaacccucucuugaagcucaagccuucggcuucacuacugcugaucag	scaffold1:105940365..105940451:+	PDi2	scaffold1	+	105940365	105940451	no	4	PDi
scaffold1_45027	145.6	67 +/- 3%	-	284	277	0	7	yes	-	-	-	-	uuucauugaugcauacuuugg	uuguguguaucuuugacuaacc	uuguguguaucuuugacuaaccuuauaugguuuuucauugaugcauacuuugg	scaffold1:106788926..106788979:+	AMP2	scaffold1	+	106788926	106788979	no	20	AMP
scaffold1_45489	8765.5	67 +/- 3%	-	17213	17144	0	69	no	-	-	-	-	uaguguguaucuuugaagaa	uuucauugguguauacuuugg	uaguguguaucuuugaagaaccuuaauauggguuuucauugguguauacuuugg	scaffold1:107650060..107650114:+	AMP2	scaffold1	+	107650060	107650114	no	16	AMP
scaffold1_45516	45549.4	67 +/- 3%	-	89343	72687	0	16656	yes	-	-	-	-	uucuucauugauguaugcuuug	uaguguacauccuugaagaacc	uaguguacauccuugaagaaccuuauuaugguucuucauugauguaugcuuug	scaffold1:107707335..107707388:+	AMP2	scaffold1	+	107707335	107707388	no	33	AMP
scaffold1_48104	4000.1	87 +/- 2%	-	7850	7837	0	13	yes	-	-	-	-	uguuauuuaguaaucaguggaau	ucugcuauugcuacauaacugc	uguuauuuaguaaucaguggaaucacacauucugcuauugcuacauaacugc	scaffold1:117343470..117343522:+	HL3	scaffold1	+	117343470	117343522	no	17	HL
scaffold1_69078	34.3	76 +/- 2%	-	69	41	0	28	yes	-	-	-	-	cuuuccaaauauuuggcaauu	uuugccaaauauuucgaaucga	uuugccaaauauuucgaaucgauuugcgaauccuuuccaaauauuuggcaauu	scaffold1:120681819..120681872:+	PL1	scaffold1	+	120681819	120681872	no	15	PL
scaffold1_55101	700.8	67 +/- 3%	-	1374	1018	0	356	yes	-	-	-	-	uuuuucauugauguaugcucgg	uaguguguauccuugaagaacc	uaguguguauccuugaagaaccuuauaugguuuuucauugauguaugcucgg	scaffold1:133398734..133398786:+	AMP2	scaffold1	+	133398734	133398786	no	6	AMP
scaffold1_56123	159.1	67 +/- 3%	-	325	267	3	55	yes	-	-	-	-	uguaccauuaagauuuuuuagu	uuugaaguauuauggguugg	uuugaaguauuauggguuggucauaauaauuggaaaauauauaguucauuaugguuguaccauuaagauuuuuuagu	scaffold1:135085065..135085142:+	AMP2	scaffold1	+	135085065	135085142	no	10	AMP
scaffold1_57663	14719.7	67 +/- 3%	-	28873	11872	0	17001	yes	-	-	-	-	uuucauugguguaugcuuagg	uaguguguaucuuugaagaa	uaguguguaucuuugaagaaccauauuacgguuuuucauugguguaugcuuagg	scaffold1:137489340..137489394:+	AMP2	scaffold1	+	137489340	137489394	no	22	AMP
scaffold1_58728	116.9	67 +/- 3%	-	282	274	0	8	no	-	-	-	-	aucucucauugcacuauguagg	uacauaauacauuugaaagauaa	uacauaauacauuugaaagauaaaauaugaauaucucucauugcacuauguagg	scaffold1:455347..455401:-	AMP2	scaffold1	-	455347	455401	no	10	AMP
scaffold1_86761	1097.6	72 +/- 3%	-	2166	2143	0	23	no	-	-	-	-	cuucauugauuuaugcuuugg	uagaguguaucuuugaggaa	uagaguguaucuuugaggaacuuuguuaugguucuucauugauuuaugcuuugg	scaffold1:1467920..1467974:-	PDii2	scaffold1	-	1467920	1467974	no	4	PDii
scaffold1_59800	2252.7	67 +/- 3%	-	4430	3006	0	1424	yes	-	-	-	-	uugugugcaucuuugaauaacc	uuuuccauugauguguacuugg	uugugugcaucuuugaauaaccuuauaugguuuuccauugauguguacuugg	scaffold1:3238746..3238798:-	AMP2	scaffold1	-	3238746	3238798	no	33	AMP
scaffold1_88134	20.4	72 +/- 3%	-	61	57	0	4	no	-	-	-	-	ucauugauuccaugaaggaaagg	ccgagaagcaugggacaacau	ccgagaagcaugggacaacaucagagauuauucaauuguugauuucauugauuccaugaaggaaagg	scaffold1:3917432..3917499:-	PDii2	scaffold1	-	3917432	3917499	no	3	PDii
scaffold1_60478	1.3	76 +/- 2%	-	173	159	0	14	yes	-	-	-	-	uuaaaugauauugccgaguuuu	aaagcucggcaauuucaauuucg	aaagcucggcaauuucaauuucguuucucgaaauuaaaugauauugccgaguuuu	scaffold1:4912975..4913030:-	AMP2	scaffold1	-	4912975	4913030	no	17	AMP
scaffold1_39974	91.7	72 +/- 3%	-	183	174	0	9	yes	-	-	-	-	cuucauugaugcgugcuuuga	uagugugcaucuuugaauaacc	uagugugcaucuuugaauaaccuuauauggcucuucauugaugcgugcuuuga	scaffold1:8145276..8145329:-	IST2	scaffold1	-	8145276	8145329	no	13	IST
scaffold1_88070	763.9	67 +/- 3%	-	1522	1504	0	18	no	-	-	-	-	ccgagcuugagcacaguauuuga	cagacuugucaacgagccgag	cagacuugucaacgagccgagccgagccgagccgcgccgagcuugagcacaguauuuga	scaffold1:10175648..10175707:-	PDii1	scaffold1	-	10175648	10175707	yes	6	PDii
scaffold1_60456	35.9	86 +/- 2%	-	75	54	0	21	yes	-	-	-	-	uccuguacuuuggcugagucgcu	cagcucuuucauuguauaaggaa	cagcucuuucauuguauaaggaagugaccauuccuguacuuuggcugagucgcu	scaffold1:11002487..11002541:-	PH1	scaffold1	-	11002487	11002541	no	8	PH
scaffold1_54346	273.3	67 +/- 3%	-	549	495	10	44	no	-	-	-	-	ucuccaggucagagugagcag	ggcggaccagggcacaugga	ggcggaccagggcacauggagacagguucagaaaaguuagaggcaaaauacgcauugaacagaucagcugucuccaggucagagugagcag	scaffold1:19090287..19090378:-	IST3	scaffold1	-	19090287	19090378	no	2	IST
scaffold1_66666	13591.1	67 +/- 3%	-	26657	11819	0	14838	yes	-	-	-	-	uuucauugauggaugcuuagg	uaguauguaucuuugaagaacc	uaguauguaucuuugaagaaccuuauaugguuuuucauugauggaugcuuagg	scaffold1:19569432..19569485:-	AMP2	scaffold1	-	19569432	19569485	no	18	AMP
scaffold1_53499	22.7	68 +/- 3%	-	43	35	0	8	yes	-	-	-	-	cgcgagaaccuuuugauguau	uacgucaaaaagaugcucg	cgcgagaaccuuuugauguauaucauuugauauacgucaaaaagaugcucg	scaffold1:23381952..23382003:-	IST1	scaffold1	-	23381952	23382003	no	6	IST
scaffold1_53872	9934.3	68 +/- 3%	-	19492	19490	0	2	yes	-	-	-	-	guuuccauugauguaugcuuug	uugugugcaucuuugaaaaaac	uugugugcaucuuugaaaaaaccugauauggguuuccauugauguaugcuuug	scaffold1:24666009..24666062:-	IST1	scaffold1	-	24666009	24666062	no	21	IST
scaffold1_56334	39.0	67 +/- 3%	-	81	77	0	4	yes	-	-	-	-	ucucuuaaugugauuugcuugc	uagcuauucaguuuuugagagag	uagcuauucaguuuuugagagagauauuuuguucucucucuuaaugugauuugcuugc	scaffold1:25302819..25302877:-	IST3	scaffold1	-	25302819	25302877	no	5	IST
scaffold1_94610	79.4	69 +/- 3%	-	196	188	3	5	no	-	-	-	-	gcaacaaucaaagagccguggg	cagguugaagaagauaguagc	cagguugaagaagauaguagcucccaaaaauugcacgucaauaaaucauuuaauagcaacaaucaaagagccguggg	scaffold1:27203186..27203263:-	PDii3	scaffold1	-	27203186	27203263	no	3	PDii
scaffold1_74603	37099.6	67 +/- 3%	-	72772	66917	0	5855	yes	-	-	-	-	uauggcacaugacuagaaacua	guuucagcuaugugucacuug	uauggcacaugacuagaaacuaacgguuguguaguuucagcuaugugucacuug	scaffold1:41104647..41104701:-	AMP2	scaffold1	-	41104647	41104701	no	27	AMP
scaffold1_75069	13827.3	67 +/- 3%	-	27120	22549	0	4571	yes	-	-	-	-	uacccuguauuuccgaagguuuu	caccuuugauuugcagggcgcaug	uacccuguauuuccgaagguuuucgaaaguugaacaccuuugauuugcagggcgcaug	scaffold1:42666804..42666862:-	AMP2	scaffold1	-	42666804	42666862	no	32	AMP
scaffold1_75234	102287.2	67 +/- 3%	-	200633	199257	0	1376	yes	-	-	-	-	uacugcaccuuucccggccugc	aggucgugauuugugcaaaguuag	aggucgugauuugugcaaaguuaggcaaaaguccuacugcaccuuucccggccugc	scaffold1:42863958..42864014:-	AMP2	scaffold1	-	42863958	42864014	no	33	AMP
scaffold1_75235	33239.5	67 +/- 3%	-	65197	63821	0	1376	yes	-	-	-	-	uacugcacuuaucccggccuuu	aggucgugauuugugcaaaguuag	uacugcacuuaucccggccuuuuguucuugacgcuggaucuucauucaacauucuaacgaauaagcaggucgugauuugugcaaaguuag	scaffold1:42863990..42864080:-	AMP2	scaffold1	-	42863990	42864080	no	30	AMP
scaffold1_75236	35919.8	67 +/- 3%	-	70454	63821	0	6633	yes	-	-	-	-	uacugcacuuaucccggccuuu	cgggcgggaucuguguguguauc	cgggcgggaucuguguguguaucuugcaugcagcuacugcacuuaucccggccuuu	scaffold1:42864058..42864114:-	AMP2	scaffold1	-	42864058	42864114	yes	30	AMP
scaffold1_75238	99444.0	67 +/- 3%	-	195053	193161	0	1892	yes	-	-	-	-	uauugcacuagucccggccugg	agggugggucguugugcacuauu	agggugggucguugugcacuauuuaccaaaauauugcacuagucccggccugg	scaffold1:42864160..42864213:-	AMP2	scaffold1	-	42864160	42864213	yes	32	AMP
scaffold1_75240	90000.5	67 +/- 3%	-	176544	172255	0	4289	no	-	-	-	-	uacugcacuuauuccggccuau	cggccgagauuagugauugaaac	cggccgagauuagugauugaaacuguguaguuacugcacuuauuccggccuau	scaffold1:42864265..42864318:-	AMP2	scaffold1	-	42864265	42864318	no	33	AMP
scaffold1_103694	639.2	48 +/- 4%	-	1252	1181	7	64	yes	-	-	-	-	ucuuguauguacacaccacca	ucggugugugcauacuagacug	ucggugugugcauacuagacugaagcauaaccgcuaauuccaauaggagccaagguuagggucuuguauguacacaccacca	scaffold1:46260423..46260505:-	PH2	scaffold1	-	46260423	46260505	no	8	PH
scaffold1_50279	38.5	72 +/- 3%	-	77	75	0	2	yes	-	-	-	-	ugaguguguggcugauauuga	caauuucaaccacucacugcaga	ugaguguguggcugauauugacgaaaaucaauuucaaccacucacugcaga	scaffold1:48279470..48279521:-	IST2	scaffold1	-	48279470	48279521	no	6	IST
scaffold1_80738	23220.5	67 +/- 3%	-	45552	28628	0	16924	yes	-	-	-	-	uuucacugauguaugcuuugg	uaguguguaucuuugaagaa	uaguguguaucuuugaagaaccuuauaugguuuucacugauguaugcuuugg	scaffold1:54525955..54526007:-	AMP2	scaffold1	-	54525955	54526007	no	17	AMP
scaffold1_79142	40.8	86 +/- 2%	-	82	61	0	21	yes	-	-	-	-	uccuguacuuuggcugaguugcu	cagcucuuucauuguauaaggaa	cagcucuuucauuguauaaggaagugacaauuccuguacuuuggcugaguugcu	scaffold1:56568202..56568256:-	PH1	scaffold1	-	56568202	56568256	no	11	PH
scaffold1_79158	40.8	86 +/- 2%	-	82	61	0	21	yes	-	-	-	-	uccuguacuuuggcugaguugcu	cagcucuuucauuguauaaggaa	cagcucuuucauuguauaaggaagugacaauuccuguacuuuggcugaguugcu	scaffold1:56661726..56661780:-	PH1	scaffold1	-	56661726	56661780	no	11	PH
scaffold1_113925	682.1	76 +/- 2%	-	1335	1305	0	30	yes	-	-	-	-	caucaaaagguucucgucug	gacgagcaucuuuuugacgua	gacgagcaucuuuuugacguauaucaaaugauauacaucaaaagguucucgucug	scaffold1:58553904..58553959:-	PL1	scaffold1	-	58553904	58553959	no	4	PL
scaffold1_82573	1820.2	67 +/- 3%	-	3581	3441	0	140	yes	-	-	-	-	uuuucauugauguacacuuugg	aaaguauguaucuuugaaaaa	aaaguauguaucuuugaaaaaugaaauuauuuuucauugauguacacuuugg	scaffold1:59806070..59806122:-	AMP2	scaffold1	-	59806070	59806122	no	23	AMP
scaffold1_124352	29.2	72 +/- 3%	-	56	35	0	21	yes	-	-	-	-	guagguaaguuuuuauucauu	ugaauaaaaacuuaccuacac	guagguaaguuuuuauucauuaauaauuauuaaugaauaaaaacuuaccuacac	scaffold1:63137383..63137437:-	PDii2	scaffold1	-	63137383	63137437	no	13	PDii
scaffold1_85640	10473.1	67 +/- 3%	-	20543	17144	0	3399	yes	-	-	-	-	uaguguguaucuuugaagaa	uuucacugauguacgcuuugg	uaguguguaucuuugaagaaccuuauaugguuuuucacugauguacgcuuugg	scaffold1:67173699..67173752:-	AMP2	scaffold1	-	67173699	67173752	no	32	AMP
scaffold1_111066	811.6	78 +/- 3%	-	1592	1223	0	369	yes	-	-	-	-	uuguucauuggcauauacuugg	ugguauauguuuuugaaaaacc	ugguauauguuuuugaaaaaccucauaugguuguucauuggcauauacuugg	scaffold1:69133896..69133948:-	PL2	scaffold1	-	69133896	69133948	no	23	PL
scaffold1_86378	23646.2	67 +/- 3%	-	46378	46243	0	135	yes	-	-	-	-	ugcagcauaaugaaguggugu	cacuacuacauugugcgagca	cacuacuacauugugcgagcauucuuuaaugcagcauaaugaaguggugu	scaffold1:69248874..69248924:-	AMP2	scaffold1	-	69248874	69248924	no	33	AMP
scaffold1_68198	37.6	68 +/- 3%	-	100	99	0	1	no	-	-	-	-	gcgacuuugaauucuaaccau	uguuaaaauucaacguugacu	uguuaaaauucaacguugacuauuacagcgacuuugaauucuaaccau	scaffold1:70689851..70689899:-	IST1	scaffold1	-	70689851	70689899	no	3	IST
scaffold1_87900	2854.9	67 +/- 3%	-	5602	5528	0	74	yes	-	-	-	-	aucucaucuggaauugaaagg	cuuucucgaccagagugagaug	cuuucucgaccagagugagaugcaaaacccaucucaucuggaauugaaagg	scaffold1:71835170..71835221:-	AMP2	scaffold1	-	71835170	71835221	no	19	AMP
scaffold1_87914	8081.9	67 +/- 3%	-	15854	10332	0	5522	yes	-	-	-	-	acuuccuuugaucauugaaag	uuucgugagcacugugaagugu	uuucgugagcacugugaagugugaacccacacuuccuuugaucauugaaag	scaffold1:71853007..71853058:-	AMP2	scaffold1	-	71853007	71853058	no	23	AMP
scaffold1_87928	5268.6	67 +/- 3%	-	10334	10332	0	2	yes	-	-	-	-	acuuccuuugaucauugaaag	uuucgugagaacugugaagugu	uuucgugagaacugugaagugugaacgcacacuuccuuugaucauugaaag	scaffold1:71869640..71869691:-	AMP2	scaffold1	-	71869640	71869691	no	9	AMP
scaffold1_69321	131.7	68 +/- 3%	-	267	260	0	7	yes	-	-	-	-	uagcaauuggguuuuagagagag	cgcuuuuaacgcgauuugcuugc	uagcaauuggguuuuagagagagauuuuguucucgcuuuuaacgcgauuugcuugc	scaffold1:73088923..73088979:-	IST1	scaffold1	-	73088923	73088979	yes	19	IST
scaffold1_89139	12121.0	60 +/- 3%	-	23782	23779	0	3	yes	-	-	-	-	ugcucuuugauuauaggggaag	uucgcuauuuucaaauagcugu	ugcucuuugauuauaggggaagucaaucuuucgcuauuuucaaauagcugu	scaffold1:74667316..74667367:-	AMP1	scaffold1	-	74667316	74667367	no	20	AMP
scaffold1_90889	1299.5	67 +/- 3%	-	2563	2552	0	11	yes	-	-	-	-	uuuuucauugauguaugcaagg	uaguguauaucuuugaauaa	uaguguauaucuuugaauaaauuuauacgguuuuucauugauguaugcaagg	scaffold1:78322816..78322868:-	AMP2	scaffold1	-	78322816	78322868	no	18	AMP
scaffold1_92880	189225.9	67 +/- 3%	-	371159	371153	0	6	yes	-	-	-	-	agaugacacgugagacaaauga	auuugucuaauguagucaugu	auuugucuaauguagucauguuuaucaaaagaugacacgugagacaaauga	scaffold1:82791863..82791914:-	AMP2	scaffold1	-	82791863	82791914	no	13	AMP
scaffold1_94024	435.0	67 +/- 3%	-	874	870	0	4	no	-	-	-	-	auucauugcuguaugcuuugg	uaguguguauuuugaagaa	uaguguguauuuugaagaaccuuauuaugguuauucauugcuguaugcuuugg	scaffold1:86175966..86176019:-	AMP2	scaffold1	-	86175966	86176019	no	5	AMP
scaffold1_95920	2430.1	67 +/- 3%	-	4786	4294	0	492	yes	-	-	-	-	guuuuuauugauguaugcuuug	uagugugugucuuugaagaa	uagugugugucuuugaagaaccuuauuaugguuuuuauugauguaugcuuug	scaffold1:90446290..90446342:-	AMP2	scaffold1	-	90446290	90446342	no	7	AMP
scaffold1_101216	32.5	67 +/- 3%	-	73	65	0	8	yes	-	-	-	-	ugucauugaugugugcuuugg	uugugugcaucuuugaaaaaac	uugugugcaucuuugaaaaaaccuaauauggguugucauugaugugugcuuugg	scaffold1:102586538..102586592:-	AMP2	scaffold1	-	102586538	102586592	no	7	AMP
scaffold1_101677	10.2	67 +/- 3%	-	18	17	0	1	yes	-	-	-	-	uuaacuacacgauuuaaucg	uuaaauuguguaguuaag	uuaacuacacgauuuaaucggaccgauuaaauuguguaguuaag	scaffold1:103614640..103614684:-	AMP2	scaffold1	-	103614640	103614684	yes	2	AMP
scaffold1_83304	1130.1	67 +/- 3%	-	2216	2176	0	40	yes	-	-	-	-	ucaguuuuuccauguuucgg	gaaaucauaggaaaggcuggaaug	gaaaucauaggaaaggcuggaaugauaauuaacauucaguuuuuccauguuucgg	scaffold1:104800331..104800386:-	IST3	scaffold1	-	104800331	104800386	no	10	IST
scaffold1_104035	71384.6	67 +/- 3%	-	140043	139993	0	50	no	-	-	-	-	uuucauugauguaugcuuugg	uaguguguaucuuuaaagaacc	uaguguguaucuuuaaagaacccuuuauaugguuuuucauugauguaugcuuugg	scaffold1:109466146..109466201:-	AMP2	scaffold1	-	109466146	109466201	no	17	AMP
scaffold1_104237	203316.4	67 +/- 3%	-	398797	395124	0	3673	yes	cbr-miR-34	-	-	-	aggcagugugguuagcugguug	acccgcgacugacacuacccucu	aggcagugugguuagcugguugaagaacaacccgcgacugacacuacccucu	scaffold1:110023350..110023402:-	AMP2	scaffold1	-	110023350	110023402	yes	33	AMP
scaffold1_104944	2424.5	67 +/- 3%	-	4786	4294	0	492	no	-	-	-	-	guuuuuauugauguaugcuuug	uagugugugucuuugaagaa	uagugugugucuuugaagaaccuuauuaugguuuuuauugauguaugcuuug	scaffold1:111877827..111877879:-	AMP2	scaffold1	-	111877827	111877879	no	7	AMP
scaffold1_165507	12.5	72 +/- 3%	-	49	47	0	2	no	-	-	-	-	auuacauuuacuugcugggguu	gaggaaauacuugcguacauugg	gaggaaauacuugcguacauuggauuacauuuacuugcugggguu	scaffold1:130896960..130897005:-	PDii2	scaffold1	-	130896960	130897005	no	2	PDii
scaffold1_160079	26.4	75 +/- 2%	-	56	55	0	1	yes	-	-	-	-	cagcaauugaguuuuagagagag	cgcucuuaacgugguuugcuugc	cagcaauugaguuuuagagagagauuuuguucucgcucuuaacgugguuugcuugc	scaffold1:135093192..135093248:-	PL3	scaffold1	-	135093192	135093248	yes	2	PL
scaffold1_74134	44.9	72 +/- 3%	-	133	127	4	2	no	-	-	-	-	caauuguucaacuuuauuuga	cagguuguacacauuugguga	cagguuguacacauuuggugacugauucaucuguuacugacuuacacacaauuguucaacuuuauuuga	scaffold1:135968580..135968649:-	IST2	scaffold1	-	135968580	135968649	no	7	IST
scaffold1_115222	66.4	67 +/- 3%	-	134	88	0	46	yes	-	-	-	-	uuuuucauugguguaugcuugg	uaguguguaucuucgaagaacc	uaguguguaucuucgaagaaccauauuacgguuuuucauugguguaugcuugg	scaffold1:136411412..136411465:-	AMP2	scaffold1	-	136411412	136411465	no	11	AMP
scaffold1_156903	1768.4	48 +/- 4%	-	3470	3468	0	2	yes	-	-	-	-	uaguguguaucuuugaagaa	uuuucauugguguaugcuugg	uaguguguaucuuugaagaaccauauuacgguuuuucauugguguaugcuugg	scaffold1:137480409..137480462:-	PH2	scaffold1	-	137480409	137480462	no	3	PH
scaffold2_119521	43608.5	67 +/- 3%	-	85536	85153	0	383	yes	-	-	-	-	uacugcacucgucccggccuug	cgaccgguucaaguucacguagu	cgaccgguucaaguucacguaguuuaagcuacugcacucgucccggccuug	scaffold2:5525278..5525329:+	AMP2	scaffold2	+	5525278	5525329	no	28	AMP
scaffold2_119577	43608.5	67 +/- 3%	-	85536	85153	0	383	yes	-	-	-	-	uacugcacucgucccggccuug	cgaccgguucaaguucacguagu	cgaccgguucaaguucacguaguuuaagcuacugcacucgucccggccuug	scaffold2:5659553..5659604:+	AMP2	scaffold2	+	5659553	5659604	no	28	AMP
scaffold2_144561	41.7	76 +/- 3%	-	148	147	0	1	no	-	-	-	-	aaugacuuuauuuagccgcugaa	ugcagcaaggacagucacaagaga	aaugacuuuauuuagccgcugaaggcaaacacuacaaaaauauaaaaauaagucaaguuuuaugcagcaaggacagucacaagaga	scaffold2:10786713..10786799:+	PDi3	scaffold2	+	10786713	10786799	yes	2	PDi
scaffold2_179196	52.6	75 +/- 2%	-	108	94	13	1	yes	-	-	-	-	ugguuucuuaucuuaauugg	auuauagcgaacaaugug	auuauagcgaacaaugugauaggauaauuuugaaauaauuuaaauuccuccaaugugguuucuuaucuuaauugg	scaffold2:26235218..26235293:+	PL3	scaffold2	+	26235218	26235293	yes	2	PL
scaffold2_128366	14411.8	67 +/- 3%	-	28274	28161	0	113	yes	-	-	-	-	uuucacugauguaugcuuugg	uaguguuuaucuuugaagaa	uaguguuuaucuuugaagaaccuuauaugguuuuucacugauguaugcuuugg	scaffold2:28598478..28598531:+	AMP2	scaffold2	+	28598478	28598531	no	25	AMP
scaffold2_125060	4190.1	58 +/- 3%	-	8216	7723	46	447	yes	-	-	-	-	uauacugauguucuccugcug	gcaguagaauaacaguaaaug	uauacugauguucuccugcugauaaggcuuugaguaaaguagcuuugcuuggagauuaucagcaguagaauaacaguaaaug	scaffold2:40093595..40093677:+	AMP3	scaffold2	+	40093595	40093677	no	30	AMP
scaffold2_133941	2319.6	67 +/- 3%	-	4553	3248	0	1305	yes	-	-	-	-	caauuugcuuuuggauuugugg	acaaaucuggaguauuauugga	acaaaucuggaguauuauuggaacauauuuccaauuugcuuuuggauuugugg	scaffold2:41497277..41497330:+	AMP2	scaffold2	+	41497277	41497330	no	32	AMP
scaffold2_135589	906.6	67 +/- 3%	-	1779	1036	0	743	yes	-	-	-	-	uuuugcauugaugaaugcuaga	uaggguucaucuuuguagaacc	uaggguucaucuuuguagaaccuuaauaugguuuugcauugaugaaugcuaga	scaffold2:45189100..45189153:+	AMP2	scaffold2	+	45189100	45189153	no	33	AMP
scaffold2_136189	2461.1	67 +/- 3%	-	4832	4809	0	23	yes	-	-	-	-	uagugugugucuuugacgaa	cuucauugauauauguuuagg	uagugugugucuuugacgaaccuuguuaugguucuucauugauauauguuuagg	scaffold2:46554401..46554455:+	AMP2	scaffold2	+	46554401	46554455	no	9	AMP
scaffold2_107784	730.4	68 +/- 3%	-	1430	1423	0	7	yes	-	-	-	-	caucaaaagguucucgucug	aacgagcaucuuuuugacgua	aacgagcaucuuuuugacguauaucaaaugauauacaucaaaagguucucgucug	scaffold2:48363617..48363672:+	IST1	scaffold2	+	48363617	48363672	yes	11	IST
scaffold2_129202	764.2	58 +/- 3%	-	1500	1405	0	95	yes	-	-	-	-	gcucuuaacgugauuugcuugc	uaguaauucaguuuuagaggga	uaguaauucaguuuuagagggagauuuuguucucgcucuuaacgugauuugcuugc	scaffold2:50164181..50164237:+	AMP3	scaffold2	+	50164181	50164237	no	11	AMP
scaffold2_138498	71412.0	67 +/- 3%	-	140074	139993	0	81	yes	-	-	-	-	uuucauugauguaugcuuugg	ggguguguaucuuugaagaa	ggguguguaucuuugaagaacccuuuauaugguuuuucauugauguaugcuuugg	scaffold2:51834725..51834780:+	AMP2	scaffold2	+	51834725	51834780	no	14	AMP
scaffold2_139169	8081.9	67 +/- 3%	-	15854	10332	0	5522	yes	-	-	-	-	acuuccuuugaucauugaaag	uuucgugagcacugugaagugu	uuucgugagcacugugaagugugaacccacacuuccuuugaucauugaaag	scaffold2:53126933..53126984:+	AMP2	scaffold2	+	53126933	53126984	no	20	AMP
scaffold2_141649	6675.9	67 +/- 3%	-	13095	13084	0	11	yes	-	-	-	-	uggucauaagcauaugcuugg	ugguguauguuuuuugaaaaac	ugguguauguuuuuugaaaaaccuuauaugguuggucauaagcauaugcuugg	scaffold2:59508069..59508122:+	AMP2	scaffold2	+	59508069	59508122	yes	18	AMP
scaffold2_141651	5014.5	67 +/- 3%	-	9837	9762	0	75	yes	-	-	-	-	uugcucauucgcauauacugga	ugguauauguuuuugauaaacc	ugguauauguuuuugauaaaccucauaagguugcucauucgcauauacugga	scaffold2:59508268..59508320:+	AMP2	scaffold2	+	59508268	59508320	yes	32	AMP
scaffold2_142861	6017.6	67 +/- 3%	-	11810	11664	0	146	yes	-	-	-	-	uaguguguaucuuugaagaa	uuucacugauguaugccuugg	uaguguguaucuuugaagaaucuuaugugguuuuucacugauguaugccuugg	scaffold2:62422953..62423006:+	AMP2	scaffold2	+	62422953	62423006	yes	18	AMP
scaffold2_146070	4436.2	60 +/- 3%	-	8704	8680	0	24	yes	-	-	-	-	uuucauugauguauacuuugg	uuguguguaucuuugaau	uuguguguaucuuugaaucaccuuauaugguuuuucauugauguauacuuugg	scaffold2:68286973..68287026:+	AMP1	scaffold2	+	68286973	68287026	no	3	AMP
scaffold2_145872	957.4	67 +/- 3%	-	1881	1810	0	71	yes	-	-	-	-	uuuuucauugauguaugcucag	uaguguguaucauugaagaccc	uaguguguaucauugaagacccuuaugugguuuuucauugauguaugcucag	scaffold2:69462239..69462291:+	AMP2	scaffold2	+	69462239	69462291	no	15	AMP
scaffold2_144180	5582.3	87 +/- 2%	-	10978	7820	0	3158	no	-	-	-	-	uguuauuuaauuaucaguggaau	ucugcuauuguuacauaacugc	uguuauuuaauuaucaguggaaucacacauucugcuauuguuacauaacugc	scaffold2:71962028..71962080:+	HL3	scaffold2	+	71962028	71962080	no	24	HL
scaffold2_142943	19.0	86 +/- 2%	-	39	36	0	3	yes	-	-	-	-	uuguucauuggcauauacuagg	uaguauauguuuuugaaaaacc	uaguauauguuuuugaaaaaccucaugcaguuguucauuggcauauacuagg	scaffold2:74614899..74614951:+	PH1	scaffold2	+	74614899	74614951	no	6	PH
scaffold2_148748	37231.7	67 +/- 3%	-	73027	66723	0	6304	yes	-	-	-	-	uaguguguaacuuugaagaacc	uuuuuuauuguugcauacuugg	uaguguguaacuuugaagaaccuuuauaugguuuuuuauuguugcauacuugg	scaffold2:76533232..76533285:+	AMP2	scaffold2	+	76533232	76533285	yes	33	AMP
scaffold2_202790	67.2	74 +/- 4%	-	156	154	0	2	no	-	-	-	-	aagugugugucuuugacgaa	ucuucauugauauauaguuag	aagugugugucuuugacgaaccuuauuauaguucuucauugauauauaguuag	scaffold2:79540029..79540082:+	DI3	scaffold2	+	79540029	79540082	no	5	DI
scaffold2_150620	658.7	67 +/- 3%	-	1348	1347	0	1	no	-	-	-	-	ugacagaggaccaaguagaca	ucuugguagcgcuaaaaucg	ucuugguagcgcuaaaaucgagaugauugacagaggaccaaguagaca	scaffold2:81006419..81006467:+	AMP2	scaffold2	+	81006419	81006467	no	2	AMP
scaffold2_218045	1447.4	67 +/- 3%	-	2886	2885	0	1	no	-	-	-	-	ucacaggagaugaaauaggagc	ucaaguuuuacgacagug	ucaaguuuuacgacagugaagacagucacaggagaugaaauaggagc	scaffold2:86579233..86579280:+	PDii1	scaffold2	+	86579233	86579280	no	4	PDii
scaffold2_218565	39.6	67 +/- 3%	-	117	65	2	50	no	-	-	-	-	agaugaaucagucaccaaaugu	uggagagucgaugaauguguau	agaugaaucagucaccaaauguguagaaaagugaauaaaacauggagagucgaugaauguguau	scaffold2:87159015..87159079:+	PDii1	scaffold2	+	87159015	87159079	no	5	PDii
scaffold2_154135	11908.6	67 +/- 3%	-	23364	22035	0	1329	yes	-	-	-	-	uucuucauugauguaugcuucg	uaguguguaucuuugaauaauc	uaguguguaucuuugaauaaucuuauuaugguucuucauugauguaugcuucg	scaffold2:89276675..89276728:+	AMP2	scaffold2	+	89276675	89276728	no	12	AMP
scaffold2_154142	74508.2	67 +/- 3%	-	146148	139988	0	6160	yes	-	-	-	-	uuucauugauguaugcuuugg	uagcguguaucuuugaagaacc	uagcguguaucuuugaagaacccuuuauaugguuuuucauugauguaugcuuugg	scaffold2:89289620..89289675:+	AMP2	scaffold2	+	89289620	89289675	no	29	AMP
scaffold2_154490	5624.1	67 +/- 3%	-	11036	8645	0	2391	yes	-	-	-	-	uucuucauugauuuaugcuuug	uaguguuuaucuuugaggaa	uaguguuuaucuuugaggaaccuuguuaugguucuucauugauuuaugcuuug	scaffold2:90392324..90392377:+	AMP2	scaffold2	+	90392324	90392377	no	33	AMP
scaffold2_199525	811.0	78 +/- 3%	-	1592	1223	0	369	yes	-	-	-	-	uuguucauuggcauauacuugg	ugguauauguuuuugaaaaacc	ugguauauguuuuugaaaaaccucauaugguuguucauuggcauauacuugg	scaffold2:91465624..91465676:+	PL2	scaffold2	+	91465624	91465676	no	24	PL
scaffold2_155789	70596.6	67 +/- 3%	-	138496	131189	0	7307	no	-	-	-	-	uuucauugauguaugcuuugg	uaaguauguaucuuugaaaaa	uaaguauguaucuuugaaaaaugcaauuaauuuucauugauguaugcuuugg	scaffold2:93842961..93843013:+	AMP2	scaffold2	+	93842961	93843013	no	22	AMP
scaffold2_156987	240.5	60 +/- 3%	-	516	515	0	1	no	-	-	-	-	guguguguugugugugug	auauauauauauauauguaua	auauauauauauauauguauaauauaaaauguguguguugugugugug	scaffold2:94552664..94552712:+	AMP1	scaffold2	+	94552664	94552712	no	6	AMP
scaffold2_159520	58.0	67 +/- 3%	-	112	111	0	1	yes	-	-	-	-	uuaccauaguacagagcggacc	uccgcucuguacuaugcuaaau	uccgcucuguacuaugcuaaauuauuccaaguguccgcucuguacaccaaauucguauuuaccauaguacagagcggacc	scaffold2:103785169..103785249:+	AMP2	scaffold2	+	103785169	103785249	no	5	AMP
scaffold2_154549	7311.9	86 +/- 2%	-	14341	5359	0	8982	yes	-	-	-	-	uagcaauucaguuuuagagagag	cgcucuuaacgugaauugcuugc	uagcaauucaguuuuagagagagauuuuguucucgcucuuaacgugaauugcuugc	scaffold2:104738239..104738295:+	PH1	scaffold2	+	104738239	104738295	no	20	PH
scaffold2_160146	81.0	67 +/- 3%	-	194	135	0	59	no	-	-	-	-	ucgcaaauuggaucuugaucc	auuaaguucucuaauuccug	ucgcaaauuggaucuugauccauuugguuuuuuauuaaguucucuaauuccug	scaffold2:105067743..105067796:+	AMP2	scaffold2	+	105067743	105067796	no	4	AMP
scaffold2_214921	69.7	76 +/- 4%	-	149	148	0	1	no	-	-	-	-	uggguguagagcauuuuauguga	uccugaauuuguaucauaccg	uggguguagagcauuuuaugugauguuugcuuauugacgagcauccugaauuuguaucauaccg	scaffold2:107155745..107155809:+	EC3	scaffold2	+	107155745	107155809	no	2	EC
scaffold2_156745	40.8	86 +/- 2%	-	82	61	0	21	yes	-	-	-	-	uccuguacuuuggcugaguugcu	cagcucuuucauuguauaaggaa	cagcucuuucauuguauaaggaagugacaauuccuguacuuuggcugaguugcu	scaffold2:108936739..108936793:+	PH1	scaffold2	+	108936739	108936793	no	11	PH
scaffold2_226572	26.2	76 +/- 2%	-	53	44	0	9	yes	-	-	-	-	uaaaaacguacauuaacuuaau	uuagguuauugugcguauuuac	uaaaaacguacauuaacuuaauuuauacauuagguuauugugcguauuuac	scaffold2:112899019..112899070:+	PL1	scaffold2	+	112899019	112899070	no	11	PL
scaffold2_165281	70.4	60 +/- 3%	-	149	142	0	7	yes	-	-	-	-	uaguaauucaguuuuagagagaa	cacucuuaacgggauuugcuugca	uaguaauucaguuuuagagagaaauuuuguuuucacucuuaacgggauuugcuugca	scaffold2:113404657..113404714:+	AMP1	scaffold2	+	113404657	113404714	no	9	AMP
scaffold2_164827	3882.3	67 +/- 3%	-	7621	7307	0	314	yes	-	-	-	-	uaaguauguaucuuugaaaaa	uuucauugauguaugcuuuau	uaaguauguaucuuugaaaaaugcaauuauuuuucauugauguaugcuuuau	scaffold2:114754188..114754240:+	AMP2	scaffold2	+	114754188	114754240	no	13	AMP
scaffold2_236415	22.7	67 +/- 3%	-	70	23	33	14	no	-	-	-	-	caggaguguauaaaaccau	uugugaaauauauauugcugauau	caggaguguauaaaaccaugugugcaauuuguccuuauuuucuuuggaacauuguaauaggauugugaaauauauauugcugauau	scaffold2:117226534..117226620:+	PDii1	scaffold2	+	117226534	117226620	no	2	PDii
scaffold2_169405	1180.3	67 +/- 3%	-	2336	1980	0	356	no	-	-	-	-	uuauucauugauguaugcuuag	uaguguguauccuugaagaacc	uaguguguauccuugaagaaccuuauaugguuauucauugauguaugcuuag	scaffold2:126268940..126268992:+	AMP2	scaffold2	+	126268940	126268992	no	29	AMP
scaffold2_169545	567.1	67 +/- 3%	-	1113	1018	0	95	yes	-	-	-	-	uuuuucauugauguaugcucgg	uaguguguauccuugaagaac	uaguguguauccuugaagaacauuauaugguuuuucauugauguaugcucgg	scaffold2:126672656..126672708:+	AMP2	scaffold2	+	126672656	126672708	no	6	AMP
scaffold2_170381	54.0	67 +/- 3%	-	124	114	0	10	yes	-	-	-	-	cuucauuaauguaugcuuugg	uaguguguaucuguguagaa	uaguguguaucuguguagaaccuuauuaugguucuucauuaauguaugcuuugg	scaffold2:127261219..127261273:+	AMP2	scaffold2	+	127261219	127261273	no	9	AMP
scaffold2_255447	530.3	72 +/- 3%	-	1039	992	0	47	yes	-	-	-	-	aguaguaguaguaguagu	uuauuauuauuauuauuauuauu	uuauuauuauuauuauuauuauuaguaguaguaguaguagu	scaffold2:131317282..131317323:+	PDii2	scaffold2	+	131317282	131317323	no	14	PDii
scaffold2_173453	454.0	67 +/- 3%	-	889	533	0	356	yes	-	-	-	-	uuuuucauugacguaugcuagg	uaguguguauccuugaagaacc	uaguguguauccuugaagaaccuuauaugguuuuucauugacguaugcuagg	scaffold2:133111520..133111572:+	AMP2	scaffold2	+	133111520	133111572	no	11	AMP
scaffold2_173891	111.1	67 +/- 3%	-	325	304	0	21	no	-	-	-	-	uagaaacucaaauuaagaucu	uuuuaaaauuguuguuuuauu	uuuuaaaauuguuguuuuauuuaaaaauuuguuuaauuuaaaaaaaaaauagaaacucaaauuaagaucu	scaffold2:134194120..134194190:+	AMP2	scaffold2	+	134194120	134194190	yes	9	AMP
scaffold2_177861	4448.9	67 +/- 3%	-	8749	8645	0	104	no	-	-	-	-	uucuucauugauuuaugcuuug	uaguguguaucuuuuaggaa	uaguguguaucuuuuaggaaccuuguuaugguucuucauugauuuaugcuuug	scaffold2:7060769..7060822:-	AMP2	scaffold2	-	7060769	7060822	no	14	AMP
scaffold2_277366	825.0	70 +/- 4%	-	1647	1637	6	4	no	-	-	-	-	uuagucugugcaguauag	uauaaaaggauugggauug	uauaaaaggauugggauugaaagauguugucauuucucauauuuguagauuagucugugcaguauag	scaffold2:19472307..19472374:-	EC2	scaffold2	-	19472307	19472374	no	3	EC
scaffold2_262524	739.8	67 +/- 3%	-	1462	1117	344	1	yes	-	-	-	-	uuagucugugcaguauag	uaagugaauuuagucaau	uaagugaauuuagucaauccauuuauaaaagaaaggauuggguuugaaagauguugucacuucuaauauauguagauuagucugugcaguauag	scaffold2:19532333..19532427:-	PDii1	scaffold2	-	19532333	19532427	no	5	PDii
scaffold2_188829	939.3	67 +/- 3%	-	1850	1069	0	781	yes	-	-	-	-	cacucuuaacgugauuugcuugc	uagcaauucgguuuuagagagag	uagcaauucgguuuuagagagagauuauguuucacucuuaacgugauuugcuugc	scaffold2:30488155..30488210:-	AMP2	scaffold2	-	30488155	30488210	no	29	AMP
scaffold2_188911	8905.6	67 +/- 3%	-	17470	6898	0	10572	yes	-	-	-	-	uuguguguaucuuugaauaacc	uuucauugauguauacuuugg	uuguguguaucuuugaauaaccuuauaugguuuuucauugauguauacuuugg	scaffold2:30522877..30522930:-	AMP2	scaffold2	-	30522877	30522930	no	17	AMP
scaffold2_191401	58.1	67 +/- 3%	-	112	111	0	1	yes	-	-	-	-	uuaccauaguacagagcggacc	uccgcucuguacuaugcuaaau	uccgcucuguacuaugcuaaauuauuccaaguguccgcucugcacaccaaauucaaauuuaccauaguacagagcggacc	scaffold2:35580328..35580408:-	AMP2	scaffold2	-	35580328	35580408	no	5	AMP
scaffold2_196654	3088.8	67 +/- 3%	-	6077	5739	0	338	no	-	-	-	-	uuguucauuggcguauacuug	ugguauauguuuuugaaaaacc	ugguauauguuuuugaaaaaccucacgcgguuguucauuggcguauacuug	scaffold2:46445471..46445522:-	AMP2	scaffold2	-	46445471	46445522	no	4	AMP
scaffold2_199375	22.0	67 +/- 3%	-	55	43	0	12	yes	-	-	-	-	uagcaauuggguuuuagagag	cgcuuuuaacgcgauuugcuugc	uagcaauuggguuuuagagagauuuuguucucgcuuuuaacgcgauuugcuugc	scaffold2:51692639..51692693:-	AMP2	scaffold2	-	51692639	51692693	no	3	AMP
scaffold2_277230	112.1	76 +/- 2%	-	225	97	0	128	yes	-	-	-	-	ucugcuauuguuacguaacugc	uguuauuuaauaaucuguagaau	uguuauuuaauaaucuguagaauaacacauucugcuauuguuacguaacugc	scaffold2:54361669..54361721:-	PL1	scaffold2	-	54361669	54361721	no	17	PL
scaffold2_188284	13684.0	58 +/- 3%	-	26842	26060	0	782	yes	-	-	-	-	cgcucuuaacgugaauugcu	caauucaguuuuagagagauu	caauucaguuuuagagagauuuuguucucgcucuuaacgugaauugcu	scaffold2:55070462..55070510:-	AMP3	scaffold2	-	55070462	55070510	no	26	AMP
scaffold2_189215	31.9	58 +/- 3%	-	60	57	0	3	yes	-	-	-	-	caaaaguuguucguguagcau	cuacacgaacgauuuuuguug	cuacacgaacgauuuuuguuggcgacaaaaguuguucguguagcau	scaffold2:57422276..57422322:-	AMP3	scaffold2	-	57422276	57422322	no	4	AMP
scaffold2_204754	1503.9	67 +/- 3%	-	2948	1231	0	1717	yes	-	-	-	-	uacuaguacuauugugugaugc	ugauacgauaguuucuaguaga	ugauacgauaguuucuaguagauuaauauucuacuaguacuauugugugaugc	scaffold2:62678265..62678318:-	AMP2	scaffold2	-	62678265	62678318	no	5	AMP
scaffold2_278899	907.9	48 +/- 4%	-	1810	1736	0	74	no	-	-	-	-	ugacaucugauuuugaauaag	uccaauuacuucaagucag	ugacaucugauuuugaauaaggacuuaacuucugccuuccaauuacuucaagucag	scaffold2:64554309..64554365:-	PH2	scaffold2	-	64554309	64554365	no	2	PH
scaffold2_209072	1803.0	60 +/- 3%	-	3560	3447	0	113	no	-	-	-	-	aggaccaaguagacaagugcu	gugcuaaaaucaagaugguug	gugcuaaaaucaagaugguugacggaggaccaaguagacaagugcu	scaffold2:71109778..71109824:-	AMP1	scaffold2	-	71109778	71109824	no	8	AMP
scaffold2_208532	2451.5	67 +/- 3%	-	4816	4809	0	7	yes	-	-	-	-	uagugugugucuuugacgaa	cuucauugauaaaugcuuagg	uagugugugucuuugacgaaccuuguuaugguucuucauugauaaaugcuuagg	scaffold2:71650788..71650842:-	AMP2	scaffold2	-	71650788	71650842	yes	14	AMP
scaffold2_306000	39.6	67 +/- 3%	-	117	65	2	50	no	-	-	-	-	agaugaaucagucaccaaaugu	uggagagucgaugaauguguau	agaugaaucagucaccaaauguguagaaaagugaauaaaacauggagagucgaugaauguguau	scaffold2:87127139..87127203:-	PDii1	scaffold2	-	87127139	87127203	no	5	PDii
scaffold2_306014	39.6	67 +/- 3%	-	117	65	2	50	no	-	-	-	-	agaugaaucagucaccaaaugu	uggagagucgaugaauguguau	agaugaaucagucaccaaauguguagaaaagugaauaaaacauggagagucgaugaauguguau	scaffold2:87152861..87152925:-	PDii1	scaffold2	-	87152861	87152925	no	5	PDii
scaffold2_217504	5013.0	67 +/- 3%	-	9837	9762	0	75	yes	-	-	-	-	uugcucauucgcauauacugga	ugguauauguuuuugauaaacc	ugguauauguuuuugauaaaccucauaagguugcucauucgcauauacugga	scaffold2:92064796..92064848:-	AMP2	scaffold2	-	92064796	92064848	yes	32	AMP
scaffold2_222243	5623.3	67 +/- 3%	-	11036	8645	0	2391	yes	-	-	-	-	uucuucauugauuuaugcuuug	uaguguuuaucuuugaggaa	uaguguuuaucuuugaggaaccuuguuaugguucuucauugauuuaugcuuug	scaffold2:103899445..103899498:-	AMP2	scaffold2	-	103899445	103899498	no	33	AMP
scaffold2_218879	4040.3	87 +/- 2%	-	7932	7877	0	55	yes	-	-	-	-	uguuauuuaauaaucaguagaau	ucugcuauuguuauguaacugc	uguuauuuaauaaucaguagaauaacacauucugcuauuguuauguaacugc	scaffold2:108089523..108089575:-	HL3	scaffold2	-	108089523	108089575	no	16	HL
scaffold2_227344	761.1	67 +/- 3%	-	1502	1305	0	197	yes	-	-	-	-	acaaaucuggaguauuauugga	caauuugcuuuuggauuugug	acaaaucuggaguauuauuggaacauauuuccaauuugcuuuuggauuugug	scaffold2:115771811..115771863:-	AMP2	scaffold2	-	115771811	115771863	no	26	AMP
scaffold2_190679	34.6	90 +/- 2%	-	65	19	0	46	yes	-	-	-	-	acgcggacuccgagaauaaca	uuauucucggaguccgcgcca	acgcggacuccgagaauaacaacauguuguuauucucggaguccgcgcca	scaffold2:120638052..120638102:-	HL1	scaffold2	-	120638052	120638102	no	4	HL
scaffold2_320978	3592.6	76 +/- 2%	-	7047	5108	0	1939	yes	-	-	-	-	uaguguguaucuuugaagaa	uuucauugaugcaugcuuugg	uaguguguaucuuugaagaacccuuuauaugguuuuucauugaugcaugcuuugg	scaffold2:128184625..128184680:-	PL1	scaffold2	-	128184625	128184680	yes	5	PL
scaffold2_233340	7656.0	67 +/- 3%	-	15018	15002	0	16	yes	-	-	-	-	uagcaauucaguuuuagagagag	ucucuuaacaugauuugcuugc	uagcaauucaguuuuagagagagauuuuguuuuucucuuaacaugauuugcuugc	scaffold2:129537493..129537548:-	AMP2	scaffold2	-	129537493	129537548	no	13	AMP
scaffold2_233958	1302.1	67 +/- 3%	-	2555	2057	0	498	yes	mmu-miR-219a-5p	-	-	-	agagcugugcuuggcaauuag	ugauuguccaaacgcaauucuuu	ugauuguccaaacgcaauucuuuuuuauaaagagcugugcuuggcaauuag	scaffold2:131530750..131530801:-	AMP2	scaffold2	-	131530750	131530801	no	19	AMP
scaffold2_344456	92.0	74 +/- 4%	-	188	183	0	5	no	-	-	-	-	ugagauaguguagaggaugu	ucuuccagagcuguuuuucug	ucuuccagagcuguuuuucuggggaaugagauaguguagaggaugu	scaffold2:136887256..136887302:-	GA2	scaffold2	-	136887256	136887302	no	2	GA
scaffold3_283409	2.2	76 +/- 2%	-	210	207	0	3	yes	-	-	-	-	auguuuauguauauauguaua	guauauguauauguauaug	guauauguauauguauaugugcauauguauguguauauguauguuuauguauauauguaua	scaffold3:293822..293883:+	PDi3	scaffold3	+	293822	293883	no	3	PDi
scaffold3_221798	3.8	60 +/- 3%	-	166	162	2	2	yes	-	-	-	-	cagacuugucaacgagccgag	ucggcucguugaaaagucu	ucggcucguugaaaagucuggucaugucccaaguguguagugugucacacuacacacuugggacaugaccagacuugucaacgagccgag	scaffold3:1485271..1485361:+	AMP3	scaffold3	+	1485271	1485361	no	4	AMP
scaffold3_235598	5593.6	87 +/- 2%	-	10994	7836	0	3158	no	-	-	-	-	uguuaauuaauaaucaguggaau	ucugcuauuguuacauaacugc	uguuaauuaauaaucaguggaaucacacauucugcuauuguuacauaacugc	scaffold3:7908367..7908419:+	HL3	scaffold3	+	7908367	7908419	no	28	HL
scaffold3_188721	252.6	68 +/- 3%	-	494	492	0	2	yes	-	-	-	-	cacuaucgacuuuuaucaccg	augauaaaaggcgauaguggg	cacuaucgacuuuuaucaccgauuucuugacagaugauaaaaggcgauaguggg	scaffold3:10685790..10685844:+	IST1	scaffold3	+	10685790	10685844	no	2	IST
scaffold3_196159	596.3	67 +/- 3%	-	1197	423	660	114	no	-	-	-	-	uuugaaagcgcguuucugg	uagagugacagcgggagagug	uagagugacagcgggagaguggagaauuucagcagagcgucuuuauaggccaaagaggaaauacauuugaaagcgcguuucugg	scaffold3:11850026..11850110:+	IST3	scaffold3	+	11850026	11850110	no	4	IST
scaffold3_241607	53.7	67 +/- 3%	-	115	97	0	18	yes	-	-	-	-	aauaaaugugcaucacuaaga	guuagugaugcacacuuauu	guuagugaugcacacuuauuuaauuuuugcaacauuuuaauucuuauauauuucgaauauaaaaauaaaugugcaucacuaaga	scaffold3:13340849..13340933:+	AMP2	scaffold3	+	13340849	13340933	no	6	AMP
scaffold3_241722	3273.3	67 +/- 3%	-	6419	5171	0	1248	yes	-	-	-	-	uagcaauucaguuuuagagag	gcucuuaacgugauuugcuugc	uagcaauucaguuuuagagagauuuuguugucgcucuuaacgugauuugcuugc	scaffold3:13415837..13415891:+	AMP2	scaffold3	+	13415837	13415891	no	27	AMP
scaffold3_334418	23.4	76 +/- 2%	-	50	49	0	1	yes	-	-	-	-	uucucuuugauuauaguggaag	uucgcuauuuucaaaugg	uucucuuugauuauaguggaagugaaucuuucgcuauuuucaaaugg	scaffold3:14950282..14950329:+	PL1	scaffold3	+	14950282	14950329	no	5	PL
scaffold3_242615	453.9	67 +/- 3%	-	889	533	0	356	yes	-	-	-	-	uuuuucauugacguaugcuagg	uaguguguauccuugaagaacc	uaguguguauccuugaagaaccuuauaugguuuuucauugacguaugcuagg	scaffold3:15328859..15328911:+	AMP2	scaffold3	+	15328859	15328911	no	11	AMP
scaffold3_244831	32.5	67 +/- 3%	-	73	65	0	8	yes	-	-	-	-	ugucauugaugugugcuuugg	uugugugcaucuuugaaaaaac	uugugugcaucuuugaaaaaaccuaauauggguugucauugaugugugcuuugg	scaffold3:19750823..19750877:+	AMP2	scaffold3	+	19750823	19750877	no	7	AMP
scaffold3_350372	116.2	67 +/- 3%	-	240	235	0	5	no	-	-	-	-	uguccauuggucuguguggaucc	uccacacucccgauuguugag	uguccauuggucuguguggauccuauacugccacuucuccaguccacacucccgauuguugag	scaffold3:20865536..20865599:+	PDii1	scaffold3	+	20865536	20865599	no	3	PDii
scaffold3_247795	49.2	67 +/- 3%	-	110	76	0	34	no	-	-	-	-	cauucuuaacauguuuugcuugc	uggcaaaucgguuguagaaggaga	uggcaaaucgguuguagaaggagauuuuagucucauucuuaacauguuuugcuugc	scaffold3:27063373..27063429:+	AMP2	scaffold3	+	27063373	27063429	no	16	AMP
scaffold3_195767	5535.6	68 +/- 3%	-	10860	10195	0	665	yes	-	-	-	-	uagcaauucaguuuuagagagag	gcucuuaacgugauuugcuugc	uagcaauucaguuuuagagagagguuuuguucuugcucuuaacgugauuugcuugc	scaffold3:31096835..31096891:+	IST1	scaffold3	+	31096835	31096891	yes	9	IST
scaffold3_373888	49.8	72 +/- 3%	-	137	113	20	4	no	-	-	-	-	uaggagaacauuugagauug	aagcgcgggugugaaacuugga	aagcgcgggugugaaacuuggaguaggaugauuggggagagaugagacagaacgugaggcagcagcacuguaggagaacauuugagauug	scaffold3:38374296..38374386:+	PDii2	scaffold3	+	38374296	38374386	no	2	PDii
scaffold3_253583	2.0	68 +/- 2%	-	237	225	7	5	yes	-	-	-	-	uguguguguguguauuguaug	cauauauauauauauauaua	cauauauauauauauauauauauauauauuauacauauauauauauauauguguguguguguauuguaug	scaffold3:38697068..38697138:+	AMP1	scaffold3	+	38697068	38697138	no	3	AMP
scaffold3_253845	38.7	60 +/- 3%	-	85	67	15	3	no	-	-	-	-	uaugauauggggaugcaucagcgg	gcucaguguaucgcucuauu	uaugauauggggaugcaucagcggucagggucgagguggcauauggaucaugcccagaaauacaacuaugaacggcucaguguaucgcucuauu	scaffold3:39459017..39459111:+	AMP1	scaffold3	+	39459017	39459111	no	2	AMP
scaffold3_255351	371.0	67 +/- 3%	-	728	710	0	18	yes	-	-	-	-	uugugcauaugcuacaggcuca	cguccgugguauugugcaucaaca	cguccgugguauugugcaucaacagcauauguguugugcauaugcuacaggcuca	scaffold3:44702339..44702394:+	AMP2	scaffold3	+	44702339	44702394	yes	24	AMP
scaffold3_257959	7656.1	67 +/- 3%	-	15021	15002	0	19	yes	-	-	-	-	uagcaauucaguuuuagagagag	ugcucuuaacaugaauugcu	uagcaauucaguuuuagagagagauuuuguucuugcucuuaacaugaauugcu	scaffold3:51185621..51185674:+	AMP2	scaffold3	+	51185621	51185674	no	5	AMP
scaffold3_259379	3918.9	67 +/- 3%	-	7713	7307	0	406	no	-	-	-	-	uaaguauguaucuuugaaaaa	ucucauugauguaugcuuugg	uaaguauguaucuuugaaaaaugcaauuauuucucauugauguaugcuuugg	scaffold3:53787380..53787432:+	AMP2	scaffold3	+	53787380	53787432	no	19	AMP
scaffold3_372515	89.9	67 +/- 3%	-	189	188	0	1	yes	-	-	-	-	guguguguguguguguug	aauauauauauauauauaua	aauauauauauauauauauauauauauauauagaauaaauguguguguguguguguug	scaffold3:56483127..56483185:+	PDii1	scaffold3	+	56483127	56483185	no	13	PDii
scaffold3_263302	265.3	67 +/- 3%	-	553	552	0	1	no	-	-	-	-	uguacugaagcagaaguug	ucuucauaguuuaaguac	uguacugaagcagaaguuguugucuucauaguuuaaguac	scaffold3:62939236..62939276:+	AMP2	scaffold3	+	62939236	62939276	no	2	AMP
scaffold3_359634	223.2	69 +/- 3%	-	454	393	0	61	no	-	-	-	-	ugguaaaucaggugaaguugugg	caagugaucaauuggauuuagg	caagugaucaauuggauuuagguagaaaaauugguaaaucaggugaaguugugg	scaffold3:64777636..64777690:+	PDii3	scaffold3	+	64777636	64777690	yes	9	PDii
scaffold3_265920	13562.6	60 +/- 3%	-	26618	23777	0	2841	no	-	-	-	-	ugcucuuugauuauaggggaag	uucgcuauuuucaaacagcugu	ugcucuuugauuauaggggaagugaaucuuucgcuauuuucaaacagcugu	scaffold3:66022541..66022592:+	AMP1	scaffold3	+	66022541	66022592	yes	33	AMP
scaffold3_296538	160.0	77 +/- 3%	-	342	336	0	6	no	-	-	-	-	ugguaaaucaggugaaguugugg	caagugaucaauaggauuuagguug	caagugaucaauaggauuuagguugaaaaauugguaaaucaggugaaguugugg	scaffold3:66318370..66318424:+	PDi1	scaffold3	+	66318370	66318424	no	4	PDi
scaffold3_361079	22.3	69 +/- 3%	-	62	56	0	6	no	-	-	-	-	cgaguuuuuaagucgguuaaucucu	agagagaauacaauguuuugg	agagagaauacaauguuuuggggauguggugguaugaacuacgaguuuuuaagucgguuaaucucu	scaffold3:66446896..66446962:+	PDii3	scaffold3	+	66446896	66446962	no	3	PDii
scaffold3_399470	134.7	70 +/- 4%	-	276	265	0	11	no	-	-	-	-	ugagauaguguagaggaugu	ucuuccagagcuguuuuucu	ucuuccagagcuguuuuucuggggaaugagauaguguagaggaugu	scaffold3:68083377..68083423:+	EC2	scaffold3	+	68083377	68083423	no	11	EC
scaffold3_173349	12.6	72 +/- 3%	-	21	16	0	5	yes	-	-	-	-	gauucauuguuugcauugcgc	cgcaauacaaacaaugaauc	cgcaauacaaacaaugaaucagcguaaacuuuaugcugauucauuguuugcauugcgc	scaffold3:71191787..71191845:+	IST2	scaffold3	+	71191787	71191845	no	5	IST
scaffold3_268721	83557.5	67 +/- 3%	-	163897	163593	0	304	yes	-	-	-	-	uagcaccaaguaaaagcgguuu	ccugcuuauauuugguguacaga	ccugcuuauauuugguguacagauuuucucuagcaccaaguaaaagcgguuu	scaffold3:74027625..74027677:+	AMP2	scaffold3	+	74027625	74027677	yes	32	AMP
scaffold3_252710	22940.0	58 +/- 3%	-	44998	44982	0	16	yes	-	-	-	-	uucuucauugauguaugcuuug	uaguguauaucuuuuaagaa	uaguguauaucuuuuaagaacuuuauuaugguucuucauugauguaugcuuug	scaffold3:76909136..76909189:+	AMP3	scaffold3	+	76909136	76909189	yes	6	AMP
scaffold3_271818	66436.4	67 +/- 3%	-	130311	129340	0	971	yes	-	-	-	-	aggcaguguagcuagcugguug	accagcugccaacacuguauucu	aggcaguguagcuagcugguugcuuuucaaccagcugccaacacuguauucu	scaffold3:81975466..81975518:+	AMP2	scaffold3	+	81975466	81975518	no	33	AMP
scaffold3_273567	8868.2	67 +/- 3%	-	17398	17144	0	254	yes	-	-	-	-	uaguguguaucuuugaagaa	uuucaccgauguaugcuuugg	uaguguguaucuuugaagaaccuuauaugguuuuucaccgauguaugcuuugg	scaffold3:87108341..87108394:+	AMP2	scaffold3	+	87108341	87108394	yes	26	AMP
scaffold3_275422	2842.1	67 +/- 3%	-	5577	5178	0	399	yes	-	-	-	-	ucuucaugauguuguauaacagu	uguuauauuuauugugaagugu	ucuucaugauguuguauaacagucuaaaaacuguuauauuuauugugaagugu	scaffold3:91433266..91433319:+	AMP2	scaffold3	+	91433266	91433319	yes	26	AMP
scaffold3_277290	37.8	60 +/- 3%	-	76	52	0	24	yes	-	-	-	-	uuguucguuucuugcugagga	cacaguuugaaauagacauuc	uuguucguuucuugcugaggaaguugaucuucuuccacaguuugaaauagacauuc	scaffold3:93828471..93828527:+	AMP1	scaffold3	+	93828471	93828527	no	7	AMP
scaffold3_277251	690.2	67 +/- 3%	-	1353	1018	0	335	yes	-	-	-	-	uuuuucauugauguaugcucgg	uaguguguauccuugaagaacc	uaguguguauccuugaagaaccguauaugguuuuucauugauguaugcucgg	scaffold3:96014353..96014405:+	AMP2	scaffold3	+	96014353	96014405	no	6	AMP
scaffold3_277811	4267.8	67 +/- 3%	-	8375	6669	0	1706	yes	-	-	-	-	uuuuucauuuauauaugcuugg	uaguguauauccuugaagaacu	uaguguauauccuugaagaacuuuauacaguuuuucauuuauauaugcuugg	scaffold3:97488016..97488068:+	AMP2	scaffold3	+	97488016	97488068	no	33	AMP
scaffold3_383769	72.1	76 +/- 2%	-	145	143	0	2	yes	-	-	-	-	uccacugauaaaaaaucaauag	uugauuuuuugucaaugugauc	uugauuuuuugucaaugugaucaauuauccacugauaaaaaaucaauag	scaffold3:98511622..98511671:+	PL1	scaffold3	+	98511622	98511671	no	17	PL
scaffold3_218364	131.7	68 +/- 3%	-	267	260	0	7	yes	-	-	-	-	uagcaauuggguuuuagagagag	cgcuuuuaacgcgauuugcuugc	uagcaauuggguuuuagagagagauuuuguucucgcuuuuaacgcgauuugcuugc	scaffold3:98550394..98550450:+	IST1	scaffold3	+	98550394	98550450	yes	20	IST
scaffold3_279509	7906.9	67 +/- 3%	-	15513	15512	0	1	yes	-	-	-	-	guuuccauugauguaugcuuug	uugugugcaucuuugaaaaccu	uugugugcaucuuugaaaaccugauauggguuuccauugauguaugcuuug	scaffold3:101670106..101670157:+	AMP2	scaffold3	+	101670106	101670157	no	7	AMP
scaffold3_279793	158727.5	67 +/- 3%	-	311339	311244	0	95	yes	-	-	-	-	uaaagcuagguuaccaaaguug	ccuuuggugaucuaacuugau	ccuuuggugaucuaacuugauuuuugacuaaagcuagguuaccaaaguug	scaffold3:102574801..102574851:+	AMP2	scaffold3	+	102574801	102574851	no	29	AMP
scaffold3_280496	37231.3	67 +/- 3%	-	73027	66723	0	6304	yes	-	-	-	-	uaguguguaacuuugaagaacc	uuuuuuauuguugcauacuugg	uaguguguaacuuugaagaaccuuuauaugguuuuuuauuguugcauacuugg	scaffold3:104262376..104262429:+	AMP2	scaffold3	+	104262376	104262429	yes	33	AMP
scaffold3_280527	104.1	67 +/- 3%	-	228	74	111	43	no	-	-	-	-	ugagauugccuucuguaa	uggaagagaguuaaacacu	ugagauugccuucuguaauugcuauaugaugaaaguucugcauauaccaguuaaaggucuuucgugugugugugugugguggaagagaguuaaacacu	scaffold3:104292095..104292193:+	AMP2	scaffold3	+	104292095	104292193	yes	6	AMP
scaffold3_220666	47.5	68 +/- 3%	-	93	92	0	1	yes	-	-	-	-	gcuccuauagcuaagucggu	ucgagcccgccuaggagcacu	gcuccuauagcuaagucgguuaaauugccauacuuauugaaaauauaggcagugaggaauuuggcgguucgagcccgccuaggagcacu	scaffold3:106199581..106199670:+	IST1	scaffold3	+	106199581	106199670	no	9	IST
scaffold3_281647	2257.1	67 +/- 3%	-	4430	3006	0	1424	yes	-	-	-	-	uugugugcaucuuugaauaacc	uuuuccauugauguguacuugg	uugugugcaucuuugaauaaccuuauaugguuuuccauugauguguacuugg	scaffold3:106787664..106787716:+	AMP2	scaffold3	+	106787664	106787716	no	33	AMP
scaffold3_282335	29.0	67 +/- 3%	-	56	52	0	4	yes	-	-	-	-	uucguaaguuauaaguucgu	cgaacuuaaaauuuacgaaca	uucguaaguuauaaguucguacgaacauauguugacgaacuuaaaauuuacgaaca	scaffold3:109028713..109028769:+	AMP2	scaffold3	+	109028713	109028769	no	15	AMP
scaffold3_288810	24.6	87 +/- 2%	-	47	26	0	21	yes	-	-	-	-	ucucacucacugcuguaggac	ucuacugcagugagagggacucc	ucucacucacugcuguaggacaagcgguacugcaauuucuucuagagcuaugguucuucuacugcagugagagggacucc	scaffold3:110616550..110616630:+	HL2	scaffold3	+	110616550	110616630	no	2	HL
scaffold3_389159	54.2	69 +/- 3%	-	118	103	0	15	no	-	-	-	-	guguuguucaauggaaugcaaga	cuuguguccacucaccaucccaga	cuuguguccacucaccaucccagacaugucaaagauuuucugcgagaagauccagaaaaagcccugguguuguucaauggaaugcaaga	scaffold3:116681127..116681216:+	PDii3	scaffold3	+	116681127	116681216	no	8	PDii
scaffold3_286477	413.1	67 +/- 3%	-	842	841	0	1	no	-	-	-	-	uuacucugcgacuuuugacgu	auucacuaggguuauagagua	uuacucugcgacuuuugacguuauucacuaggguuauagagua	scaffold3:117830795..117830838:+	AMP2	scaffold3	+	117830795	117830838	yes	2	AMP
scaffold3_269988	38.1	58 +/- 3%	-	100	98	0	2	no	-	-	-	-	guagagugacagcgggagagu	uugagaagagcgucuuuguau	guagagugacagcgggagaguagauaauuugagaagagcgucuuuguau	scaffold3:122972695..122972744:+	AMP3	scaffold3	+	122972695	122972744	no	2	AMP
scaffold3_272744	354.7	58 +/- 3%	-	706	699	0	7	no	-	-	-	-	ucaaagauuucuugaagcucg	gggaaaagaaaucaauggcuguu	ucaaagauuucuugaagcucggcgucggggaaaagaaaucaauggcuguu	scaffold3:6308524..6308574:-	AMP3	scaffold3	-	6308524	6308574	no	18	AMP
scaffold3_292267	522.6	67 +/- 3%	-	1050	498	537	15	no	-	-	-	-	ugucuugaguauacacugagc	uagaaacaagucagguugcaagu	uagaaacaagucagguugcaaguacaugaaacacuuuuacaaauagagauuaagucgaguugugucuugucuugaguauacacugagc	scaffold3:9310660..9310748:-	AMP2	scaffold3	-	9310660	9310748	yes	2	AMP
scaffold3_231555	41.7	68 +/- 3%	-	81	30	0	51	yes	-	-	-	-	uaauuccaacagcaaguca	ucuugcugugggaauugcaug	uaauuccaacagcaagucacauggaugucuugcugugggaauugcaug	scaffold3:15170098..15170146:-	IST1	scaffold3	-	15170098	15170146	yes	2	IST
scaffold3_296670	7688.1	67 +/- 3%	-	15083	15002	0	81	yes	-	-	-	-	uagcaauucaguuuuagagagag	auucuuaaugugaauugcuugc	uagcaauucaguuuuagagagagauuuuguucucauucuuaaugugaauugcuugc	scaffold3:18749652..18749708:-	AMP2	scaffold3	-	18749652	18749708	no	13	AMP
scaffold3_242422	93.4	67 +/- 3%	-	209	168	0	41	no	-	-	-	-	aagcaggagacaagugguaug	ugguacauuggagcuugagca	ugguacauuggagcuugagcaggcaacaugggugagaagcaggagacaagugguaug	scaffold3:19930475..19930532:-	IST3	scaffold3	-	19930475	19930532	no	2	IST
scaffold3_439971	128.4	74 +/- 4%	-	250	231	0	19	yes	-	-	-	-	auaccggagguauggcucuau	ugagacguagcuccgguauagc	ugagacguagcuccgguauagccuuuaauaucuaguugcuauaccggagguauggcucuau	scaffold3:27642388..27642449:-	GA2	scaffold3	-	27642388	27642449	no	19	GA
scaffold3_396830	23.5	75 +/- 3%	-	43	41	0	2	yes	-	-	-	-	guucagacuaucgauuuuuuaucag	ugauaacaaaucgauagucu	guucagacuaucgauuuuuuaucagcugaugauuuaucaucugauaacaaaucgauagucu	scaffold3:33237249..33237310:-	PDi2	scaffold3	-	33237249	33237310	no	3	PDi
scaffold3_248652	36.9	67 +/- 3%	-	79	77	0	2	yes	-	-	-	-	ucucuuaaugugauuugcuugc	uagcuuuucaguuuuugagagag	uagcuuuucaguuuuugagagagauauuuuguucucucuuaaugugauuugcuugc	scaffold3:38366633..38366689:-	IST3	scaffold3	-	38366633	38366689	no	3	IST
scaffold3_305580	15384.3	67 +/- 3%	-	30181	27521	0	2660	yes	cja-miR-124	-	-	-	uaaggcacgcggugaaugcuga	ugcauuaacugcgagucucuagu	ugcauuaacugcgagucucuaguccugaaacuaaggcacgcggugaaugcuga	scaffold3:40640223..40640276:-	AMP2	scaffold3	-	40640223	40640276	no	28	AMP
scaffold3_310832	18.0	87 +/- 2%	-	37	32	0	5	yes	-	-	-	-	ucuuguacuuuggcugaguugcu	cagcucuuucauuguauaaggaag	cagcucuuucauuguauaaggaagugacaauucuuguacuuuggcugaguugcu	scaffold3:64330747..64330801:-	HL3	scaffold3	-	64330747	64330801	no	4	HL
scaffold3_316316	2255.8	67 +/- 3%	-	4430	3006	0	1424	yes	-	-	-	-	uugugugcaucuuugaauaacc	uuuuccauugauguguacuugg	uugugugcaucuuugaauaaccuuauaugguuuuccauugauguguacuugg	scaffold3:65507289..65507341:-	AMP2	scaffold3	-	65507289	65507341	no	16	AMP
scaffold3_466478	28.5	74 +/- 4%	-	52	51	0	1	yes	-	-	-	-	gauucauuguuuguauugcgc	gcaaugcaaacaaugaaucag	gcaaugcaaacaaugaaucagcauaaaguuuacgcugauucauuguuuguauugcgc	scaffold3:71191786..71191843:-	GA2	scaffold3	-	71191786	71191843	no	6	GA
scaffold3_320600	10350.1	60 +/- 3%	-	20304	20294	0	10	yes	-	-	-	-	uaguguauauguuugaagaacc	uuuuucauuuauauaugcu	uaguguauauguuugaagaaccuuauaugguuuuucauuuauauaugcu	scaffold3:72049061..72049110:-	AMP1	scaffold3	-	72049061	72049110	no	13	AMP
scaffold3_474137	1097.6	72 +/- 3%	-	2166	2143	0	23	no	-	-	-	-	cuucauugauuuaugcuuugg	uagaguguaucuuugaggaa	uagaguguaucuuugaggaacuuuguuaugguucuucauugauuuaugcuuugg	scaffold3:74327042..74327096:-	PDii2	scaffold3	-	74327042	74327096	no	4	PDii
scaffold3_320993	237390.2	67 +/- 3%	-	465629	465162	0	467	yes	-	-	-	-	ucccugagaccugaacccauga	auggguaggcgucucaggcuug	ucccugagaccugaacccaugagaaagcccacucauggguaggcgucucaggcuug	scaffold3:76223234..76223290:-	AMP2	scaffold3	-	76223234	76223290	yes	16	AMP
scaffold3_324099	712017.2	67 +/- 3%	-	1396594	1391936	0	4658	yes	-	-	-	-	ucccugagaccuaagcccauga	augagcuaguugcucagguucu	ucccugagaccuaagcccaugacuaaguucaugagcuaguugcucagguucu	scaffold3:85026640..85026692:-	AMP2	scaffold3	-	85026640	85026692	no	32	AMP
scaffold3_325709	102245.5	60 +/- 3%	-	200549	191307	0	9242	yes	-	-	-	-	ugagguagugugauaaacaguu	cuguuguucauucuaccuucauc	ugagguagugugauaaacaguuuugaaccaacuguuguucauucuaccuucauc	scaffold3:85027602..85027656:-	AMP1	scaffold3	-	85027602	85027656	no	33	AMP
scaffold3_485384	334.8	72 +/- 3%	-	683	595	70	18	no	-	-	-	-	gugaugcauacaaucgug	cguuucaaguuuauuacauuuag	cguuucaaguuuauuacauuuagaucaaaugcagaguuuugcaauauaauacauuggaagaguugaacauugugugaugcauacaaucgug	scaffold3:93920319..93920410:-	PDii2	scaffold3	-	93920319	93920410	no	5	PDii
scaffold3_483218	1.5	76 +/- 3%	-	740	736	0	4	yes	-	-	-	-	uacaaaguuauggacaugu	uccauaccaauguaaaug	uacaaaguuauggacauguugcuugaacauguccauaccaauguaaaug	scaffold3:99964138..99964187:-	GA2	scaffold3	-	99964138	99964187	no	3	GA
scaffold3_332338	5703.4	60 +/- 3%	-	11191	11189	0	2	yes	-	-	-	-	uagcaauucaguuuuagagagag	gcucuuaacuugauuugcaugc	uagcaauucaguuuuagagagagauuuuguucucgcucuuaacuugauuugcaugc	scaffold3:101115337..101115393:-	AMP1	scaffold3	-	101115337	101115393	no	6	AMP
scaffold3_473634	60.6	67 +/- 3%	-	120	62	1	57	yes	-	-	-	-	ugaugaugaugaugaugaugaug	ugaugaugaugaugaugaug	ugaugaugaugaugaugaugaugaugaugaugaugaugaugaugaugaugaugaugaugaugauguaugaugaugaugaugaugaugaugaugaug	scaffold3:101963936..101964032:-	PDii1	scaffold3	-	101963936	101964032	no	4	PDii
scaffold3_332902	123.4	67 +/- 3%	-	282	274	0	8	no	-	-	-	-	aucucucauugcacuauguagg	uacauaauacauuugaaagauaa	uacauaauacauuugaaagauaaaauaugaauaucucucauugcacuauguagg	scaffold3:105924928..105924982:-	AMP2	scaffold3	-	105924928	105924982	no	13	AMP
scaffold3_312933	24.9	58 +/- 3%	-	57	20	0	37	no	-	-	-	-	uagagggcuaugacccagaaaagg	ugucuggaguguaugcugaa	ugucuggaguguaugcugaacucuacuuuaaggcaaacaaccccaagguagagggcuaugacccagaaaagg	scaffold3:107675862..107675934:-	AMP3	scaffold3	-	107675862	107675934	no	2	AMP
scaffold3_341985	24.9	87 +/- 2%	-	47	26	0	21	yes	-	-	-	-	ucucacucacugcuguaggac	ucuacugcagugagagggacucc	ucucacucacugcuguaggacaagcguuacugcaauuucuucuagaguuaugguucuucuacugcagugagagggacucc	scaffold3:110240442..110240522:-	HL2	scaffold3	-	110240442	110240522	no	2	HL
scaffold3_279394	30.5	90 +/- 2%	-	59	41	0	18	yes	-	-	-	-	ucucacucacugcuguaggac	cuacugcagugagagggaccc	ucucacucacugcuguaggacaagcgguacugcaauuucuucuagagcuaugguucuucuacugcagugagagggaccc	scaffold3:110608747..110608826:-	HL1	scaffold3	-	110608747	110608826	no	2	HL
scaffold3_336102	37856.2	67 +/- 3%	-	74271	72687	0	1584	no	-	-	-	-	uucuucauugauguaugcuuug	uaguguguaucuuugaauaacc	uaguguguaucuuugaauaaccuauuaugauucuucauugauguaugcuuug	scaffold3:114600991..114601043:-	AMP2	scaffold3	-	114600991	114601043	no	18	AMP
scaffold3_491900	273.3	74 +/- 4%	-	588	561	0	27	no	-	-	-	-	caaaugauuuaaacuuuuccugaaa	uuuaaugauguuuagaugacg	uuuaaugauguuuagaugacgagaaugaucaaaugauuuaaacuuuuccugaaa	scaffold3:114757885..114757939:-	GA2	scaffold3	-	114757885	114757939	no	3	GA
scaffold3_505982	964.3	70 +/- 4%	-	1951	1893	0	58	no	-	-	-	-	caauugauuuaaacuuuuucugaaa	uuuaaugauguuuagaugacg	uuuaaugauguuuagaugacgagaaugaucaauugauuuaaacuuuuucugaaa	scaffold3:114764815..114764869:-	EC2	scaffold3	-	114764815	114764869	no	10	EC
scaffold3_457330	632.2	48 +/- 4%	-	1249	1248	0	1	no	-	-	-	-	uugacgucauuguuuucccg	uggugauuggacgugguuc	uggugauuggacgugguuccauugacgucauuguuuucccg	scaffold3:116684643..116684684:-	PH2	scaffold3	-	116684643	116684684	no	5	PH
scaffold3_508439	330.8	70 +/- 4%	-	674	664	0	10	no	-	-	-	-	uaguuaagggauaugguagc	uacauuucuguuaauauugauu	uaguuaagggauaugguagcagugaaacuuuuacauuucuguuaauauugauu	scaffold3:117839188..117839241:-	EC2	scaffold3	-	117839188	117839241	no	22	EC
scaffold3_333949	5622.4	87 +/- 2%	-	11034	7877	0	3157	yes	-	-	-	-	uguuauuuaauaaucaguagaau	ucugcuauuguuacauaacugc	uguuauuuaauaaucaguagaauaacacauucugcuauuguuacauaacugc	scaffold3:120919226..120919278:-	HL3	scaffold3	-	120919226	120919278	no	18	HL
scaffold3_339526	8780.7	67 +/- 3%	-	17224	17144	0	80	yes	-	-	-	-	uaguguguaucuuugaagaa	ucucacugauguaugcuuugg	uaguguguaucuuugaagaaccuuauaugguuucucacugauguaugcuuugg	scaffold3:121706522..121706575:-	AMP2	scaffold3	-	121706522	121706575	yes	12	AMP
scaffold4_410256	24.5	76 +/- 4%	-	46	40	0	6	yes	-	-	-	-	gauuucuucgugaucgucaca	gacgaucacaaggaaaucgaa	gacgaucacaaggaaaucgaacgcacccgauuucuucgugaucgucaca	scaffold4:9585201..9585250:+	GA1	scaffold4	+	9585201	9585250	no	6	GA
scaffold4_347175	410.2	60 +/- 3%	-	806	782	0	24	yes	-	-	-	-	uugugugcaucuuugaauaacc	uuucauugaugugcacuuugg	uugugugcaucuuugaauaaccuuauaugguuuuucauugaugugcacuuugg	scaffold4:12655385..12655438:+	AMP1	scaffold4	+	12655385	12655438	no	4	AMP
scaffold4_272508	1.8	76 +/- 2%	-	1322	1299	1	22	yes	-	-	-	-	cgaguguucgugcggagcaua	uaugcuccgacgaaaaaaaucaucg	cgaguguucgugcggagcauagagcucgaaagaagaaacauaugcuccgacgaaaaaaaucaucg	scaffold4:17637619..17637684:+	IST1	scaffold4	+	17637619	17637684	no	5	IST
scaffold4_347410	199.9	67 +/- 3%	-	416	283	0	133	no	-	-	-	-	guucauugauguaugcuuggg	uaguguguaucuuugaaaaa	uaguguguaucuuugaaaaacuuuauauaauuguucauugauguaugcuuggg	scaffold4:18061099..18061152:+	AMP2	scaffold4	+	18061099	18061152	no	22	AMP
scaffold4_284545	359.8	67 +/- 3%	-	715	621	0	94	yes	-	-	-	-	gcucuuaacgugauuugcuugc	uaguaauucaguuuuagagagaa	uaguaauucaguuuuagagagaaauuuuguuuuugcucuuaacgugauuugcuugc	scaffold4:19743935..19743991:+	IST3	scaffold4	+	19743935	19743991	no	8	IST
scaffold4_314297	88.4	73 +/- 3%	-	216	196	14	6	no	-	-	-	-	uaagagaguauuuaggaaucu	caauccuucauagaucuuuu	caauccuucauagaucuuuugaccaagagauauaacaaaaaacaagauaaauacacugaaaaggcuaagagaguauuuaggaaucu	scaffold4:20500881..20500967:+	SMA3	scaffold4	+	20500881	20500967	yes	2	SMA
scaffold4_352298	271.3	60 +/- 3%	-	564	560	1	3	no	-	-	-	-	guagacaagugcucaagauca	gucuugguagugcuaaaauc	gucuugguagugcuaaaaucuagaugguugacagaggacgaaguagacaagugcucaagauca	scaffold4:24561350..24561413:+	AMP1	scaffold4	+	24561350	24561413	no	3	AMP
scaffold4_350217	2741.9	67 +/- 3%	-	5379	3399	0	1980	yes	-	-	-	-	uuucacugauguacgcuuugg	uaguguguaucuuugaaga	uaguguguaucuuugaagagccuuacaugguuuuucacugauguacgcuuugg	scaffold4:24768880..24768933:+	AMP2	scaffold4	+	24768880	24768933	no	29	AMP
scaffold4_529895	961.6	70 +/- 4%	-	1925	1924	0	1	no	-	-	-	-	guccugucacggucgcca	gguaacuagguaucacguca	gguaacuagguaucacgucaaaguccugucacggucgcca	scaffold4:27329243..27329283:+	EC2	scaffold4	+	27329243	27329283	no	4	EC
scaffold4_288457	39.0	67 +/- 3%	-	81	77	0	4	yes	-	-	-	-	ucucuuaaugugauuugcuugc	uagcuauucaguuuuugagagag	uagcuauucaguuuuugagagagauauuuuguucucucucuuaaugugauuugcuugc	scaffold4:31481576..31481634:+	IST3	scaffold4	+	31481576	31481634	no	5	IST
scaffold4_289203	23.3	67 +/- 3%	-	50	14	0	36	yes	-	-	-	-	auauauauauauauaaggcuu	uguguuguguuguauguguug	auauauauauauauaaggcuuuauaagugcaguguaauuuacuacuuuuguugugcuguguuguguuguauguguug	scaffold4:34096782..34096859:+	IST3	scaffold4	+	34096782	34096859	no	2	IST
scaffold4_489515	682.1	76 +/- 2%	-	1335	1305	0	30	yes	-	-	-	-	caucaaaagguucucgucug	gacgagcaucuuuuugacgua	gacgagcaucuuuuugacguauaucaaaugauguacaucaaaagguucucgucug	scaffold4:37087829..37087884:+	PL1	scaffold4	+	37087829	37087884	no	7	PL
scaffold4_355680	179421.4	67 +/- 3%	-	351928	341987	0	9941	yes	-	-	-	-	uugugaccguuuaaauggggau	cccugucuuuacgguuacgucag	uugugaccguuuaaauggggauuucuuaaaaucccugucuuuacgguuacgucag	scaffold4:39274311..39274366:+	AMP2	scaffold4	+	39274311	39274366	no	33	AMP
scaffold4_489441	28.7	69 +/- 3%	-	63	62	0	1	no	-	-	-	-	ugguuaugaaauauagcgggaga	ucccacgcuguaacaccaccg	ugguuaugaaauauagcgggagagaaguaagguggcuuucccacgcuguaacaccaccg	scaffold4:44077050..44077109:+	PDii3	scaffold4	+	44077050	44077109	no	3	PDii
scaffold4_301410	209.8	90 +/- 2%	-	409	357	51	1	yes	-	-	-	-	uauguauauauuauguaua	auauauauauauauauucguc	uauguauauauuauguauauauauauauauauauauauauauauauauguauauauauauauauauauauauauauauauauauucguc	scaffold4:47810613..47810702:+	HL1	scaffold4	+	47810613	47810702	no	7	HL
scaffold4_406444	163.1	77 +/- 3%	-	342	336	0	6	no	-	-	-	-	ugguaaaucaggugaaguugugg	caagugaucaauaggauuuagguug	caagugaucaauaggauuuagguugaaaaauugguaaaucaggugaaguugugg	scaffold4:52075425..52075479:+	PDi1	scaffold4	+	52075425	52075479	no	5	PDi
scaffold4_296205	213.7	67 +/- 3%	-	421	419	0	2	yes	-	-	-	-	uagugugugucuuuaaagaacc	uucuuuauugacauuugcuuugc	uagugugugucuuuaaagaaccuuauuaugguucuuuauugacauuugcuuugc	scaffold4:52105978..52106032:+	IST3	scaffold4	+	52105978	52106032	no	7	IST
scaffold4_357773	56.2	86 +/- 2%	-	117	107	0	10	yes	-	-	-	-	uaacauaggaucaugcugg	ccuugugauccuugguucccu	ccuugugauccuugguucccuuaacauaggaucaugcugg	scaffold4:59761772..59761812:+	PH1	scaffold4	+	59761772	59761812	no	4	PH
scaffold4_370478	178.3	67 +/- 3%	-	367	283	0	84	no	-	-	-	-	guucauugauguaugcuuggg	caguguguaucuuugaggaa	caguguguaucuuugaggaacuuuauaucauuguucauugauguaugcuuggg	scaffold4:66395455..66395508:+	AMP2	scaffold4	+	66395455	66395508	no	22	AMP
scaffold4_371616	5461.4	67 +/- 3%	-	10713	9889	0	824	yes	-	-	-	-	uuacaaggucauuuguaguauug	auucugcauugauuuuguaaua	uuacaaggucauuuguaguauugugugcugugcaauucugcauugauuuuguaaua	scaffold4:68773948..68774004:+	AMP2	scaffold4	+	68773948	68774004	no	33	AMP
scaffold4_296035	9949.0	68 +/- 3%	-	19521	19490	0	31	yes	-	-	-	-	guuuccauugauguaugcuuug	uugugugcaucuuugaaaaacc	uugugugcaucuuugaaaaaccugguauggguuuccauugauguaugcuuug	scaffold4:81047560..81047612:+	IST1	scaffold4	+	81047560	81047612	no	33	IST
scaffold4_377609	14159.1	67 +/- 3%	-	27799	25237	0	2562	no	-	-	-	-	uaguguguaucuuugcaaaacc	uuuucauugauucauacuugg	uaguguguaucuuugcaaaacccuaugcgauuuucauugauucauacuugg	scaffold4:82821650..82821701:+	AMP2	scaffold4	+	82821650	82821701	no	24	AMP
scaffold4_380145	20.2	60 +/- 3%	-	46	31	8	7	no	-	-	-	-	gcauuaguggucuagugg	cgauucccggcuaaugcauuu	gcauuaguggucuagugguaugaugucacacucccaagguggcgacccgggugcgauucccggcuaaugcauuu	scaffold4:85180457..85180531:+	AMP1	scaffold4	+	85180457	85180531	no	2	AMP
scaffold4_379625	31332.9	67 +/- 3%	-	61457	59995	0	1462	yes	-	-	-	-	ucgcuauuuucaaaucgguau	uccgguuuguuuauagcggua	uccgguuuguuuauagcgguaguaauaucuaucgcuauuuucaaaucgguau	scaffold4:87373760..87373812:+	AMP2	scaffold4	+	87373760	87373812	yes	33	AMP
scaffold4_518958	332.3	48 +/- 4%	-	665	664	0	1	no	-	-	-	-	ugugaagaacgauugaugucg	uccaucaggacuugcgcuuugcac	ugugaagaacgauugaugucggacggucaaaaaaugcugauuugagcauuuccaaguguauccaucaggacuugcgcuuugcac	scaffold4:95037426..95037510:+	PH2	scaffold4	+	95037426	95037510	no	8	PH
scaffold4_388105	2430.1	67 +/- 3%	-	4786	4294	0	492	yes	-	-	-	-	guuuuuauugauguaugcuuug	uagugugugucuuugaagaa	uagugugugucuuugaagaaccuuauuaugguuuuuauugauguaugcuuug	scaffold4:109044227..109044279:+	AMP2	scaffold4	+	109044227	109044279	no	7	AMP
scaffold4_390380	3737.2	60 +/- 3%	-	7333	7321	0	12	yes	-	-	-	-	cuucauugauauaugcuuagg	uugugugugucuuugacgaa	uugugugugucuuugacgaaccuuguuaugguucuucauugauauaugcuuagg	scaffold4:110718531..110718585:+	AMP1	scaffold4	+	110718531	110718585	no	12	AMP
scaffold4_554587	929.7	75 +/- 2%	-	1830	1799	0	31	yes	-	-	-	-	uaguguguaucuuugaauaa	cuucauugaugcgugcuuuga	uaguguguaucuuugaauaaccuuauauggcucuucauugaugcgugcuuuga	scaffold4:119687222..119687275:+	PL3	scaffold4	+	119687222	119687275	no	11	PL
scaffold4_254879	97.3	72 +/- 3%	-	191	174	0	17	yes	-	-	-	-	cuucauugaugcgugcuuuga	uaguauguaucuuugaauaacc	uaguauguaucuuugaauaaccuuauauggcucuucauugaugcgugcuuuga	scaffold4:119688599..119688652:+	IST2	scaffold4	+	119688599	119688652	no	19	IST
scaffold4_396086	207.5	67 +/- 3%	-	422	286	0	136	yes	-	-	-	-	ucuuaacgugauuugcuugca	uaguaauucaguuuuagagagaa	uaguaauucaguuuuagagagaaauuuuguuuucgaucuuaacgugauuugcuugca	scaffold4:4795138..4795195:-	AMP2	scaffold4	-	4795138	4795195	no	17	AMP
scaffold4_589236	2.3	73 +/- 2%	-	107	100	0	7	yes	-	-	-	-	ugcguucagacgagcaucuuuuug	ucucgucugaacgcaccuuua	ugcguucagacgagcaucuuuuugacguauaucaaaugauauacaugaaaagguucucgucugaacgcaccuuua	scaffold4:9368230..9368305:-	PDii2	scaffold4	-	9368230	9368305	no	2	PDii
scaffold4_325888	29.3	67 +/- 3%	-	65	40	0	25	yes	-	-	-	-	uuugcauugauucaugcuugg	uagugugcgucuuugcaaaacc	uagugugcgucuuugcaaaaccuuauuugauuuugcauugauucaugcuugg	scaffold4:18051024..18051076:-	IST3	scaffold4	-	18051024	18051076	no	4	IST
scaffold4_401160	582852.3	67 +/- 3%	-	1143246	1106808	0	36438	yes	-	-	-	-	agaugacaugugagacaaauga	cuuugucucauuuugucuuucuug	cuuugucucauuuugucuuucuuguuuuccaagaugacaugugagacaaauga	scaffold4:18339481..18339534:-	AMP2	scaffold4	-	18339481	18339534	yes	33	AMP
scaffold4_401203	86.5	67 +/- 3%	-	177	151	22	4	no	-	-	-	-	cgaguccugcgguggucgau	guggccgcguggcucaauug	guggccgcguggcucaauuggauagagcaccugacuacggaucaggagguugcagguucgaguccugcgguggucgau	scaffold4:18401121..18401199:-	AMP2	scaffold4	-	18401121	18401199	no	4	AMP
scaffold4_597824	89.2	72 +/- 3%	-	203	201	0	2	no	-	-	-	-	cggaauggaaacguugaaac	uucaaaguuucuacuugauuuguu	uucaaaguuucuacuugauuuguucggaauggaaacguugaaac	scaffold4:22915145..22915189:-	PDii2	scaffold4	-	22915145	22915189	no	3	PDii
scaffold4_328735	19.6	67 +/- 3%	-	35	24	1	10	yes	-	-	-	-	uggguaguucucauggcugcc	agucaugagaacuacccacac	uggguaguucucauggcugccaucacaaaucaaagaaaacaaaguuuaaaauagucaugagaacuacccacac	scaffold4:25520161..25520234:-	IST3	scaffold4	-	25520161	25520234	no	3	IST
scaffold4_404501	77.5	67 +/- 3%	-	149	115	0	34	yes	-	-	-	-	uggguaguucucauggcugcc	agucaugagaacuacccaca	uggguaguucucauggcugccaucagaaaucaaaguaaacaaauuuuaaaauagucaugagaacuacccaca	scaffold4:25579210..25579282:-	AMP2	scaffold4	-	25579210	25579282	no	8	AMP
scaffold4_405527	6828.4	67 +/- 3%	-	13398	13365	0	33	yes	-	-	-	-	cuucauugauguaugcuuagg	uagugugugucuuuggcgaa	uagugugugucuuuggcgaaccuuguuaugguucuucauugauguaugcuuagg	scaffold4:28838167..28838221:-	AMP2	scaffold4	-	28838167	28838221	no	29	AMP
scaffold4_405565	6828.3	67 +/- 3%	-	13398	13365	0	33	yes	-	-	-	-	cuucauugauguaugcuuagg	uagugugugucuuuggcgaa	uagugugugucuuuggcgaaccuuguuaugguucuucauugauguaugcuuagg	scaffold4:28941566..28941620:-	AMP2	scaffold4	-	28941566	28941620	no	29	AMP
scaffold4_398286	40.8	86 +/- 2%	-	82	61	0	21	yes	-	-	-	-	uccuguacuuuggcugaguugcu	cagcucuuucauuguauaaggaa	cagcucuuucauuguauaaggaagugacaauuccuguacuuuggcugaguugcu	scaffold4:37058439..37058493:-	PH1	scaffold4	-	37058439	37058493	no	11	PH
scaffold4_508012	0.5	67 +/- 2%	-	13963	13933	0	30	yes	-	-	-	-	uaguguguaucuuugaggaa	uuguucauugauauaugcuugg	uaguguguaucuuugaggaauuuuauauaguuguucauugauauaugcuugg	scaffold4:37087994..37088046:-	SMA1	scaffold4	-	37087994	37088046	no	25	SMA
scaffold4_323004	1.3	76 +/- 2%	-	4216724	4212764	0	3960	yes	-	-	-	-	uggaauguaaugaaguauggau	auacuucacuauauucgcaaa	auacuucacuauauucgcaaauaaccaaaauggaauguaaugaaguauggau	scaffold4:42120897..42120949:-	IST1	scaffold4	-	42120897	42120949	no	33	IST
scaffold4_416129	490.1	67 +/- 3%	-	961	571	0	390	yes	-	-	-	-	uagcaauucaguuguagagagag	gcucauaacgugauuugcuugc	uagcaauucaguuguagagagagauuuuguucucgcucauaacgugauuugcuugc	scaffold4:48495362..48495418:-	AMP2	scaffold4	-	48495362	48495418	no	27	AMP
scaffold4_418747	70.5	60 +/- 3%	-	157	99	0	58	no	-	-	-	-	ggaggccagacauaguagug	uacugugggacuucaacauac	uacugugggacuucaacauacaaacaagcaaggugauacaagcaaggaggccagacauaguagug	scaffold4:51532004..51532069:-	AMP1	scaffold4	-	51532004	51532069	no	4	AMP
scaffold4_422428	4154.4	60 +/- 3%	-	8181	8162	0	19	no	-	-	-	-	uuguucauugauauaugcuucgg	uagugugcaucuuugaagaa	uagugugcaucuuugaagaacuuuauuaugguuguucauugauauaugcuucgg	scaffold4:58755407..58755461:-	AMP1	scaffold4	-	58755407	58755461	no	27	AMP
scaffold4_570538	297.3	48 +/- 4%	-	593	366	226	1	no	-	-	-	-	gucccgaguaguauagug	cgcucgggaguaauuuuu	gucccgaguaguauagugguuaguaucucagucugucacauugaagaccgggguucgauuccucgcucgggaguaauuuuu	scaffold4:60220879..60220960:-	PH2	scaffold4	-	60220879	60220960	yes	5	PH
scaffold4_618942	197.3	74 +/- 4%	-	386	309	25	52	yes	-	-	-	-	cgauuccccgcucgggagcaa	gucccgaguaguauagug	gucccgaguaguauagugguuuaguaucucagucugucacauugaagaccggggugcgauuccccgcucgggagcaa	scaffold4:60229300..60229377:-	GA2	scaffold4	-	60229300	60229377	no	4	GA
scaffold4_602717	33.2	67 +/- 3%	-	75	70	0	5	no	-	-	-	-	gguuaguaucucagucuguc	ugaagaccgggguucgauu	gguuaguaucucagucugucauagugaagaccgggguucgauu	scaffold4:60290866..60290909:-	PDii1	scaffold4	-	60290866	60290909	no	5	PDii
scaffold4_422062	13733.8	67 +/- 3%	-	26971	26066	0	905	no	-	-	-	-	uuucacugauguaugcuuugg	uaguguauaucuuugaagaa	uaguguauaucuuugaagaaccuuauaugauauuucacugauguaugcuuugg	scaffold4:60912110..60912163:-	AMP2	scaffold4	-	60912110	60912163	no	8	AMP
scaffold4_425424	78.1	67 +/- 3%	-	178	53	0	125	no	-	-	-	-	ugauaaaguucauauagcgaauu	ucgucaugacuucauugu	ugauaaaguucauauagcgaauuucauuuacaguugaaugaacaaugauaaucuucgucaugacuucauugu	scaffold4:67484551..67484623:-	AMP2	scaffold4	-	67484551	67484623	no	9	AMP
scaffold4_426557	28209.9	67 +/- 3%	-	55346	54100	0	1246	yes	-	-	-	-	uuucauugauguacgcuuugg	uaaguauauaucuuugaaaaa	uaaguauauaucuuugaaaaaugaaauuauuuuucauugauguacgcuuugg	scaffold4:69968133..69968185:-	AMP2	scaffold4	-	69968133	69968185	no	33	AMP
scaffold4_579849	226.5	69 +/- 3%	-	464	405	0	59	no	-	-	-	-	ugguaaaucaggugaaguugugg	caagugaucaauuggauuuagg	caagugaucaauuggauuuagguagggaaauugguaaaucaggugaaguugugg	scaffold4:70652743..70652797:-	PDii3	scaffold4	-	70652743	70652797	no	14	PDii
scaffold4_417128	31.0	86 +/- 2%	-	75	54	0	21	no	-	-	-	-	uccuguacuuuggcugagucgcu	cagcucuuucauuguauaaggaa	cagcucuuucauuguauaaggaagugacaauuccuguacuuuggcugagucgcu	scaffold4:72840862..72840916:-	PH1	scaffold4	-	72840862	72840916	no	6	PH
scaffold4_479343	75.3	77 +/- 3%	-	164	96	67	1	no	-	-	-	-	ggaucauucaagacagucagucu	cugguugcguugaagcaaaa	ggaucauucaagacagucagucuuagacaggcauuguaagagcaaaaugcacauggaaaaugccucaaaacugguugcguugaagcaaaa	scaffold4:73089758..73089848:-	PDi1	scaffold4	-	73089758	73089848	yes	2	PDi
scaffold4_428722	4586.4	67 +/- 3%	-	8996	8725	0	271	yes	str-miR-124-3p	-	-	-	uaaggcacgcggugaaugcuaa	ugcauucguugugaugcccuuagu	ugcauucguugugaugcccuuaguaaaauacuaaggcacgcggugaaugcuaa	scaffold4:73764980..73765033:-	AMP2	scaffold4	-	73764980	73765033	no	28	AMP
scaffold4_428996	906.5	67 +/- 3%	-	1779	1036	0	743	yes	-	-	-	-	uuuugcauugaugaaugcuaga	uaggguucaucuuuguagaacc	uaggguucaucuuuguagaaccuuaauaugguuuugcauugaugaaugcuaga	scaffold4:74725740..74725793:-	AMP2	scaffold4	-	74725740	74725793	no	13	AMP
scaffold4_429366	1825.8	67 +/- 3%	-	3585	3006	0	579	yes	-	-	-	-	uugugugcaucuuugaauaacc	uuuuucauuaauguauacuuugg	uugugugcaucuuugaauaaccuuauaugguuuuucauuaauguauacuuugg	scaffold4:75684639..75684692:-	AMP2	scaffold4	-	75684639	75684692	no	28	AMP
scaffold4_432230	22.6	67 +/- 3%	-	64	57	1	6	no	-	-	-	-	aguuucuuugcauuugcauuu	augcgaaugaaaugaaauuaa	augcgaaugaaaugaaauuaaugacggaaucuacauuuuaguuucuuugcauuugcauuu	scaffold4:83212259..83212319:-	AMP2	scaffold4	-	83212259	83212319	yes	6	AMP
scaffold4_432301	117480.8	67 +/- 3%	-	230432	226750	194	3488	yes	-	-	-	-	uaaaaucucacuaggaagca	cauccuggugagguuuuucuu	uaaaaucucacuaggaagcauuauggccuuguacaugagcauccuggugagguuuuucuu	scaffold4:83435418..83435478:-	AMP2	scaffold4	-	83435418	83435478	no	33	AMP
scaffold4_352905	52.0	67 +/- 3%	-	100	76	0	24	yes	-	-	-	-	gucgcacacugccguuaagg	guaacggcugugugugacuc	guaacggcugugugugacucccucuugauagucgcacacugccguuaagg	scaffold4:88609157..88609207:-	IST3	scaffold4	-	88609157	88609207	no	9	IST
scaffold4_590891	19.0	69 +/- 3%	-	60	45	0	15	no	-	-	-	-	cgacuuacuagagaacaacgagu	ugucuaaugaaaaugcugccga	cgacuuacuagagaacaacgaguagcugcugugaaauuuuucuacuugucuaaugaaaaugcugccga	scaffold4:90360384..90360452:-	PDii3	scaffold4	-	90360384	90360452	no	3	PDii
scaffold4_630317	186.5	75 +/- 3%	-	377	267	109	1	no	-	-	-	-	ugcugaaucaaugucucaauaug	ugauugaagaaaaugacagcg	ugauugaagaaaaugacagcggcacuuggcggaucuuuuggauguaggaaaagauacugucaaaaccaugcugaaucaaugucucaauaug	scaffold4:99160772..99160863:-	DI1	scaffold4	-	99160772	99160863	no	7	DI
scaffold4_439299	8965.8	67 +/- 3%	-	17588	17191	0	397	yes	-	-	-	-	uuucauugauauaugcuuagg	uaguguauauuuuugagaaa	uaguguauauuuuugagaaaccuuauaugguuuuucauugauauaugcuuagg	scaffold4:103984809..103984862:-	AMP2	scaffold4	-	103984809	103984862	no	31	AMP
scaffold4_413603	82.2	58 +/- 3%	-	219	209	0	10	yes	-	-	-	-	auacauaaacauauauacaua	uauacauauauauauauau	auacauaaacauauauacauauauacacacauauauauauacauauauauauauau	scaffold4:105664949..105665005:-	AMP3	scaffold4	-	105664949	105665005	no	2	AMP
scaffold4_439815	102080.9	67 +/- 3%	-	200225	189114	0	11111	yes	-	-	-	-	agauauguuugaauuagggguuu	ccccuuuucggacauauugga	agauauguuugaauuagggguuucuguugugaaccccuuuucggacauauugga	scaffold4:105681161..105681215:-	AMP2	scaffold4	-	105681161	105681215	yes	33	AMP
scaffold4_439817	264380.3	67 +/- 3%	-	518571	516606	0	1965	yes	-	-	-	-	ugauauguugaaguuaggguug	ccccuacuaucagcauauuuc	ugauauguugaaguuaggguugucguuugaacaccccuacuaucagcauauuuc	scaffold4:105681282..105681336:-	AMP2	scaffold4	-	105681282	105681336	yes	33	AMP
scaffold4_443736	3072.1	60 +/- 3%	-	6028	5412	0	616	yes	-	-	-	-	uaguuuauaucuuugaagaacc	uucuucauugauguauacuuug	uaguuuauaucuuugaagaaccuuguuaugguucuucauugauguauacuuug	scaffold4:108648197..108648250:-	AMP1	scaffold4	-	108648197	108648250	no	18	AMP
scaffold4_609491	633.4	76 +/- 2%	-	1241	1211	0	30	yes	-	-	-	-	caucaaaagguucucgucug	gacgagcaucuuuuugacgua	gacgagcaucuuuuugacguauaucaaaugauacacaucaaaagguucucgucug	scaffold4:110318864..110318919:-	PL1	scaffold4	-	110318864	110318919	no	16	PL
scaffold4_444507	3737.9	60 +/- 3%	-	7333	7321	0	12	yes	-	-	-	-	cuucauugauauaugcuuagg	uugugugugucuuugacgaa	uugugugugucuuugacgaaccuuguuaugguucuucauugauauaugcuuagg	scaffold4:110718967..110719021:-	AMP1	scaffold4	-	110718967	110719021	no	13	AMP
scaffold4_448104	19896.8	60 +/- 3%	-	39026	27438	0	11588	yes	-	-	-	-	uucuucauugauguaugcuuug	uaguguguaucuuugaagaa	uaguguguaucuuugaagaaccuuauuaugguucuucauugauguaugcuuug	scaffold4:119665653..119665706:-	AMP1	scaffold4	-	119665653	119665706	yes	9	AMP
scaffold4_447156	379.9	67 +/- 3%	-	752	614	0	138	yes	-	-	-	-	guuuucauuuauuuaugccagg	uaguguaaaucuuugaacaaacc	uaguguaaaucuuugaacaaaccuuuuaugguuuucauuuauuuaugccagg	scaffold4:122234754..122234806:-	AMP2	scaffold4	-	122234754	122234806	no	8	AMP
scaffold5_447403	2.2	73 +/- 2%	-	106	102	0	4	yes	-	-	-	-	ucgcacacugccguuaaggua	uaacggcagugugcgaccccc	uaacggcagugugcgacccccucuugauagucgcacacugccguuaaggua	scaffold5:619370..619421:+	AMP2	scaffold5	+	619370	619421	no	3	AMP
scaffold5_448038	417.0	67 +/- 3%	-	833	682	14	137	no	-	-	-	-	ucuacugacacuuaugagucu	ccucauuuucuuguuugugg	ccucauuuucuuguuugugguggcuucaaucuuccuaauguuugcuggaaugcacuugucucuacugacacuuaugagucu	scaffold5:2381261..2381342:+	AMP2	scaffold5	+	2381261	2381342	no	3	AMP
scaffold5_609915	0.1	73 +/- 2%	-	180	172	6	2	yes	-	-	-	-	cuuuucaacaugauaaugcuccg	guuaucuugaaauauugugu	guuaucuugaaauauugugugagaaauuggugacacuuaugaauauuucucagacugaaacuuuucaacaugauaaugcuccg	scaffold5:2962012..2962095:+	PDii3	scaffold5	+	2962012	2962095	yes	2	PDii
scaffold5_448852	267.6	67 +/- 3%	-	553	552	0	1	no	-	-	-	-	uguacugaagcagaaguug	ucuucauaguuuaaguac	uguacugaagcagaaguuguugucuucauaguuuaaguac	scaffold5:4279959..4279999:+	AMP2	scaffold5	+	4279959	4279999	no	4	AMP
scaffold5_618975	682.2	76 +/- 2%	-	1335	1305	0	30	yes	-	-	-	-	caucaaaagguucucgucug	gacgagcaucuuuuugacgua	gacgagcaucuuuuugacguauaucaaaugauauacaucaaaagguucucgucug	scaffold5:4283873..4283928:+	PL1	scaffold5	+	4283873	4283928	no	9	PL
scaffold5_459651	1.8	86 +/- 2%	-	130	128	0	2	yes	-	-	-	-	acacuaucgacuuuuaucacc	auaaaagucgguagugagaac	acacuaucgacuuuuaucaccgauuucucgacagaugauaaaagucgguagugagaac	scaffold5:5399812..5399870:+	HL2	scaffold5	+	5399812	5399870	no	2	HL
scaffold5_544580	40.9	76 +/- 3%	-	80	72	0	8	yes	-	-	-	-	uuuuucauugaugaaugcuugg	auguguuguaucuuugaaggacc	auguguuguaucuuugaaggaccuuauaugguuuuucauugaugaaugcuugg	scaffold5:9019645..9019698:+	PDi3	scaffold5	+	9019645	9019698	no	4	PDi
scaffold5_644353	2716.1	67 +/- 3%	-	5333	2618	0	2715	yes	-	-	-	-	uuuuucauugauauaugcucgg	uaguguguaucuuugaagaa	uaguguguaucuuugaagaaacuuuaaugguuuuucauugauauaugcucgg	scaffold5:9019816..9019868:+	PDii1	scaffold5	+	9019816	9019868	yes	14	PDii
scaffold5_453377	130.3	67 +/- 3%	-	255	253	0	2	yes	-	-	-	-	uaguucauaagcauauacuugg	ugguguaugcuuuuugaaaaac	ugguguaugcuuuuugaaaaaccuuauaugguaguucauaagcauauacuugg	scaffold5:14719579..14719632:+	AMP2	scaffold5	+	14719579	14719632	no	3	AMP
scaffold5_649400	2.8	70 +/- 2%	-	10289	6624	0	3665	yes	-	-	-	-	caugcaaguguuaccaucgua	ugguaacacuugcaugcgcu	caugcaaguguuaccaucguaggccuuacgaugguaacacuugcaugcgcu	scaffold5:17489504..17489555:+	PDii1	scaffold5	+	17489504	17489555	no	9	PDii
scaffold5_454788	71357.4	67 +/- 3%	-	139999	139990	0	9	no	-	-	-	-	uuucauugauguaugcuuugg	uaaauauguaucuuugaaaau	uaaauauguaucuuugaaaaugcaauuauuuuucauugauguaugcuuugg	scaffold5:17867480..17867531:+	AMP2	scaffold5	+	17867480	17867531	no	5	AMP
scaffold5_689909	60.8	70 +/- 4%	-	122	118	0	4	yes	-	-	-	-	guguguguguguguguucg	aauauauauauauauauaua	aauauauauauauauauauauauauauauauaaauguguguguguguguguucg	scaffold5:19826549..19826603:+	EC2	scaffold5	+	19826549	19826603	no	16	EC
scaffold5_615830	384.9	48 +/- 4%	-	775	771	2	2	no	-	-	-	-	uguuuaagguuauuugugag	ugcuaauguuuuuaauauagucu	uguuuaagguuauuugugaggguuaauuggauguaguugaagcagcuaauuugcuaauguuuuuaauauagucu	scaffold5:20822541..20822615:+	PH2	scaffold5	+	20822541	20822615	no	9	PH
scaffold5_629757	680.9	76 +/- 2%	-	1333	1305	0	28	yes	-	-	-	-	caucaaaagguucucgucug	gacgagcaucuuuuugacgua	gacgagcaucuuuuugacguauaucaauugauauacauguacaucaaaagguucucgucug	scaffold5:21810928..21810989:+	PL1	scaffold5	+	21810928	21810989	no	7	PL
scaffold5_359321	1138.9	68 +/- 3%	-	2237	2233	0	4	yes	-	-	-	-	uaguguguaucuuugaauaacc	uucuuuauugaugcgugcuuug	uaguguguaucuuugaauaaccuuauaugguucuuuauugaugcgugcuuug	scaffold5:28316577..28316629:+	IST1	scaffold5	+	28316577	28316629	no	8	IST
scaffold5_462047	54.1	60 +/- 3%	-	116	86	0	30	yes	-	-	-	-	uccacuauuuuugaauggguac	cccuauuuaaucuuaggaggaag	cccuauuuaaucuuaggaggaaguauuucuuccacuauuuuugaauggguac	scaffold5:30581875..30581927:+	AMP1	scaffold5	+	30581875	30581927	no	22	AMP
scaffold5_651597	0.8	74 +/- 2%	-	150	103	10	37	yes	-	-	-	-	guggucccaugguguagcg	ucucggugggaccugaauuu	guggucccaugguguagcgguuagcaucucagaaucuggagacccgaguccgaaucucggugggaccugaauuu	scaffold5:34057883..34057957:+	PL3	scaffold5	+	34057883	34057957	no	3	PL
scaffold5_551696	22.5	76 +/- 4%	-	75	74	0	1	no	-	-	-	-	uguguugacugauuaaauaac	auauauucacccaaaucaucagau	uguguugacugauuaaauaacucaauuuauauauucacccaaaucaucagau	scaffold5:35173964..35174016:+	GA1	scaffold5	+	35173964	35174016	yes	2	GA
scaffold5_463467	2318.7	67 +/- 3%	-	4553	3248	0	1305	yes	-	-	-	-	caauuugcuuuuggauuugugg	acaaaucuggaguauuauugga	acaaaucuggaguauuauuggaacauauuuccaauuugcuuuuggauuugugg	scaffold5:39019901..39019954:+	AMP2	scaffold5	+	39019901	39019954	no	31	AMP
scaffold5_464199	17095.2	67 +/- 3%	-	33532	33531	0	1	yes	-	-	-	-	uuguucauuggcguauacuugg	ugguauauguuuuugaaaa	ugguauauguuuuugaaaagccucauacgguuguucauuggcguauacuugg	scaffold5:41162174..41162226:+	AMP2	scaffold5	+	41162174	41162226	no	12	AMP
scaffold5_607676	26.4	75 +/- 3%	-	64	62	0	2	no	-	-	-	-	cguucguccaggaaaguugcacaug	uguuucuccaggacaaugcccg	cguucguccaggaaaguugcacaugcgcccgcuguuucuccaggacaaugcccg	scaffold5:42707709..42707763:+	PDi2	scaffold5	+	42707709	42707763	no	3	PDi
scaffold5_465916	37231.7	67 +/- 3%	-	73027	66723	0	6304	yes	-	-	-	-	uaguguguaacuuugaagaacc	uuuuuuauuguugcauacuugg	uaguguguaacuuugaagaaccuuuauaugguuuuuuauuguugcauacuugg	scaffold5:44038320..44038373:+	AMP2	scaffold5	+	44038320	44038373	yes	33	AMP
scaffold5_467961	2.3	73 +/- 2%	-	132	124	0	8	yes	-	-	-	-	cacuaucgacuuuuaucacc	gcugauaaaggucgauagugg	cacuaucgacuuuuaucaccuuucaagaauacucuaucuguuuuuuuaucagcugauaaaggucgauagugg	scaffold5:48116201..48116273:+	AMP2	scaffold5	+	48116201	48116273	no	3	AMP
scaffold5_606443	809.0	78 +/- 3%	-	1592	1223	0	369	yes	-	-	-	-	uuguucauuggcguauaauugg	ugguauauguuuuugaaaaacc	ugguauauguuuuugaaaaaccucauacgguuguucauuggcguauaauugg	scaffold5:49304214..49304266:+	PL2	scaffold5	+	49304214	49304266	no	25	PL
scaffold5_469167	14745.6	67 +/- 3%	-	28923	27520	0	1403	yes	cja-miR-124	-	-	-	uaaggcacgcggugaaugcuga	ugcauucagugcggagcuucuagc	ugcauucagugcggagcuucuagcuuuaacagcuaaggcacgcggugaaugcuga	scaffold5:50638098..50638153:+	AMP2	scaffold5	+	50638098	50638153	no	27	AMP
scaffold5_583332	4629.9	72 +/- 3%	-	9089	7909	0	1180	yes	-	-	-	-	uuucauugauguacgcuuugg	uaaguauguaucuuugaaaaa	uaaguauguaucuuugaaaaaugcuguauauuuuucauugauguacgcuuugg	scaffold5:52387642..52387695:+	SMA1	scaffold5	+	52387642	52387695	yes	2	SMA
scaffold5_671611	32.1	75 +/- 2%	-	70	59	0	11	yes	-	-	-	-	acucuucauugggcauuguagc	uaucaugcacuuugugagaguau	uaucaugcacuuugugagaguauuaaaauacucuucauugggcauuguagc	scaffold5:65790653..65790704:+	PL3	scaffold5	+	65790653	65790704	no	10	PL
scaffold5_387534	115.4	67 +/- 3%	-	250	246	0	4	no	-	-	-	-	gguggucagcaacaucuga	aggaauggaaaugacauca	aggaauggaaaugacaucaccaaauuguagagaggaagaacaaagguggucagcaacaucuga	scaffold5:69210362..69210425:+	IST3	scaffold5	+	69210362	69210425	no	3	IST
scaffold5_478759	558.6	67 +/- 3%	-	1093	1077	0	16	yes	-	-	-	-	caucaaaagguucucgucug	agacgagcaucuuuuugacgua	agacgagcaucuuuuugacguauaucaaaugauauacaucaaaagguucucgucug	scaffold5:72948586..72948642:+	AMP2	scaffold5	+	72948586	72948642	no	3	AMP
scaffold5_479794	45549.8	67 +/- 3%	-	89343	72687	0	16656	yes	-	-	-	-	uucuucauugauguaugcuuug	uaguguacauccuugaagaacc	uaguguacauccuugaagaaccuuauaugguucuucauugauguaugcuuug	scaffold5:75589540..75589592:+	AMP2	scaffold5	+	75589540	75589592	no	33	AMP
scaffold5_711820	1092.2	72 +/- 3%	-	2160	2143	0	17	no	-	-	-	-	cuucauugauuuaugcuuugg	uauuguguaucuuugaggaa	uauuguguaucuuugaggaaccuuguuaugguucuucauugauuuaugcuuugg	scaffold5:76540393..76540447:+	PDii2	scaffold5	+	76540393	76540447	no	6	PDii
scaffold5_390093	38.0	67 +/- 3%	-	79	77	0	2	yes	-	-	-	-	ucucuuaaugugauuugcuugc	uagcuuuucaguuuuugagagag	uagcuuuucaguuuuugagagagauauuuuguucucucucuuaaugugauuugcuugc	scaffold5:76625852..76625910:+	IST3	scaffold5	+	76625852	76625910	no	4	IST
scaffold5_481684	14510.0	67 +/- 3%	-	28466	28161	0	305	yes	-	-	-	-	uuucacugauguaugcuuugg	caguguguaucuuugaagaa	caguguguaucuuugaagaaccuuauaugguuuuucacugauguaugcuuugg	scaffold5:80939607..80939660:+	AMP2	scaffold5	+	80939607	80939660	no	25	AMP
scaffold5_709262	1629.6	74 +/- 4%	-	3211	3039	1	171	no	-	-	-	-	ugggaauuuuucauagaaau	cuccauggaacguuuccagaaacg	cuccauggaacguuuccagaaacgcgcuuucaaaugggaauuuuucauagaaau	scaffold5:83903640..83903694:+	GA2	scaffold5	+	83903640	83903694	no	5	GA
scaffold5_484076	1038.2	67 +/- 3%	-	2044	1263	0	781	yes	-	-	-	-	gcucuuaacgugauuugcuugc	uagcaauucgguuuuagagagag	uagcaauucgguuuuagagagagauuuuguuucgcucuuaacgugauuugcuugc	scaffold5:85091539..85091594:+	AMP2	scaffold5	+	85091539	85091594	no	31	AMP
scaffold5_487242	2.2	68 +/- 2%	-	496	494	0	2	yes	-	-	-	-	aggggaauaucuucaggugga	ucaaccugaagauauuccccc	ucaaccugaagauauucccccaagauugaguuaaaagugugaggggaauaucuucaggugga	scaffold5:87861144..87861206:+	AMP1	scaffold5	+	87861144	87861206	yes	2	AMP
scaffold5_485611	40.2	67 +/- 3%	-	92	57	0	35	no	-	-	-	-	ugaaucuagaaguguguuugaug	ucagaggggcuaaggguacu	ucagaggggcuaaggguacuuaaugaaucuagaaguguguuugaug	scaffold5:88865723..88865769:+	AMP2	scaffold5	+	88865723	88865769	no	4	AMP
scaffold5_714755	2.0	73 +/- 3%	-	194	180	0	14	yes	-	-	-	-	cccacguugggcguuuuuuu	gcccggcuagcucagucg	gcccggcuagcucagucgguagagcgcaggacucuuaauccugcggucuugcccgagccccacguugggcguuuuuuu	scaffold5:91487936..91488014:+	GA2	scaffold5	+	91487936	91488014	no	5	GA
scaffold5_666310	22.0	69 +/- 3%	-	41	32	0	9	yes	-	-	-	-	ucagauucucuacuaauugca	caauuaguggaaaauuugaua	ucagauucucuacuaauugcauuuaaguuagaugcaauuaguggaaaauuugaua	scaffold5:98095740..98095795:+	PDii3	scaffold5	+	98095740	98095795	no	7	PDii
scaffold5_490460	28212.9	67 +/- 3%	-	55347	54100	0	1247	yes	-	-	-	-	uuucauugauguacgcuuugg	uaaguauauaucuuugaaaaa	uaaguauauaucuuugaaaaaugcaauuauuuuucauugauguacgcuuugg	scaffold5:99342017..99342069:+	AMP2	scaffold5	+	99342017	99342069	no	33	AMP
scaffold5_490909	2318.7	67 +/- 3%	-	4553	3248	0	1305	yes	-	-	-	-	caauuugcuuuuggauuugugg	acaaaucuggaguauuauugga	acaaaucuggaguauuauuggaacauauuuccaauuugcuuuuggauuugugg	scaffold5:100373939..100373992:+	AMP2	scaffold5	+	100373939	100373992	no	31	AMP
scaffold5_491296	335.3	67 +/- 3%	-	675	558	0	117	yes	-	-	-	-	uuuuucauugauucauacuug	uaguguguaucuuugaaaaa	uaguguguaucuuugaaaaauccuaugugauuuuucauugauucauacuug	scaffold5:101213267..101213318:+	AMP2	scaffold5	+	101213267	101213318	no	7	AMP
scaffold5_665011	831.8	48 +/- 4%	-	1638	1637	0	1	yes	-	-	-	-	uuguauagagaaauauuguug	gccaauguuuccucacaaguca	gccaauguuuccucacaagucauuguauagagaaauauuguug	scaffold5:102911566..102911609:+	PH2	scaffold5	+	102911566	102911609	no	4	PH
scaffold5_731351	52.9	72 +/- 3%	-	114	57	0	57	yes	-	-	-	-	uagugugugucuuugaagag	uuuuauugauguaugcuuugg	uagugugugucuuugaagagccuuauuaugguuuuuuauugauguaugcuuugg	scaffold5:105527291..105527345:+	PDii2	scaffold5	+	105527291	105527345	no	6	PDii
scaffold5_682214	682.3	76 +/- 2%	-	1335	1305	0	30	yes	-	-	-	-	caucaaaagguucucgucug	gacgagcaucuuuuugacgua	gacgagcaucuuuuugacguauaucaaaugauauacaucaaaagguucucgucug	scaffold5:108296483..108296538:+	PL1	scaffold5	+	108296483	108296538	no	5	PL
scaffold5_484091	7311.5	86 +/- 2%	-	14341	5359	0	8982	yes	-	-	-	-	uagcaauucaguuuuagagagag	cgcucuuaacgugaauugcuugc	uagcaauucaguuuuagagagagauuuuguucucgcucuuaacgugaauugcuugc	scaffold5:111613856..111613912:+	PH1	scaffold5	+	111613856	111613912	no	20	PH
scaffold5_496758	72.7	67 +/- 3%	-	144	141	0	3	yes	-	-	-	-	gaguguguaucuuugaauaa	ucuucaauggugcaugcuuug	gaguguguaucuuugaauaaccuuauaugguucuucaauggugcaugcuuug	scaffold5:185420..185472:-	AMP2	scaffold5	-	185420	185472	no	7	AMP
scaffold5_703425	19.3	75 +/- 2%	-	35	33	0	2	yes	-	-	-	-	ucugcgauguuugcauuugug	caaauguaaacaucacagaga	ucugcgauguuugcauuuguguguaacacacaaauguaaacaucacagaga	scaffold5:2951720..2951771:-	PL3	scaffold5	-	2951720	2951771	no	5	PL
scaffold5_498972	49.2	67 +/- 3%	-	110	76	0	34	no	-	-	-	-	cauucuuaacauguuuugcuugc	uggcaaaucgguuguagaaggaga	uggcaaaucgguuguagaaggagauuuuagucucauucuuaacauguuuugcuugc	scaffold5:6172168..6172224:-	AMP2	scaffold5	-	6172168	6172224	no	16	AMP
scaffold5_505995	18.4	60 +/- 3%	-	34	15	1	18	yes	-	-	-	-	ugagggugggccuggaaugc	uuccaaguccccccucacu	uuccaaguccccccucacugaguauauccguguuguuuauaucaaagugagggugggccuggaaugc	scaffold5:16291347..16291414:-	AMP1	scaffold5	-	16291347	16291414	no	8	AMP
scaffold5_503804	144.1	67 +/- 3%	-	286	275	0	11	yes	-	-	-	-	uccccuguauuuucaaaggaac	uccuuuuuagacauaggugg	uccuuuuuagacauagguggaaaucaauuuccccuguauuuucaaaggaac	scaffold5:16374349..16374400:-	AMP2	scaffold5	-	16374349	16374400	no	25	AMP
scaffold5_711961	104.5	75 +/- 2%	-	236	189	23	24	no	-	-	-	-	uuucacaagaguugguuaggaa	uuaaucaacaauuugaagucacgca	uuaaucaacaauuugaagucacgcaaacagaacauuggaaaaugguugaauucuuaguaccauucccagcaguaaauuuuucacaagaguugguuaggaa	scaffold5:16830047..16830147:-	PL3	scaffold5	-	16830047	16830147	no	9	PL
scaffold5_842235	2.7	71 +/- 3%	-	17403	11195	0	6208	yes	-	-	-	-	gcaugcaaguguuaccaucguaa	ugguaacacuugcaugcgcu	gcaugcaaguguuaccaucguaaggccuacgaugguaacacuugcaugcgcu	scaffold5:17489500..17489552:-	DI2	scaffold5	-	17489500	17489552	yes	3	DI
scaffold5_507543	540509.4	67 +/- 3%	-	1060183	1021020	0	39163	yes	lva-miR-31-5p	-	-	-	aggcaagauguuggcauagcua	gcugucccauuaucuugucauaa	aggcaagauguuggcauagcuaucuuacgguagcugucccauuaucuugucauaa	scaffold5:24237090..24237145:-	AMP2	scaffold5	-	24237090	24237145	no	33	AMP
scaffold5_510629	3738.9	60 +/- 3%	-	7340	7321	0	19	yes	-	-	-	-	cuucauugauauaugcuuagg	cagugugugucuuugacgaa	cagugugugucuuugacgaaccuuguuaugguucuucauugauauaugcuuagg	scaffold5:26654378..26654432:-	AMP1	scaffold5	-	26654378	26654432	no	19	AMP
scaffold5_478551	764.5	58 +/- 3%	-	1500	1405	0	95	yes	-	-	-	-	gcucuuaacgugauuugcuugc	uaguaauucaguuuuagaggga	uaguaauucaguuuuagagggagauuuuguucucgcucuuaacgugauuugcuugc	scaffold5:30188098..30188154:-	AMP3	scaffold5	-	30188098	30188154	no	12	AMP
scaffold5_509575	71495.6	67 +/- 3%	-	140238	139990	0	248	yes	-	-	-	-	uuucauugauguaugcuuugg	aaguauguaucuuugaagaau	aaguauguaucuuugaagaaugcaauuauuuuucauugauguaugcuuugg	scaffold5:30271129..30271180:-	AMP2	scaffold5	-	30271129	30271180	no	29	AMP
scaffold5_411858	742.4	79 +/- 3%	-	1475	907	0	568	yes	-	-	-	-	uagugugugucuuugacgaa	cuuaauugauguaugcuuagg	uagugugugucuuugacgaaccuuguuaugguucuuaauugauguaugcuuagg	scaffold5:38425882..38425936:-	SMA2	scaffold5	-	38425882	38425936	yes	4	SMA
scaffold5_519591	515.4	60 +/- 3%	-	1008	1007	0	1	yes	-	-	-	-	caucaaaagguucucgucug	gacgaggaucuuuuugacguau	gacgaggaucuuuuugacguauaucaaaugauauacaucaaaagguucucgucug	scaffold5:47365953..47366008:-	AMP1	scaffold5	-	47365953	47366008	yes	3	AMP
scaffold5_518800	677.1	67 +/- 3%	-	1330	1305	0	25	yes	-	-	-	-	acaaaucuggaguauuauugga	caauuugcuuugggauuugugg	acaaaucuggaguauuauuggaacauauuuccaauuugcuuugggauuugugg	scaffold5:50913854..50913907:-	AMP2	scaffold5	-	50913854	50913907	yes	28	AMP
scaffold5_769429	67.4	72 +/- 3%	-	140	99	23	18	no	-	-	-	-	uaggacgugaccugcgaggaggg	cuuccaacaggcgggauagcgcu	uaggacgugaccugcgaggagggcagcugauuagauuuuaacagcggagaaaucgaagaugucuuccaacaggcgggauagcgcu	scaffold5:51838460..51838545:-	PDii2	scaffold5	-	51838460	51838545	no	5	PDii
scaffold5_521775	990.5	60 +/- 3%	-	1959	1944	0	15	no	-	-	-	-	augaauccugauguguggucu	aucaagcgucucaucgugcau	aucaagcgucucaucgugcauucaugaauccugauguguggucu	scaffold5:52005892..52005936:-	AMP1	scaffold5	-	52005892	52005936	no	8	AMP
scaffold5_704837	31.4	48 +/- 4%	-	75	74	0	1	no	-	-	-	-	uacgauuucgaguagacaug	ugcuauucgauguugaaccaa	ugcuauucgauguugaaccaauacgauuucgaguagacaug	scaffold5:59094917..59094958:-	PH2	scaffold5	-	59094917	59094958	yes	2	PH
scaffold5_713390	76.3	69 +/- 3%	-	164	161	0	3	no	-	-	-	-	cgagagaacaagauuuggcuagg	gugcgauuucugggcguuuccaa	gugcgauuucugggcguuuccaaaacugggugcaauuuuucgagagaacaagauuuggcuagg	scaffold5:66013381..66013444:-	PDii3	scaffold5	-	66013381	66013444	no	7	PDii
scaffold5_526412	906.7	67 +/- 3%	-	1779	1036	0	743	yes	-	-	-	-	uuuugcauugaugaaugcuaga	uaggguucaucuuuguagaacc	uaggguucaucuuuguagaaccuuaauaugguuuugcauugaugaaugcuaga	scaffold5:67684422..67684475:-	AMP2	scaffold5	-	67684422	67684475	no	13	AMP
scaffold5_750712	56.8	75 +/- 2%	-	141	107	32	2	no	-	-	-	-	uucaggaaacgggccauucguaau	uugcgaauaaaauuucuauga	uugcgaauaaaauuucuaugaaaaauucccaaacuuuaaaucucgcaaacuauaaugggucauguuucaggaaacgggccauucguaau	scaffold5:83921455..83921544:-	PL3	scaffold5	-	83921455	83921544	no	2	PL
scaffold5_535441	13562.6	60 +/- 3%	-	26618	23777	0	2841	no	-	-	-	-	ugcucuuugauuauaggggaag	uucgcuauuuucaaacagcugu	ugcucuuugauuauaggggaagugaaucuuucgcuauuuucaaacagcugu	scaffold5:85964143..85964194:-	AMP1	scaffold5	-	85964143	85964194	yes	33	AMP
scaffold5_536416	656.9	60 +/- 3%	-	1286	1274	0	12	yes	-	-	-	-	uccaccugaagauauuccccu	ggggaauaucuucagguu	uccaccugaagauauuccccucacacuuuuaacucaaucuugggggaauaucuucagguu	scaffold5:87861146..87861206:-	AMP1	scaffold5	-	87861146	87861206	yes	2	AMP
scaffold5_384204	419694.0	89 +/- 2%	-	823210	822735	0	475	yes	-	-	-	-	uagcaccaugugaaaccggucu	uccgguuuaacaguggugccuaua	uccgguuuaacaguggugccuauauuuuguguauagcaccaugugaaaccggucu	scaffold5:90761504..90761559:-	PH3	scaffold5	-	90761504	90761559	yes	33	PH
scaffold5_536747	5387.5	67 +/- 3%	-	10578	10565	0	13	yes	-	-	-	-	uuucauugauguauacuuugg	uuguguguauauuugaauaacc	uuguguguauauuugaauaaccuucaaugguuuuucauugauguauacuuugg	scaffold5:93567715..93567768:-	AMP2	scaffold5	-	93567715	93567768	no	22	AMP
scaffold5_436322	641.3	67 +/- 3%	-	1262	1071	0	191	yes	-	-	-	-	uaguguauauccuugaagaacu	cuucauagauguaugcuuugg	uaguguauauccuugaagaacuuuauuaugguucuucauagauguaugcuuugg	scaffold5:94516384..94516438:-	IST3	scaffold5	-	94516384	94516438	no	6	IST
scaffold5_538432	11908.6	67 +/- 3%	-	23364	22035	0	1329	yes	-	-	-	-	uucuucauugauguaugcuucg	uaguguguaucuuugaauaauc	uaguguguaucuuugaauaaucuuauuaugguucuucauugauguaugcuucg	scaffold5:97718619..97718672:-	AMP2	scaffold5	-	97718619	97718672	no	12	AMP
scaffold5_540414	9056.3	67 +/- 3%	-	17784	17144	0	640	no	-	-	-	-	uaguguguaucuuugaagaa	uuucauugauguaugcuugg	uaguguguaucuuugaagaaccuuauuacggauuuucauugauguaugcuugg	scaffold5:102283749..102283802:-	AMP2	scaffold5	-	102283749	102283802	no	20	AMP
scaffold5_542588	3882.3	67 +/- 3%	-	7621	7307	0	314	yes	-	-	-	-	uaaguauguaucuuugaaaaa	uuucauugauguaugcuuuau	uaaguauguaucuuugaaaaaugcaauuauuuuucauugauguaugcuuuau	scaffold5:107383292..107383344:-	AMP2	scaffold5	-	107383292	107383344	no	13	AMP
scaffold5_733489	783.1	48 +/- 4%	-	1552	1549	0	3	no	-	-	-	-	ugcgcuggauguauucaag	uugaaugauuuuacuuaagcguuu	ugcgcuggauguauucaaggaguugaagauauuacaaucaucuugaaugauuuuacuuaagcguuu	scaffold5:111635300..111635366:-	PH2	scaffold5	-	111635300	111635366	no	4	PH
scaffold5_733509	780.1	48 +/- 4%	-	1555	1552	0	3	no	-	-	-	-	ugcgcuggauguauucaag	uugaaugauuuuacuuaagcguuu	ugcgcuggauguauucaagaauugaagauauuacaucaucuugaaugauuuuacuuaagcguuu	scaffold5:111639868..111639932:-	PH2	scaffold5	-	111639868	111639932	no	2	PH
scaffold6_548716	130.3	67 +/- 3%	-	271	254	16	1	no	-	-	-	-	cggguuugaaugucucgucaucu	ugauugaagcauaccgccucggua	cggguuugaaugucucgucaucugaccaccgaugagaaacuuugccucguccuuugaaaugauugaagcauaccgccucggua	scaffold6:6755319..6755402:+	AMP2	scaffold6	+	6755319	6755402	no	5	AMP
scaffold6_551494	120.5	60 +/- 3%	-	255	241	0	14	no	-	-	-	-	cggguuugaaugucucgucaucu	ugaggaacuuugcgucgucc	cggguuugaaugucucgucaucugaccaccgaugaggaacuuugcgucgucc	scaffold6:6760486..6760538:+	AMP1	scaffold6	+	6760486	6760538	no	6	AMP
scaffold6_813073	39.2	72 +/- 3%	-	99	96	0	3	no	-	-	-	-	caucuuacggacuuuauu	uuagguacuguaagccugaugc	uuagguacuguaagccugaugccaucuuacggacuuuauu	scaffold6:10126230..10126270:+	PDii2	scaffold6	+	10126230	10126270	no	7	PDii
scaffold6_516586	764.5	58 +/- 3%	-	1500	1405	0	95	yes	-	-	-	-	gcucuuaacgugauuugcuugc	uaguaauucaguuuuagaggga	uaguaauucaguuuuagagggagauuuuguucucgcucuuaacgugauuugcuugc	scaffold6:11451645..11451701:+	AMP3	scaffold6	+	11451645	11451701	no	12	AMP
scaffold6_776990	56.0	75 +/- 2%	-	117	68	0	49	yes	-	-	-	-	uucuucauugauuuaugcuuua	uaguguauaucuuugaggaa	uaguguauaucuuugaggaaccuuguuaugguucuucauugauuuaugcuuua	scaffold6:14195225..14195278:+	PL3	scaffold6	+	14195225	14195278	no	12	PL
scaffold6_832013	1.2	75 +/- 3%	-	885	876	0	9	yes	-	-	-	-	uacaaaguuauggacaugu	auguccauaccaauguaaaug	uacaaaguuauggacauguugcuugaacauguccauaccaauguaaaug	scaffold6:14630850..14630899:+	EC2	scaffold6	+	14630850	14630899	no	7	EC
scaffold6_539073	30.1	86 +/- 2%	-	75	54	0	21	no	-	-	-	-	uccuguacuuuggcugagucgcu	cagcucuuucauuguauaaggaa	cagcucuuucauuguauaaggaagugagaauuccuguacuuuggcugagucgcu	scaffold6:19021639..19021693:+	PH1	scaffold6	+	19021639	19021693	no	6	PH
scaffold6_554468	56.8	67 +/- 3%	-	120	118	0	2	no	-	-	-	-	ggccucguagcuuagugg	cccgcccggggccuguuuuu	ggccucguagcuuagugguaaagcgccagucuuguacacuggagaucggauguucgaugcccgcccggggccuguuuuu	scaffold6:20150613..20150692:+	AMP2	scaffold6	+	20150613	20150692	no	2	AMP
scaffold6_556195	467.2	67 +/- 3%	-	916	865	33	18	yes	-	-	-	-	ucacugugcaauucucucguuu	gacgagaggcauagcagugag	gacgagaggcauagcagugaguuacuucgacuagauuguuauguucguucgcgaugaaggcaaaacucacugugcaauucucucguuu	scaffold6:23540206..23540294:+	AMP2	scaffold6	+	23540206	23540294	no	14	AMP
scaffold6_813704	29.7	74 +/- 4%	-	54	30	10	14	yes	-	-	-	-	aggaggaaaaucaaaaccauc	augguuuugauuuuccuccu	aggaggaaaaucaaaaccaucaguauaugacgaacgaauguucauucguucguaauuuacugaugguuuugauuuuccuccu	scaffold6:25190135..25190217:+	GA2	scaffold6	+	25190135	25190217	no	3	GA
scaffold6_436783	63.8	68 +/- 3%	-	130	129	0	1	yes	-	-	-	-	caauugcaucgauuuguuauca	ugacaauuuguugcaauuaagu	ugacaauuuguugcaauuaagugguacagauucaauugcaucgauuuguuauca	scaffold6:25836980..25837034:+	IST1	scaffold6	+	25836980	25837034	no	12	IST
scaffold6_542968	160.6	86 +/- 2%	-	325	312	3	10	no	-	-	-	-	uagagggcuaugacccagauaagg	accaacuggaauuuauugag	accaacuggaauuuauugaggcugguauucgaggagggaugucuggagaguaugcugaacgcuacuuuaaggcaaacaaccccagguagagggcuaugacccagauaagg	scaffold6:26164844..26164954:+	PH1	scaffold6	+	26164844	26164954	no	6	PH
scaffold6_728783	87.9	75 +/- 3%	-	183	66	103	14	no	-	-	-	-	ucgacucccggcuugcgcaacu	cgagcgcaggugguguag	cgagcgcaggugguguagcguuagcauagcagccuuccaagcuguugauccgguuucgacucccggcuugcgcaacu	scaffold6:34376100..34376177:+	PDi2	scaffold6	+	34376100	34376177	yes	11	PDi
scaffold6_561649	11899.7	67 +/- 3%	-	23364	22035	0	1329	no	-	-	-	-	uucuucauugauguaugcuucg	uaguguguaucuuugaauaauc	uaguguguaucuuugaauaaucuuauuaugguucuucauugauguaugcuucg	scaffold6:38309265..38309318:+	AMP2	scaffold6	+	38309265	38309318	no	10	AMP
scaffold6_757832	149.0	48 +/- 4%	-	309	290	18	1	no	-	-	-	-	uugaaggugucgaaauuuaug	cgccacuuuguucaucuucucga	cgccacuuuguucaucuucucgauagagauaucaugguugugacuguaaaucauuaccauuucucacugcaguuugaaggugucgaaauuuaug	scaffold6:40616768..40616862:+	PH2	scaffold6	+	40616768	40616862	yes	2	PH
scaffold6_563289	49.2	67 +/- 3%	-	110	76	0	34	no	-	-	-	-	cauucuuaacauguuuugcuugc	uggcaaaucgguuguagaaggaga	uggcaaaucgguuguagaaggagauuuuagucucauucuuaacauguuuugcuugc	scaffold6:40941392..40941448:+	AMP2	scaffold6	+	40941392	40941448	no	19	AMP
scaffold6_445905	25140.1	68 +/- 3%	-	49309	49175	0	134	yes	-	-	-	-	uugcauagucgcaaaaguguuu	ccacuuuuguggcucuugugaca	ccacuuuuguggcucuugugacauauuuguguguugcauagucgcaaaaguguuu	scaffold6:56221078..56221133:+	IST1	scaffold6	+	56221078	56221133	no	31	IST
scaffold6_573081	393.2	60 +/- 3%	-	778	533	0	245	yes	-	-	-	-	uuuuucauugacguaugcucgg	uaguguguauccuugaagaacc	uaguguguauccuugaagaaccucauaugguuuuucauugacguaugcucgg	scaffold6:59250309..59250361:+	AMP1	scaffold6	+	59250309	59250361	yes	4	AMP
scaffold6_776549	44.8	69 +/- 3%	-	84	78	0	6	yes	-	-	-	-	cgacucauuguuuguauugcg	gcaauacaaacaaugaaucag	gcaauacaaacaaugaaucagcguaaacuuuacgccgacucauuguuuguauugcg	scaffold6:63840052..63840108:+	PDii3	scaffold6	+	63840052	63840108	no	23	PDii
scaffold6_449732	731.7	68 +/- 3%	-	1432	1423	0	9	yes	-	-	-	-	caucaaaagguucucgucug	agacgagcaucuuuuugacgua	agacgagcaucuuuuugacguauaucaaaugauauacaucaaaagguucucgucug	scaffold6:68083004..68083060:+	IST1	scaffold6	+	68083004	68083060	no	2	IST
scaffold6_588754	113.0	87 +/- 2%	-	228	220	0	8	yes	-	-	-	-	ucgcauuucaguuuuagggagag	cgcucuuaacgcgauuugcuugc	ucgcauuucaguuuuagggagagauuuuguucucgcucuuaacgcgauuugcuugc	scaffold6:70620561..70620617:+	HL2	scaffold6	+	70620561	70620617	no	16	HL
scaffold6_814251	28.5	75 +/- 2%	-	70	59	0	11	no	-	-	-	-	acucuucauugggcauuguagc	uaucaugcacuuugugagaguau	uaucaugcacuuugugagaguauuaaaauacucuucauugggcauuguagc	scaffold6:77763807..77763858:+	PL3	scaffold6	+	77763807	77763858	no	11	PL
scaffold6_578684	292.8	67 +/- 3%	-	576	575	0	1	yes	-	-	-	-	uuagcauguuaucuaggguaa	cuguaguuagcguguuaaaau	uuagcauguuaucuaggguaacugaucucaaaauuguuacuguaguuagcguguuaaaau	scaffold6:80705704..80705764:+	AMP2	scaffold6	+	80705704	80705764	no	10	AMP
scaffold6_584119	1.0	70 +/- 2%	-	335	280	30	25	yes	-	-	-	-	uacucacgugcgcaaucuucucguu	gacgagaggcauagcagugag	gacgagaggcauagcagugaguuacuuuguuaaauauugacaauuguugauuacuugacacgauuacucacgugcgcaaucuucucguu	scaffold6:87697554..87697643:+	AMP1	scaffold6	+	87697554	87697643	no	4	AMP
scaffold6_548343	53.7	58 +/- 3%	-	104	90	0	14	yes	-	-	-	-	gagccuggguacugucaau	gacaguaugguguagugg	gacaguaugguguagugguuaucacgucugccucacacgcagaagguaaccaguacgagccuggguacugucaau	scaffold6:92592625..92592700:+	AMP3	scaffold6	+	92592625	92592700	no	8	AMP
scaffold6_548368	163.1	58 +/- 3%	-	335	333	1	1	no	-	-	-	-	ucgagccuggguacugucaau	gacaguauggugaagugg	gacaguauggugaagugguuaucacgucugccucacacgcaaaagguccccaguucgagccuggguacugucaau	scaffold6:92616874..92616949:+	AMP3	scaffold6	+	92616874	92616949	yes	5	AMP
scaffold6_548371	60.5	58 +/- 3%	-	118	90	14	14	yes	-	-	-	-	gagccuggguacugucaau	gacaguaugguguagugg	gacaguaugguguagugguuaucacgucugcuucacacgcagaagguccccaguacgagccuggguacugucaau	scaffold6:92619184..92619259:+	AMP3	scaffold6	+	92619184	92619259	no	7	AMP
scaffold6_548373	60.5	58 +/- 3%	-	118	90	14	14	yes	-	-	-	-	gagccuggguacugucaau	gacaguaugguguagugg	gacaguaugguguagugguuaucacgucugcuucacacgcagaagguccccaguacgagccuggguacugucaau	scaffold6:92622636..92622711:+	AMP3	scaffold6	+	92622636	92622711	no	7	AMP
scaffold6_548376	249.4	58 +/- 3%	-	498	481	14	3	no	-	-	-	-	ucgagccuggguacugucauu	gacaguaagguguagugg	gacaguaagguguagugguuaucacgucugcuucacacgcagaagguccccaguucgagccuggguacugucauu	scaffold6:92629787..92629862:+	AMP3	scaffold6	+	92629787	92629862	no	6	AMP
scaffold6_474148	262.2	67 +/- 3%	-	526	517	8	1	no	-	-	-	-	ucgagccuggguacugucaau	gauaguaugguguagugg	gauaguaugguguagugguuaucacgucugccucacacgcagaaggucuccaguucgagccuggguacugucaau	scaffold6:92644554..92644629:+	IST3	scaffold6	+	92644554	92644629	no	5	IST
scaffold6_881440	2057.8	70 +/- 4%	-	4059	4040	0	19	no	-	-	-	-	ugcaaaccauguauggucgaca	ucgccucuacuaugauuguu	ucgccucuacuaugauuguuguauuugcaaaccauguauggucgaca	scaffold6:92884981..92885028:+	EC2	scaffold6	+	92884981	92885028	no	4	EC
scaffold6_881520	2057.8	70 +/- 4%	-	4059	4040	0	19	no	-	-	-	-	ugcaaaccauguauggucgaca	ucgccucuacuaugauuguu	ucgccucuacuaugauuguuguauuugcaaaccauguauggucgaca	scaffold6:92897108..92897155:+	EC2	scaffold6	+	92897108	92897155	no	4	EC
scaffold6_585401	62.6	67 +/- 3%	-	127	118	0	9	yes	-	-	-	-	uuucaaugauguauacuuugg	uuguguguuucuuugaauaacc	uuguguguuucuuugaauaaccuuuuaugguuuuucaaugauguauacuuugg	scaffold6:97244565..97244618:+	AMP2	scaffold6	+	97244565	97244618	no	10	AMP
scaffold6_588772	12832.1	67 +/- 3%	-	25239	25190	0	49	no	-	-	-	-	uuuuucauugauucauacuugg	uauuguguaucuuugcaaaacc	uauuguguaucuuugcaaaacccuaugcgauuuuucauugauucauacuugg	scaffold6:104003834..104003886:+	AMP2	scaffold6	+	104003834	104003886	no	19	AMP
scaffold6_590160	7592.9	67 +/- 3%	-	14896	6896	0	8000	yes	-	-	-	-	uuguguguaucuuugaauaacc	uuucauugauguauacuuugg	uuguguguaucuuugaauaaccuuaaaugguuuucauugauguauacuuugg	scaffold6:411529..411581:-	AMP2	scaffold6	-	411529	411581	no	24	AMP
scaffold6_741033	320.4	72 +/- 3%	-	627	609	0	18	yes	-	-	-	-	cauuuacauugguauggacau	uccauaacuuuguaaauuucu	cauuuacauugguauggacauguucaagcaacauguccauaacuuuguaaauuucu	scaffold6:14630843..14630899:-	SMA1	scaffold6	-	14630843	14630899	yes	2	SMA
scaffold6_596866	1268.8	67 +/- 3%	-	2492	2228	0	264	yes	-	-	-	-	uaguguguaacuuugacgaacc	uucauuguuguauacuugg	uaguguguaacuuugacgaaccuuauacgguuuucauuguuguauacuugg	scaffold6:15021967..15022018:-	AMP2	scaffold6	-	15021967	15022018	no	16	AMP
scaffold6_597500	2318.7	67 +/- 3%	-	4553	3248	0	1305	yes	-	-	-	-	caauuugcuuuuggauuugugg	acaaaucuggaguauuauugga	acaaaucuggaguauuauuggaacauauuuccaauuugcuuuuggauuugugg	scaffold6:16841735..16841788:-	AMP2	scaffold6	-	16841735	16841788	no	31	AMP
scaffold6_598429	4650.2	67 +/- 3%	-	9127	9027	0	100	yes	-	-	-	-	uuuuucauugauguaugcuugg	uagugugugucuuugaggaacu	uagugugugucuuugaggaacuuuauauaguuuuucauugauguaugcuugg	scaffold6:19170835..19170887:-	AMP2	scaffold6	-	19170835	19170887	no	18	AMP
scaffold6_776648	4306.0	78 +/- 3%	-	8448	4287	0	4161	yes	-	-	-	-	uuguucauugauauaugcuucgg	uaguguguaucuuugaagaa	uaguguguaucuuugaagaaccuuauuaugguuguucauugauauaugcuucgg	scaffold6:22741230..22741284:-	PL2	scaffold6	-	22741230	22741284	no	18	PL
scaffold6_879501	24.5	74 +/- 4%	-	44	30	0	14	yes	-	-	-	-	aggaggaaaaucaaaaccauc	augguuuugauuuuccuccu	aggaggaaaaucaaaaccaucaguaaauuacgaacgaaugaacauucguucgucauauacugaugguuuugauuuuccuccu	scaffold6:25190135..25190217:-	GA2	scaffold6	-	25190135	25190217	no	8	GA
scaffold6_601706	11908.6	67 +/- 3%	-	23364	22035	0	1329	yes	-	-	-	-	uucuucauugauguaugcuucg	uaguguguaucuuugaauaauc	uaguguguaucuuugaauaaucuuauuaugguucuucauugauguaugcuucg	scaffold6:27409294..27409347:-	AMP2	scaffold6	-	27409294	27409347	no	12	AMP
scaffold6_606440	363.8	67 +/- 3%	-	714	455	0	259	yes	-	-	-	-	uaguguauauccuugaagaa	cuucauugauguaggcuuugg	uaguguauauccuugaagaaccuuauuaugguucuucauugauguaggcuuugg	scaffold6:41134787..41134841:-	AMP2	scaffold6	-	41134787	41134841	no	27	AMP
scaffold6_606733	195.1	67 +/- 3%	-	392	284	0	108	yes	-	-	-	-	uuuuucauugaucuauacuug	uagugugaaucuuugaagaacc	uagugugaaucuuugaagaaccucucacauacaguuuuucauugaucuauacuug	scaffold6:42196375..42196430:-	AMP2	scaffold6	-	42196375	42196430	no	15	AMP
scaffold6_866551	203.1	67 +/- 3%	-	410	392	0	18	no	-	-	-	-	cauuucuguaucuuguauaaugccu	ccacgaaguauugaacauuaaa	ccacgaaguauugaacauuaaacauuucuguaucuuguauaaugccu	scaffold6:44963175..44963222:-	PDii1	scaffold6	-	44963175	44963222	no	6	PDii
scaffold6_477785	1320235.6	68 +/- 3%	-	2589583	2589179	0	404	yes	asu-miR-7-5p	-	-	-	uggaagacuggugauuuuguugu	aacauuuucgcagucuucucac	uggaagacuggugauuuuguuguuucauuaaacaacauuuucgcagucuucucac	scaffold6:51350094..51350149:-	IST1	scaffold6	-	51350094	51350149	no	33	IST
scaffold6_894345	128.1	74 +/- 4%	-	250	231	0	19	yes	-	-	-	-	auaccggagguauggcucuau	ugagacguagcuccgguauagc	ugagacguagcuccgguauagccuuuacccaauaucuaguugcuauaccggagguauggcucuau	scaffold6:53018281..53018346:-	GA2	scaffold6	-	53018281	53018346	no	17	GA
scaffold6_514428	2899.2	90 +/- 2%	-	5686	5680	0	6	yes	-	-	-	-	uuugguccuauucacucuuuca	ugagggugcaauggugaccaca	ugagggugcaauggugaccacaaccucuuaagguuugguccuauucacucuuuca	scaffold6:63211588..63211643:-	HL1	scaffold6	-	63211588	63211643	no	15	HL
scaffold6_499882	278.9	67 +/- 3%	-	550	531	0	19	yes	-	-	-	-	uuugguccuacaaacuuucuua	agaaaguaugcaggccuuaaacu	agaaaguaugcaggccuuaaacuuuaacuaguuugguccuacaaacuuucuua	scaffold6:63216527..63216580:-	IST3	scaffold6	-	63216527	63216580	no	12	IST
scaffold6_900808	29.6	74 +/- 4%	-	54	51	0	3	yes	-	-	-	-	gauucauuguuuguauugcgc	gcaauacaaacaaugaguc	gcaauacaaacaaugagucggcguaaaguuuacgcugauucauuguuuguauugcgc	scaffold6:63840050..63840107:-	GA2	scaffold6	-	63840050	63840107	no	10	GA
scaffold6_615188	270088.5	67 +/- 3%	-	529767	526489	0	3278	yes	-	-	-	-	gccagagauccccagaacccuau	cggguguggugauuucuguacuu	cggguguggugauuucuguacuuucuaaaagccagagauccccagaacccuau	scaffold6:64006086..64006139:-	AMP2	scaffold6	-	64006086	64006139	yes	30	AMP
scaffold6_836403	225.4	69 +/- 3%	-	466	405	0	61	no	-	-	-	-	ugguaaaucaggugaaguugugg	caagugaucaauuggauuuagg	caagugaucaauuggauuuagguagaaaaauugguaaaucaggugaaguugugg	scaffold6:67635071..67635125:-	PDii3	scaffold6	-	67635071	67635125	yes	12	PDii
scaffold6_617949	45549.2	67 +/- 3%	-	89343	72687	0	16656	yes	-	-	-	-	uucuucauugauguaugcuuug	uaguguacauccuugaagaacc	uaguguacauccuugaagaaccuuauuaugguucuucauugauguaugcuuug	scaffold6:71138495..71138548:-	AMP2	scaffold6	-	71138495	71138548	no	33	AMP
scaffold6_832367	1302.2	48 +/- 4%	-	2562	2536	0	26	no	-	-	-	-	uugacgucaucaucuucccg	ucguggugauuggacgug	ucguggugauuggacgugguuccauugacgucaucaucuucccg	scaffold6:72947432..72947476:-	PH2	scaffold6	-	72947432	72947476	no	4	PH
scaffold6_874159	1.4	77 +/- 2%	-	184	176	0	8	yes	-	-	-	-	uauaucaaggaugcggaugug	cgcguccgcaacccugcuaugu	uauaucaaggaugcggaugugauuuuuuuucggucgcguccgcaacccugcuaugu	scaffold6:77674242..77674298:-	PL3	scaffold6	-	77674242	77674298	no	17	PL
scaffold6_625478	1.1	76 +/- 2%	-	28673	21349	0	7324	yes	-	-	-	-	uuucauugaugcaugcuuugg	uaaguauguaucuuugaaaaa	uaaguauguaucuuugaaaaaugcuauauauuuuucauugaugcaugcuuugg	scaffold6:91525119..91525172:-	AMP2	scaffold6	-	91525119	91525172	no	28	AMP
scaffold6_630133	10327.6	60 +/- 3%	-	20258	20257	0	1	yes	-	-	-	-	ugguguauauguuugaagaacc	uuuuucauuuauauauacaugg	ugguguauauguuugaagaaccuuauaugguuuuucauuuauauauacaugg	scaffold6:94790355..94790407:-	AMP1	scaffold6	-	94790355	94790407	no	10	AMP
scaffold6_627658	3925.5	67 +/- 3%	-	7727	7307	0	420	no	-	-	-	-	uaaguauguaucuuugaaaaa	uuucauugauguaagcuuugg	uaaguauguaucuuugaaaaaugcaauuauuuuucauugauguaagcuuugg	scaffold6:97894856..97894908:-	AMP2	scaffold6	-	97894856	97894908	no	25	AMP
scaffold7_632580	3346.6	67 +/- 3%	-	6581	6441	0	140	no	-	-	-	-	ucugcuauuguuacauaacugc	cguuauuuaauaaucaguagaau	cguuauuuaauaaucaguagaaucacacauucugcuauuguuacauaacugc	scaffold7:440429..440481:+	AMP2	scaffold7	+	440429	440481	no	33	AMP
scaffold7_641639	5957.0	60 +/- 3%	-	11683	11588	0	95	yes	-	-	-	-	uaguguguaucuuugaagaa	uuucauugauguauacuugga	uaguguguaucuuugaagaaccuuauaugguuuuucauugauguauacuugga	scaffold7:9219622..9219675:+	AMP1	scaffold7	+	9219622	9219675	yes	5	AMP
scaffold7_606343	476.7	58 +/- 3%	-	936	742	0	194	yes	-	-	-	-	cuuuauugauguaugcuuugg	uaguguauauccuugaagaacc	uaguguauauccuugaagaaccuuauuaugguucuuuauugauguaugcuuugg	scaffold7:22024744..22024798:+	AMP3	scaffold7	+	22024744	22024798	no	25	AMP
scaffold7_650760	87.0	60 +/- 3%	-	181	176	0	5	yes	-	-	-	-	uuucauugauauaugcuuggg	uaguguguauccuuaaagaacu	uaguguguauccuuaaagaacuuuauacaguuuuucauugauauaugcuuggg	scaffold7:30721295..30721348:+	AMP1	scaffold7	+	30721295	30721348	no	6	AMP
scaffold7_649775	70589.8	67 +/- 3%	-	138474	131189	0	7285	yes	-	-	-	-	uuucauugauguaugcuuugg	uaaguauguaucuuugaaaaa	uaaguauguaucuuugaaaaauguuauauauuuucauugauguaugcuuugg	scaffold7:35328328..35328380:+	AMP2	scaffold7	+	35328328	35328380	no	22	AMP
scaffold7_933112	1063.4	67 +/- 3%	-	2105	1710	367	28	no	-	-	-	-	ggcuacucgugcugauucuaaug	augacucaugcaugcaaagccaa	augacucaugcaugcaaagccaaucgauuucuaaagacucaccacggaggauggcuacucgugcugauucuaaug	scaffold7:43614357..43614432:+	PDii1	scaffold7	+	43614357	43614432	no	21	PDii
scaffold7_616430	766.9	58 +/- 3%	-	1523	1517	0	6	no	-	-	-	-	uagcauuucaguuguagagagag	cgcucuuaacgugauuuguu	uagcauuucaguuguagagagagagaccauguuuucgcucuuaacgugauuuguu	scaffold7:47626912..47626967:+	AMP3	scaffold7	+	47626912	47626967	no	4	AMP
scaffold7_997412	31.6	70 +/- 4%	-	69	65	0	4	yes	-	-	-	-	ucuagccgaaaugucugcaaaa	uugcauucauuucuagcuaaaga	ucuagccgaaaugucugcaaaaaucgaauucgauuugcauucauuucuagcuaaaga	scaffold7:54875599..54875656:+	EC2	scaffold7	+	54875599	54875656	no	8	EC
scaffold7_515954	127.9	68 +/- 3%	-	267	260	0	7	no	-	-	-	-	uagcaauuggguuuuagagagag	cgcuuuuaacgcgauuugcuugc	uagcaauuggguuuuagagagagauuuuguucucgcuuuuaacgcgauuugcuugc	scaffold7:55873647..55873703:+	IST1	scaffold7	+	55873647	55873703	yes	21	IST
scaffold7_663285	6350.4	67 +/- 3%	-	12456	10959	0	1497	yes	-	-	-	-	uaaagcuagucuaccaaaguu	ucuuugguaugguuagcuucuaug	ucuuugguaugguuagcuucuauguuugucauaaagcuagucuaccaaaguu	scaffold7:68668448..68668500:+	AMP2	scaffold7	+	68668448	68668500	no	33	AMP
scaffold7_664305	7646.4	67 +/- 3%	-	15003	14980	0	23	yes	-	-	-	-	uagcaauucaguuuuagagagag	cgcucuuagcgugauuugcu	uagcaauucaguuuuagagagagguuuuguucucgcucuuagcgugauuugcu	scaffold7:70739175..70739228:+	AMP2	scaffold7	+	70739175	70739228	no	23	AMP
scaffold7_919586	682.3	76 +/- 2%	-	1335	1305	0	30	yes	-	-	-	-	caucaaaagguucucgucug	gacgagcaucuuuuugacgua	gacgagcaucuuuuugacguauaucaaaugauauacaucaaaagguucucgucug	scaffold7:74207055..74207110:+	PL1	scaffold7	+	74207055	74207110	no	5	PL
scaffold7_665609	2676.8	67 +/- 3%	-	5252	4809	0	443	yes	-	-	-	-	uagugugugucuuugacgaa	cuucauugaugcaugcuuagg	uagugugugucuuugacgaaccuuguuaugguucuucauugaugcaugcuuagg	scaffold7:75098517..75098571:+	AMP2	scaffold7	+	75098517	75098571	yes	12	AMP
scaffold7_522222	28348.0	68 +/- 3%	-	55602	51580	0	4022	yes	-	-	-	-	auaaaguuguguaaaaucguu	cgauuuucacugcuuuauug	auaaaguuguguaaaaucguuucucugugauaaacgauuuucacugcuuuauug	scaffold7:76720234..76720288:+	IST1	scaffold7	+	76720234	76720288	no	29	IST
scaffold7_653989	7311.5	86 +/- 2%	-	14341	5359	0	8982	yes	-	-	-	-	uagcaauucaguuuuagagagag	cgcucuuaacgugaauugcuugc	uagcaauucaguuuuagagagagauuuuguucucgcucuuaacgugaauugcuugc	scaffold7:77999090..77999146:+	PH1	scaffold7	+	77999090	77999146	no	20	PH
scaffold7_543625	32.3	67 +/- 3%	-	75	41	33	1	no	-	-	-	-	gagccuggguggugucac	aggcaccaugguguaguggu	aggcaccaugguguagugguuaucacaucugccuaacacgcagaagguccacaguuugagccuggguggugucac	scaffold7:83266513..83266588:+	IST3	scaffold7	+	83266513	83266588	no	2	IST
scaffold7_672011	11908.6	67 +/- 3%	-	23364	22035	0	1329	yes	-	-	-	-	uucuucauugauguaugcuucg	uaguguguaucuuugaauaauc	uaguguguaucuuugaauaaucuuauuaugguucuucauugauguaugcuucg	scaffold7:92327377..92327430:+	AMP2	scaffold7	+	92327377	92327430	no	12	AMP
scaffold7_989437	84.3	74 +/- 4%	-	213	212	0	1	no	-	-	-	-	uccaugccugugaucucc	gcucacucgcaaauuggacc	uccaugccugugaucuccuucuauucaaucgcuugcucacucgcaaauuggacc	scaffold7:92559474..92559528:+	GA2	scaffold7	+	92559474	92559528	yes	2	GA
scaffold7_672504	31149.9	67 +/- 3%	-	61097	49944	0	11153	yes	-	-	-	-	cucuguuuacaugugacauguc	augucucguguaaacagaauu	cucuguuuacaugugacaugucccagacaugucucguguaaacagaauu	scaffold7:93384989..93385038:+	AMP2	scaffold7	+	93384989	93385038	no	33	AMP
scaffold7_662099	53.1	86 +/- 2%	-	120	99	0	21	no	-	-	-	-	ugcuguacuuugucugaguugcu	cagcucuuucauuguauaaggaa	cagcucuuucauuguauaaggaagugacaauugcuguacuuugucugaguugcu	scaffold7:99356895..99356949:+	PH1	scaffold7	+	99356895	99356949	no	13	PH
scaffold7_675096	319.3	67 +/- 3%	-	625	618	0	7	yes	-	-	-	-	acacuaucgacuuuuaucaccg	augauaaaagucuauaguggg	acacuaucgacuuuuaucaccgauuucuugacagaugauaaaagucuauaguggg	scaffold7:499332..499387:-	AMP2	scaffold7	-	499332	499387	no	3	AMP
scaffold7_636303	51.2	58 +/- 3%	-	117	107	0	10	no	-	-	-	-	gaugucuuuuuaaguaacucuc	gagcgacuuuaaagguauuuga	gaugucuuuuuaaguaacucuccaagugugagagcgacuuuaaagguauuuga	scaffold7:2017201..2017254:-	AMP3	scaffold7	-	2017201	2017254	no	19	AMP
scaffold7_957641	1717.8	75 +/- 2%	-	3368	3358	0	10	yes	-	-	-	-	uuacauugguauggacaugu	cauguccauaacuuuguaaauuuc	uuacauugguauggacauguucaagcaacauguccauaacuuuguaaauuuc	scaffold7:3602715..3602767:-	PL3	scaffold7	-	3602715	3602767	no	4	PL
scaffold7_489884	67.5	89 +/- 2%	-	146	141	0	5	yes	-	-	-	-	uguuauuuaauaaucuguagaau	ucugcuauuguuccauaacugc	uguuauuuaauaaucuguagaaugacacauucugcuauuguuccauaacugc	scaffold7:4127181..4127233:-	PH3	scaffold7	-	4127181	4127233	yes	11	PH
scaffold7_1002068	375.5	74 +/- 4%	-	751	482	0	269	no	-	-	-	-	uagcguguaucuuugagaaacu	uucuucauugauuuaugcuuug	uagcguguaucuuugagaaacuuuguuaugguucuucauugauuuaugcuuug	scaffold7:7989815..7989868:-	GA2	scaffold7	-	7989815	7989868	yes	2	GA
scaffold7_766281	1210.6	77 +/- 3%	-	2381	2380	0	1	yes	-	-	-	-	uaguguguaucuuugaggaa	guucaaugaugcaugcuuggg	uaguguguaucuuugaggaacuuuauauagcuguucaaugaugcaugcuuggg	scaffold7:9205909..9205962:-	PDi1	scaffold7	-	9205909	9205962	yes	3	PDi
scaffold7_682105	3.0	68 +/- 2%	-	139	132	3	4	yes	-	-	-	-	uguuuagacgugacauucgcu	gcgaaugucacgucuaaac	gcgaaugucacgucuaaacgcccaaaacacgcgacauucaaguagagaaugucgcguguuuugaguguuuagacgugacauucgcu	scaffold7:12548370..12548456:-	AMP2	scaffold7	-	12548370	12548456	no	8	AMP
scaffold7_683836	15.5	67 +/- 3%	-	30	25	0	5	yes	-	-	-	-	agcacaccuguaucugccugu	caggcaauuacaguguacuug	agcacaccuguaucugccuguaggacguucucaggcaauuacaguguacuug	scaffold7:17003569..17003621:-	AMP2	scaffold7	-	17003569	17003621	no	2	AMP
scaffold7_676690	7311.9	86 +/- 2%	-	14341	5359	0	8982	yes	-	-	-	-	uagcaauucaguuuuagagagag	cgcucuuaacgugaauugcuugc	uagcaauucaguuuuagagagagauuuuguucucgcucuuaacgugaauugcuugc	scaffold7:28507287..28507343:-	PH1	scaffold7	-	28507287	28507343	no	20	PH
scaffold7_690360	328.8	67 +/- 3%	-	643	508	0	135	yes	-	-	-	-	uagauuuuugcccguuauuguug	caauaacgggcaaaaucuau	caauaacgggcaaaaucuaucauaaauaauagauuuuugcccguuauuguug	scaffold7:31323608..31323660:-	AMP2	scaffold7	-	31323608	31323660	no	31	AMP
scaffold7_712785	57.2	87 +/- 2%	-	122	54	0	68	yes	-	-	-	-	ucugcuauuguuauguaacugc	uguuauuuaauaaucuguagaau	uguuauuuaauaaucuguagaauaacacauucugcuauuguuauguaacugc	scaffold7:33594354..33594406:-	HL2	scaffold7	-	33594354	33594406	yes	2	HL
scaffold7_652385	496.6	58 +/- 3%	-	993	926	65	2	no	-	-	-	-	guuggauuucugaagucaguc	ugcaggaauuaugauuggagu	ugcaggaauuaugauuggagucuagagaugaaauuuaauguauucauuucuuucuagaaauguuggauuucugaagucaguc	scaffold7:36513323..36513405:-	AMP3	scaffold7	-	36513323	36513405	no	6	AMP
scaffold7_452655	140.7	72 +/- 3%	-	290	243	0	47	yes	-	-	-	-	uagcauuucaguuguagagaga	acucuuaaugugauuugcuugc	uagcauuucaguuguagagagaaaccauguuuucacucuuaaugugauuugcuugc	scaffold7:38632151..38632207:-	IST2	scaffold7	-	38632151	38632207	no	4	IST
scaffold7_694348	20.1	67 +/- 3%	-	42	34	0	8	yes	-	-	-	-	uuuuucauuuauauauacuuggu	ugguguauauguuugaauaacc	ugguguauauguuugaauaaccuuaugugguuuuucauuuauauauacuuggu	scaffold7:39858228..39858281:-	AMP2	scaffold7	-	39858228	39858281	no	2	AMP
scaffold7_694862	2430.1	67 +/- 3%	-	4786	4294	0	492	yes	-	-	-	-	guuuuuauugauguaugcuuug	uagugugugucuuugaagaa	uagugugugucuuugaagaaccuuauuaugguuuuuauugauguaugcuuug	scaffold7:40744701..40744753:-	AMP2	scaffold7	-	40744701	40744753	no	7	AMP
scaffold7_962249	1033.2	76 +/- 2%	-	2031	1533	0	498	yes	-	-	-	-	ucccaguguauaucucugaaga	uuucauugauguaugcuaggg	ucccaguguauaucucugaagaaauuuauacuguuuuucauugauguaugcuaggg	scaffold7:42467160..42467216:-	PL1	scaffold7	-	42467160	42467216	no	17	PL
scaffold7_962319	1014.1	76 +/- 2%	-	1995	1533	0	462	yes	-	-	-	-	ucccaguguauaucucugaaga	uuucauugauguaugcuaggg	ucccaguguauaucucugaagaaauuuauacuguuuuucauugauguaugcuaggg	scaffold7:42559697..42559753:-	PL1	scaffold7	-	42559697	42559753	no	17	PL
scaffold7_995825	1063.4	67 +/- 3%	-	2105	1710	367	28	no	-	-	-	-	ggcuacucgugcugauucuaaug	augacucaugcaugcaaagccaa	augacucaugcaugcaaagccaaucgauuucuaaagacucaccacggaggauggcuacucgugcugauucuaaug	scaffold7:43549968..43550043:-	PDii1	scaffold7	-	43549968	43550043	no	20	PDii
scaffold7_987063	3448.0	75 +/- 2%	-	6762	6700	0	62	yes	-	-	-	-	uuugcauguaaucauucggua	cugggugauuacaugcauacu	uuugcauguaaucauucgguaauacaauacugggugauuacaugcauacu	scaffold7:46976426..46976476:-	PL3	scaffold7	-	46976426	46976476	no	33	PL
scaffold7_987076	2036.7	75 +/- 2%	-	3993	3914	0	79	yes	-	-	-	-	uaugcauguaaucauucggua	cugggugauuacaugcauacg	uaugcauguaaucauucgguaauucaauacugggugauuacaugcauacg	scaffold7:46978883..46978933:-	PL3	scaffold7	-	46978883	46978933	no	32	PL
scaffold7_987083	1991.9	75 +/- 2%	-	3915	3914	0	1	yes	-	-	-	-	uaugcauguaaucauucggua	uuaggugauuaaaugcguacu	uaugcauguaaucauucgguaauucaauauuaggugauuaaaugcguacu	scaffold7:46981526..46981576:-	PL3	scaffold7	-	46981526	46981576	no	24	PL
scaffold7_997261	1998.3	75 +/- 2%	-	3917	3914	0	3	yes	-	-	-	-	uaugcauguaaucauucggua	acugagugauugcaugcguac	uaugcauguaaucauucgguaauuauauaucauuacugagugauugcaugcguac	scaffold7:63958997..63959052:-	PL3	scaffold7	-	63958997	63959052	no	16	PL
scaffold7_705335	17.3	67 +/- 3%	-	64	62	0	2	no	-	-	-	-	guacuucaugaauuucgucu	caaacauauggacuggaucc	guacuucaugaauuucgucuugaaagcagacaaacauauggacuggaucc	scaffold7:66319706..66319756:-	AMP2	scaffold7	-	66319706	66319756	no	2	AMP
scaffold7_706184	97976.6	67 +/- 3%	-	192176	190627	0	1549	yes	-	-	-	-	uaaagcuagucuaccaaaguug	ucuuugguaugguuagcuucuaug	ucuuugguaugguuagcuucuauguuugucauaaagcuagucuaccaaaguug	scaffold7:68543676..68543729:-	AMP2	scaffold7	-	68543676	68543729	no	33	AMP
scaffold7_666699	3139.9	58 +/- 3%	-	6158	6080	0	78	yes	-	-	-	-	uauaaaguugugcaaaaucguu	gauuuucacugcuuuauugca	uauaaaguugugcaaaaucguuucucugcgauaaaugauuuucacugcuuuauugca	scaffold7:74962594..74962651:-	AMP3	scaffold7	-	74962594	74962651	no	18	AMP
scaffold7_1006691	99.5	75 +/- 2%	-	226	189	13	24	no	-	-	-	-	uuucacaagaguugguuaggaa	uuaaucaacaauuugaagucacgca	uuaaucaacaauuugaagucacgcaaacagaacauuggaaaaugguugaauucuugguaccauucccagcaguaaauuuuucacaagaguugguuaggaa	scaffold7:79281775..79281875:-	PL3	scaffold7	-	79281775	79281875	no	7	PL
scaffold7_698579	33.7	86 +/- 2%	-	62	56	0	6	yes	-	-	-	-	caacgcuaauuaucucggguc	cccgagauaauuagcguugug	caacgcuaauuaucucgggucuaaccacccgagauaauuagcguugug	scaffold7:81335729..81335777:-	PH1	scaffold7	-	81335729	81335777	no	4	PH
scaffold7_711732	85.0	67 +/- 3%	-	182	180	0	2	yes	-	-	-	-	uuauucauugauguaugcuugg	uaguguguauccuuaaagaacu	uaguguguauccuuaaagaacuuuauaugguuauucauugauguaugcuugg	scaffold7:84038244..84038296:-	AMP2	scaffold7	-	84038244	84038296	yes	9	AMP
scaffold7_557600	2830.7	68 +/- 3%	-	5556	3587	0	1969	yes	-	-	-	-	uagugugugucuuugacgaa	uuucauugauauaugcuuagg	uagugugugucuuugacgaaccuuguuaugguuuuucauugauauaugcuuagg	scaffold7:86321126..86321180:-	IST1	scaffold7	-	86321126	86321180	no	3	IST
scaffold7_935144	620.0	78 +/- 3%	-	1224	1223	0	1	yes	-	-	-	-	uuguucauuggcauauacuugg	ugguauauguuuuugaaaaccu	ugguauauguuuuugaaaaccucauacaguuguucauuggcauauacuugg	scaffold7:98689655..98689706:-	PL2	scaffold7	-	98689655	98689706	no	11	PL
scaffold8_1041656	29.1	75 +/- 3%	-	66	63	0	3	no	-	-	-	-	guguguguguguguugau	cugcacuaccgcaccuaga	guguguguguguguugauagauucugcacuaccgcaccuaga	scaffold8:206902..206944:+	DI1	scaffold8	+	206902	206944	no	4	DI
scaffold8_707305	35.5	86 +/- 2%	-	75	54	0	21	yes	-	-	-	-	uccuguacuuuggcugagucgcu	cagcucuuucauuguauaaggaa	cagcucuuucauuguauaaggaagugacaauuccuguacuuuggcugagucgcu	scaffold8:4343013..4343067:+	PH1	scaffold8	+	4343013	4343067	no	7	PH
scaffold8_723035	3.2	63 +/- 2%	-	571	140	359	72	yes	-	-	-	-	uuuagacgugacauucgcuca	gaaugucacgucuaaacacc	gaaugucacgucuaaacaccaaaaacacgcgacauucucuacuugagugguugaaugucgcguguuuugguuguuuagacgugacauucgcuca	scaffold8:4584332..4584426:+	AMP1	scaffold8	+	4584332	4584426	no	5	AMP
scaffold8_1021305	690.8	75 +/- 2%	-	1367	1237	42	88	no	-	-	-	-	uggcuacucgugcugauucuaaug	augacucacgcaugcaaagccaa	augacucacgcaugcaaagccaaucgauuucuaaagacucaccacagaggauggcuacucgugcugauucuaaug	scaffold8:5809299..5809374:+	PL3	scaffold8	+	5809299	5809374	yes	4	PL
scaffold8_1074949	33.9	72 +/- 3%	-	114	97	15	2	no	-	-	-	-	uguuuagugacgaauccaagau	caaagauucgacacacguuacacg	uguuuagugacgaauccaagauuuccuaguuuacaucauaccggccacacguuugacgaccaagaaaccaaagauucgacacacguuacacg	scaffold8:7357224..7357316:+	PDii2	scaffold8	+	7357224	7357316	no	5	PDii
scaffold8_720726	0.2	69 +/- 2%	-	128	119	0	9	yes	-	-	-	-	auugcugacucaacuguccc	uuuacaguugggcagcuccg	auugcugacucaacugucccguuuacaguugggcagcuccg	scaffold8:8862822..8862863:+	AMP2	scaffold8	+	8862822	8862863	no	3	AMP
scaffold8_721059	418.1	67 +/- 3%	-	820	464	0	356	yes	-	-	-	-	uuuuucauugagguaugcucgg	uaguguguauccuugaagaacc	uaguguguauccuugaagaaccuuauaugguuuuucauugagguaugcucgg	scaffold8:9783101..9783153:+	AMP2	scaffold8	+	9783101	9783153	no	7	AMP
scaffold8_1038092	188.3	67 +/- 3%	-	389	376	0	13	no	-	-	-	-	cuuuuguacauaaacguuguug	auccgaauuggguguaucaaagg	auccgaauuggguguaucaaagggaacuuuuguacauaaacguuguug	scaffold8:16330347..16330395:+	PDii1	scaffold8	+	16330347	16330395	no	6	PDii
scaffold8_983690	1938.8	48 +/- 4%	-	3836	3053	767	16	no	-	-	-	-	uguaaaucaaauaaaccug	agaguaugguuuggaauuga	agaguaugguuuggaauugacgaaaaugauggaaaagcggaauggugugcaacgcauacaaucacuugaaaccuuuguaaaucaaauaaaccug	scaffold8:26009634..26009728:+	PH2	scaffold8	+	26009634	26009728	no	2	PH
scaffold8_574333	9932.8	68 +/- 3%	-	19492	19490	0	2	yes	-	-	-	-	guuuccauugauguaugcuuug	uugugugcaucuuugaaaaaac	uugugugcaucuuugaaaaaaccugauauggguuuccauugauguaugcuuug	scaffold8:41386531..41386584:+	IST1	scaffold8	+	41386531	41386584	no	21	IST
scaffold8_738109	43.0	60 +/- 3%	-	111	110	0	1	no	-	-	-	-	uguguguuguguaugugua	uauauauauauauauauauggg	uauauauauauauauauauggguguguguuguguaugugua	scaffold8:41763152..41763193:+	AMP1	scaffold8	+	41763152	41763193	no	6	AMP
scaffold8_1100522	22.5	72 +/- 3%	-	44	31	0	13	yes	-	-	-	-	aaagucgauagugggaacaca	guucagacuugacuuuuaucagc	guucagacuugacuuuuaucagcugguaaaaaagcugauaguguucaguucuuaacagauaauaaaagucgauagugggaacaca	scaffold8:47886989..47887074:+	PDii2	scaffold8	+	47886989	47887074	no	5	PDii
scaffold8_1049997	926.6	75 +/- 2%	-	1830	1799	0	31	no	-	-	-	-	uaguguguaucuuugaauaa	cuucauugaugcgugcuuuga	uaguguguaucuuugaauaaccuuauauggcucuucauugaugcgugcuuuga	scaffold8:54225015..54225068:+	PL3	scaffold8	+	54225015	54225068	no	10	PL
scaffold8_579433	1468.0	68 +/- 3%	-	2906	2841	0	65	no	-	-	-	-	aggaccaaguagacaagugcu	gugcuaaaaucaagaugguug	gugcuaaaaucaagaugguugacacaggaccaaguagacaagugcu	scaffold8:55157539..55157585:+	IST1	scaffold8	+	55157539	55157585	yes	2	IST
scaffold8_1000802	22224.7	48 +/- 4%	-	43637	43636	0	1	no	-	-	-	-	uggauuguauauaccaagugugcg	acacaucuuugggaaaauu	acacaucuuugggaaaauucaaauuacuuuggauuguauauaccaagugugcg	scaffold8:55182157..55182210:+	PH2	scaffold8	+	55182157	55182210	no	3	PH
scaffold8_743589	1269.2	67 +/- 3%	-	2492	2228	0	264	yes	-	-	-	-	uaguguguaacuuugacgaacc	uucauuguuguauacuugg	uaguguguaacuuugacgaaccuuauaugguuuucauuguuguauacuugg	scaffold8:60658431..60658482:+	AMP2	scaffold8	+	60658431	60658482	no	16	AMP
scaffold8_1054746	48.3	75 +/- 2%	-	109	94	14	1	yes	-	-	-	-	ugguuucuuaucuuaauugg	auuauagcgaacaaugug	auuauagcgaacaaugugauaggauaauuuugaaauaauuugaauucuuccaauaugguuucuuaucuuaauugg	scaffold8:61192364..61192439:+	PL3	scaffold8	+	61192364	61192439	no	3	PL
scaffold8_700781	220.5	58 +/- 3%	-	457	437	0	20	no	-	-	-	-	auucauugauguaugcuuggg	uaaaguguaucuuugaggaa	uaaaguguaucuuugaggaacuuuauauaguuauucauugauguaugcuuggg	scaffold8:62879835..62879888:+	AMP3	scaffold8	+	62879835	62879888	yes	8	AMP
scaffold8_1031457	35.9	76 +/- 2%	-	68	48	0	20	yes	-	-	-	-	cuuuccaaaucuuuggcaauu	ugccaaauauuuggaaucgau	ugccaaauauuuggaaucgauuugcaaauccuuuccaaaucuuuggcaauu	scaffold8:63036630..63036681:+	PL1	scaffold8	+	63036630	63036681	no	11	PL
scaffold8_746761	64.4	67 +/- 3%	-	124	116	0	8	yes	-	-	-	-	uaagcacacaaguuugacugugu	acggucaaacuuugugugccgagc	acggucaaacuuugugugccgagcaauuauguaacuaagcacacaaguuugacugugu	scaffold8:67198040..67198098:+	AMP2	scaffold8	+	67198040	67198098	no	20	AMP
scaffold8_748538	147.8	67 +/- 3%	-	296	255	0	41	yes	-	-	-	-	aguauguauuuugaacaggaa	uuguuuacaaugcauaccgu	aguauguauuuugaacaggaacuauuuuuacgcuuguuuacaaugcauaccgu	scaffold8:71766074..71766127:+	AMP2	scaffold8	+	71766074	71766127	no	26	AMP
scaffold8_749939	17665.2	67 +/- 3%	-	34649	28055	0	6594	yes	-	-	-	-	uuagcuugugugucacguguuau	ugcacguacaacaacaagcugaaca	ugcacguacaacaacaagcugaacaaauuauuguuagcuugugugucacguguuau	scaffold8:74236805..74236861:+	AMP2	scaffold8	+	74236805	74236861	no	33	AMP
scaffold8_1020278	1.0	56 +/- 3%	-	514	450	11	53	yes	-	-	-	-	agcgagccauggaugguugacacug	caaccaaggugaaacucgcucu	agcgagccauggaugguugacacuggcauugagacugaagcaaagccuacgguuaaccaaccaaggugaaacucgcucu	scaffold8:87235423..87235502:+	PH2	scaffold8	+	87235423	87235502	no	10	PH
scaffold8_780166	113.0	87 +/- 2%	-	228	220	0	8	yes	-	-	-	-	ucgcauuucaguuuuagggagag	cgcucuuaacgcgauuugcuugc	ucgcauuucaguuuuagggagagauuuuguucucgcucuuaacgcgauuugcuugc	scaffold8:90972080..90972136:+	HL2	scaffold8	+	90972080	90972136	no	16	HL
scaffold8_1022282	770.5	48 +/- 4%	-	1548	1547	0	1	no	-	-	-	-	uugaauaggaauuugucug	uggcuuguaauguauucca	uugaauaggaauuugucuggguaaaccuggcuuguaauguauucca	scaffold8:91253054..91253100:+	PH2	scaffold8	+	91253054	91253100	no	2	PH
scaffold8_712353	135.9	58 +/- 3%	-	264	116	0	148	yes	-	-	-	-	caguuuaacuucauccauugc	uggacgaaguuaaacugcu	caguuuaacuucauccauugcgacaauuacaaggaauugucacaauggacgaaguuaaacugcu	scaffold8:92953665..92953729:+	AMP3	scaffold8	+	92953665	92953729	no	6	AMP
scaffold8_1073662	2.5	75 +/- 2%	-	6584	4918	0	1666	yes	-	-	-	-	uuaacuucguccauugugaca	ucgcaauggaugaaguuaaac	uuaacuucguccauugugacaauuccuuguaauugucgcaauggaugaaguuaaac	scaffold8:92998617..92998673:+	PL3	scaffold8	+	92998617	92998673	yes	3	PL
scaffold8_760321	22.7	67 +/- 3%	-	41	37	0	4	yes	-	-	-	-	uccacugauggggacuggugg	cacucauucucuaccaguggaca	uccacugauggggacugguggccuuccaugccacucauucucuaccaguggaca	scaffold8:3054768..3054822:-	AMP2	scaffold8	-	3054768	3054822	no	7	AMP
scaffold8_764149	424.1	60 +/- 3%	-	833	655	0	178	yes	-	-	-	-	cuucauugguguaugcuuuga	caguguguaucuuugaagaa	caguguguaucuuugaagaaccuuacuaugguucuucauugguguaugcuuuga	scaffold8:4356782..4356836:-	AMP1	scaffold8	-	4356782	4356836	no	27	AMP
scaffold8_598170	1821.3	68 +/- 3%	-	3583	3580	0	3	yes	-	-	-	-	uaguauguaucuuugaagaac	uuguucuuugauguaugcuugg	uaguauguaucuuugaagaacuuuauauaguuguucuuugauguaugcuugg	scaffold8:14552066..14552118:-	IST1	scaffold8	-	14552066	14552118	yes	3	IST
scaffold8_599711	500035.4	68 +/- 3%	-	980801	979993	0	808	yes	-	-	-	-	ugauauguuuuuauugggguug	ccccuauuuaagcauaucuua	ugauauguuuuuauugggguuguccaucaaccccuauuuaagcauaucuua	scaffold8:17900346..17900397:-	IST1	scaffold8	-	17900346	17900397	yes	33	IST
scaffold8_599713	307280.6	68 +/- 3%	-	602716	599197	0	3519	yes	-	-	-	-	ugauauguugaaguuagggguug	ccccaauuucagcauauuugu	ugauauguugaaguuagggguugcguuauaaccccaauuucagcauauuugu	scaffold8:17900470..17900522:-	IST1	scaffold8	-	17900470	17900522	no	33	IST
scaffold8_1051762	60.9	69 +/- 3%	-	136	131	0	5	no	-	-	-	-	uucaucgacaaacuuuaugccu	gcgaguuucagccgucgugaagc	uucaucgacaaacuuuaugccuccaugccugggcgaguuucagccgucgugaagc	scaffold8:24744009..24744064:-	PDii3	scaffold8	-	24744009	24744064	yes	3	PDii
scaffold8_769878	906.5	67 +/- 3%	-	1779	1036	0	743	yes	-	-	-	-	uuuugcauugaugaaugcuaga	uaggguucaucuuuguagaacc	uaggguucaucuuuguagaaccuuaauaugguuuugcauugaugaaugcuaga	scaffold8:24783768..24783821:-	AMP2	scaffold8	-	24783768	24783821	no	13	AMP
scaffold8_626359	78.1	67 +/- 3%	-	152	149	0	3	yes	-	-	-	-	acuaucgacuuuuaucaccg	augauagaacucgauaguggga	acuaucgacuuuuaucaccgauuucuuccagaugauagaacucgauaguggga	scaffold8:25577796..25577849:-	IST3	scaffold8	-	25577796	25577849	no	2	IST
scaffold8_774578	36.3	60 +/- 3%	-	74	66	0	8	yes	-	-	-	-	uuuuucauugauguauauuuugg	uuguguguaucuuugaaaaa	uuguguguaucuuugaaaaauccuauaugguuuuucauugauguauauuuugg	scaffold8:28617836..28617889:-	AMP1	scaffold8	-	28617836	28617889	no	3	AMP
scaffold8_1055820	129.8	69 +/- 3%	-	265	252	0	13	no	-	-	-	-	ggcaaaagaauauuugauugg	caacgauacauugaguugcugaa	ggcaaaagaauauuugauuggcccauuauuuauugaggaucgaauggacagccaacgauacauugaguugcugaa	scaffold8:32167713..32167788:-	PDii3	scaffold8	-	32167713	32167788	no	5	PDii
scaffold8_776178	5013.4	67 +/- 3%	-	9837	9762	0	75	yes	-	-	-	-	uugcucauucgcauauacugga	ugguauauguuuuugauaaacc	ugguauauguuuuugauaaaccucauaagguugcucauucgcauauacugga	scaffold8:41389709..41389761:-	AMP2	scaffold8	-	41389709	41389761	yes	32	AMP
scaffold8_776180	6675.9	67 +/- 3%	-	13095	13084	0	11	yes	-	-	-	-	uggucauaagcauaugcuugg	ugguguauguuuuuugaaaaac	ugguguauguuuuuugaaaaaccuuauaugguuggucauaagcauaugcuugg	scaffold8:41389907..41389960:-	AMP2	scaffold8	-	41389907	41389960	yes	18	AMP
scaffold8_1060833	2.4	71 +/- 2%	-	900	886	7	7	yes	-	-	-	-	gcaguaaugauguuaguagaga	ugcuggcaucauuacuguucu	gcaguaaugauguuaguagagacgauucugcugcagaauguguagcugcuggcaucauuacuguucu	scaffold8:41390274..41390341:-	PDii3	scaffold8	-	41390274	41390341	no	7	PDii
scaffold8_1181218	26.3	70 +/- 4%	-	52	44	2	6	yes	-	-	-	-	cauauauauauauauauaua	guguguguauguguugca	cauauauauauauauauauauauauauauauauauauacauguauauauacauauguguguguauguguugca	scaffold8:42224567..42224640:-	EC2	scaffold8	-	42224567	42224640	yes	2	EC
scaffold8_1146074	313.9	74 +/- 4%	-	635	634	0	1	no	-	-	-	-	uucgauucccggacagggagc	ucccuuuuggucuagugguuauu	ucccuuuuggucuagugguuauuauucgcggcuuucacccgcgcagcccgguuucgauucccggacagggagc	scaffold8:44800416..44800489:-	GA2	scaffold8	-	44800416	44800489	no	7	GA
scaffold8_802486	1588.9	87 +/- 2%	-	3126	3075	28	23	no	-	-	-	-	ccuguuggucuagugguuag	gguucgauucccggucagggagcuuu	ccuguuggucuagugguuaggauucgcggcuuucacccgcgcggcccugguucgauucccggucagggagcuuu	scaffold8:44806703..44806777:-	HL2	scaffold8	-	44806703	44806777	no	4	HL
scaffold8_802510	1571.4	87 +/- 2%	-	3092	3075	1	16	no	-	-	-	-	ccuguuggucuagugguuag	gguuugauucccggacagggagcuuu	ccuguuggucuagugguuaggauucgcggcuuucauccgcgcggcccagguuugauucccggacagggagcuuu	scaffold8:44828909..44828983:-	HL2	scaffold8	-	44828909	44828983	no	4	HL
scaffold8_565386	683.1	89 +/- 2%	-	1344	1335	0	9	yes	-	-	-	-	uaguguguaucuuugaauaacc	uucuucauuuaugcaugcuuug	uaguguguaucuuugaauaaccuuauaugguucuucauuuaugcaugcuuug	scaffold8:51895683..51895735:-	PH3	scaffold8	-	51895683	51895735	no	6	PH
scaffold8_781685	1222.5	67 +/- 3%	-	2403	2387	0	16	yes	-	-	-	-	uuuuucacugauguaugcuuug	uagcauguaucuuugaauaacc	uagcauguaucuuugaauaaccuuauaugguuuuucacugauguaugcuuug	scaffold8:53410832..53410884:-	AMP2	scaffold8	-	53410832	53410884	no	13	AMP
scaffold8_1057842	56.7	48 +/- 4%	-	119	117	0	2	yes	-	-	-	-	uaguguuuaacuuugacgaacc	uuuuucauuguugauuacuugg	uaguguuuaacuuugacgaaccuuauaugguuuuucauuguugauuacuugg	scaffold8:55673769..55673821:-	PH2	scaffold8	-	55673769	55673821	yes	3	PH
scaffold8_1314288	1092.4	70 +/- 3%	-	2150	2143	0	7	yes	-	-	-	-	uaguguguaucuuugaggaa	guucauugauguauacuuggg	uaguguguaucuuugaggaacuuuauauaguuguucauugauguauacuuggg	scaffold8:56254460..56254513:-	DI2	scaffold8	-	56254460	56254513	no	7	DI
scaffold8_783845	71436.3	67 +/- 3%	-	140138	139993	0	145	no	-	-	-	-	uuucauugauguaugcuuugg	uagugugcaucuuugaagaacc	uagugugcaucuuugaagaacccuuuauaugauuuuucauugauguaugcuuugg	scaffold8:58246275..58246330:-	AMP2	scaffold8	-	58246275	58246330	no	14	AMP
scaffold8_639362	0.7	68 +/- 2%	-	302	293	0	9	yes	-	-	-	-	uaguguauauccuugaagaa	uuuuucauugaaauaugcucag	uaguguauauccuugaagaaccuuauaugguuuuucauugaaauaugcucag	scaffold8:62899359..62899411:-	IST3	scaffold8	-	62899359	62899411	no	5	IST
scaffold8_1160741	3257.4	74 +/- 4%	-	6390	6333	0	57	yes	-	-	-	-	uauugacucuuuugaaacuacu	uaguuucacuagaguuuguagg	uauugacucuuuugaaacuacuuuuuuacguaguuucacuagaguuuguagg	scaffold8:68258690..68258742:-	GA2	scaffold8	-	68258690	68258742	no	32	GA
scaffold8_1134349	1026.4	67 +/- 3%	-	2026	2019	6	1	yes	-	-	-	-	ucuccugugacuguccucgcug	cggcuaaauauagucauucauuauua	ucuccugugacuguccucgcugccguagaacuuacuugcuuuuauauuuuuguagugucugccuucagcggcuaaauauagucauucauuauua	scaffold8:75063872..75063966:-	PDii1	scaffold8	-	75063872	75063966	no	2	PDii
scaffold8_791401	45549.5	67 +/- 3%	-	89343	72687	0	16656	yes	-	-	-	-	uucuucauugauguaugcuuug	uaguguacauccuugaagaacc	uaguguacauccuugaagaaccuuauuaugguucuucauugauguaugcuuug	scaffold8:75355322..75355375:-	AMP2	scaffold8	-	75355322	75355375	no	33	AMP
scaffold8_1181794	120.7	72 +/- 3%	-	246	238	0	8	yes	-	-	-	-	guucagacuaucgacuuuuauca	uaaaaaagcagauagagu	guucagacuaucgacuuuuaucagcugauaaaaaagcagauagagu	scaffold8:79100898..79100944:-	PDii2	scaffold8	-	79100898	79100944	no	6	PDii
scaffold8_794637	559.0	67 +/- 3%	-	1093	1077	0	16	yes	-	-	-	-	caucaaaagguucucgucug	agacgagcaucuuuuugacgua	agacgagcaucuuuuugacguauaucaaaugauauacaucaaaagguucucgucug	scaffold8:81102227..81102283:-	AMP2	scaffold8	-	81102227	81102283	no	3	AMP
scaffold8_1129393	582.6	75 +/- 2%	-	1140	1128	0	12	yes	-	-	-	-	caucaaaagguucucgucug	gacgagcaucuuuuugacgua	gacgagcaucuuuuugacguauaucaaaugauauacaucaaaagguucucgucug	scaffold8:85649821..85649876:-	PL3	scaffold8	-	85649821	85649876	yes	5	PL
scaffold8_796880	310.4	67 +/- 3%	-	614	540	0	74	yes	-	-	-	-	uuucacagauguaugcuuugg	ucguguguaucuuugaagaacc	ucguguguaucuuugaagaaccuuauaugguuuuucacagauguaugcuuugg	scaffold8:86529677..86529730:-	AMP2	scaffold8	-	86529677	86529730	no	18	AMP
scaffold8_1078907	32.2	48 +/- 4%	-	75	74	0	1	no	-	-	-	-	uacgauuucgaguagacaug	ugcuauucgauguugaaccaa	ugcuauucgauguugaaccaauacgauuucgaguagacaug	scaffold8:88555449..88555490:-	PH2	scaffold8	-	88555449	88555490	yes	2	PH
scaffold8_797988	247267.5	67 +/- 3%	-	485003	481200	0	3803	yes	-	-	-	-	aucucuuugcguuuguuacauc	ugugcaaacgcugagagaug	ugugcaaacgcugagagauguuuuucaucucuuugcguuuguuacauc	scaffold8:89279226..89279274:-	AMP2	scaffold8	-	89279226	89279274	no	33	AMP
scaffold8_752106	136.0	58 +/- 3%	-	264	116	0	148	yes	-	-	-	-	caguuuaacuucauccauugc	uggacgaaguuaaacugcu	caguuuaacuucauccauugcgacaauuacaaggaauugucacaauggacgaaguuaaacugcu	scaffold8:92998611..92998675:-	AMP3	scaffold8	-	92998611	92998675	no	6	AMP
