provisional id	miRDeep2 score	estimated probability that the miRNA candidate is a true positive	rfam alert	total read count	mature read count	loop read count	star read count	significant randfold p-value	miRBase miRNA	example miRBase miRNA with the same seed	UCSC browser	NCBI blastn	consensus mature sequence	consensus star sequence	consensus precursor sequence	precursor coordinate	Library	scaffold	strand	start	end
scaffold1_3060	38.3	82 +/- 3%	-	85	84	0	1	no	-	-	-	-	ugauugacguaguuaauuggugg	ucacaugacugcuucgua	ugauugacguaguuaauugguggauuaaguuucucuuugcucucacaugacugcuucgua	scaffold1:6279428..6279488:+	GA3	scaffold1	+	6279428	6279488
scaffold1_4260	38.8	72 +/- 3%	-	86	84	0	2	no	-	-	-	-	ugauugacguaguuaauuggugg	ucacaugacugcuucguaaggcgu	ugauugacguaguuaauugguggauuaaguuucucuuugcucucacaugacugcuucguaaggcgu	scaffold1:6279428..6279494:+	PDii2	scaffold1	+	6279428	6279494
scaffold1_4332	119.9	70 +/- 4%	-	245	243	0	2	no	-	-	-	-	ugauugacguaguuaauuggugg	ucacaugacugcuucguaaggcgugg	ugauugacguaguuaauugguggauuaaguuucucuuugcucucacaugacugcuucguaaggcgugg	scaffold1:6279428..6279496:+	EC2	scaffold1	+	6279428	6279496
scaffold1_7249	319.6	78 +/- 3%	-	629	628	0	1	yes	-	-	-	-	uaguguguaucuuugaauaa	uuucauugacauaugcuggcau	uaguguguaucuuugaauaacuuuuuaugguuuucauugacauaugcuggcau	scaffold1:12232985..12233038:+	PL2	scaffold1	+	12232985	12233038
scaffold1_6405	137.6	76 +/- 3%	-	272	271	0	1	yes	-	-	-	-	uaguguguaucuuugaauaa	uuucauugacauaugcuggcau	uaguguguaucuuugaauaacuuuuuaugguuuucauugacauaugcuggcau	scaffold1:12232985..12233038:+	PDi3	scaffold1	+	12232985	12233038
scaffold1_5297	499.6	86 +/- 2%	-	982	980	0	2	yes	-	-	-	-	uaguguguaucuuugaauaa	uuucauugacauaugcuggcau	uaguguguaucuuugaauaacuuuuuaugguuuucauugacauaugcuggcau	scaffold1:12232985..12233038:+	PH1	scaffold1	+	12232985	12233038
scaffold1_15514	15.8	69 +/- 3%	-	39	20	0	19	no	-	-	-	-	cuagacaaaagcugugga	ccgguugaacguuuuuaugagcc	ccgguugaacguuuuuaugagccugcuauugcaaaggggcucaucacuagacaaaagcugugga	scaffold1:25097538..25097602:+	PDii3	scaffold1	+	25097538	25097602
scaffold1_14618	13.0	78 +/- 3%	-	26	18	1	7	yes	-	-	-	-	cuagacaaaagcugugga	cgguugaacguuuuuaugagcc	cgguugaacguuuuuaugagccugcuauugcaaaggggcucaucacuagacaaaagcugugga	scaffold1:25097539..25097602:+	PL2	scaffold1	+	25097539	25097602
scaffold1_16664	12.3	74 +/- 4%	-	25	10	2	13	yes	-	-	-	-	cuagacaaaagcugugga	cgguugaacguuuuuaugagcc	cgguugaacguuuuuaugagccugcuauugcaaaggggcucaucacuagacaaaagcugugga	scaffold1:25097539..25097602:+	GA2	scaffold1	+	25097539	25097602
scaffold1_20069	22.4	69 +/- 3%	-	43	41	0	2	yes	-	-	-	-	ucgucuugaccgucacauaugccac	ugcauuccuuuuggucgagcacg	ugcauuccuuuuggucgagcacgguaaaucgucuugaccgucacauaugccac	scaffold1:32944239..32944292:+	PDii3	scaffold1	+	32944239	32944292
scaffold1_16499	44.8	77 +/- 3%	-	89	87	0	2	yes	-	-	-	-	ucgucuugaccgucacauaugccac	ugcauuccuuuuggucgagcacgguaaa	ugcauuccuuuuggucgagcacgguaaaucgucuugaccgucacauaugccac	scaffold1:32944239..32944292:+	PDi1	scaffold1	+	32944239	32944292
scaffold1_24505	0.2	72 +/- 2%	-	111	110	0	1	yes	-	-	-	-	ucgucuugaccgucacauaugccac	uccuuuuggucgagcacgguaaa	uccuuuuggucgagcacgguaaaucgucuugaccgucacauaugccac	scaffold1:32944244..32944292:+	DI2	scaffold1	+	32944244	32944292
scaffold1_16321	3204.6	89 +/- 2%	-	6373	6369	3	1	no	-	-	-	-	ugaaagaagucaucacaug	uuugaaaucuuaccacauuc	ugaaagaagucaucacauggaucaauaguuuguucgagcuuuuggcgaauuuauuuugaaaucuuaccacauuc	scaffold1:53994022..53994096:+	PH3	scaffold1	+	53994022	53994096
scaffold1_27605	106.4	76 +/- 4%	-	296	288	7	1	no	-	-	-	-	ugaaagaagucaucacaug	uuugaaaucuuaccacauucag	ugaaagaagucaucacauggaucaauaguuuguucgagcuuuuggcgaauuuauuuugaaaucuuaccacauucag	scaffold1:53994022..53994098:+	GA1	scaffold1	+	53994022	53994098
scaffold1_16327	3204.6	89 +/- 2%	-	6373	6369	3	1	no	-	-	-	-	ugaaagaagucaucacaug	uuugaaaucuuaccacauuc	ugaaagaagucaucacauggaucaauaguuuguucgagcuuuuggcgaauuuauuuugaaaucuuaccacauuc	scaffold1:53996695..53996769:+	PH3	scaffold1	+	53996695	53996769
scaffold1_27617	106.4	76 +/- 4%	-	296	288	7	1	no	-	-	-	-	ugaaagaagucaucacaug	uuugaaaucuuaccacauucag	ugaaagaagucaucacauggaucaauaguuuguucgagcuuuuggcgaauuuauuuugaaaucuuaccacauucag	scaffold1:53996695..53996771:+	GA1	scaffold1	+	53996695	53996771
scaffold1_22561	16.5	67 +/- 3%	-	34	23	0	11	yes	-	-	-	-	ucuuguacuuuggcugaguugcu	cagcucuuucauuguauaagga	cagcucuuucauuguauaaggaagugacaauucuuguacuuuggcugaguugcu	scaffold1:54987428..54987482:+	AMP2	scaffold1	+	54987428	54987482
scaffold1_14467	10.4	72 +/- 3%	-	22	14	0	8	yes	-	-	-	-	ucuuguacuuuggcugaguugcu	cagcucuuucauuguauaaggaa	cagcucuuucauuguauaaggaagugacaauucuuguacuuuggcugaguugcu	scaffold1:54987428..54987482:+	IST2	scaffold1	+	54987428	54987482
scaffold1_19787	10.9	90 +/- 2%	-	23	16	0	7	yes	-	-	-	-	ucuuguacuuuggcugaguugcu	cagcucuuucauuguauaaggaa	cagcucuuucauuguauaaggaagugacaauucuuguacuuuggcugaguugcu	scaffold1:54987428..54987482:+	HL1	scaffold1	+	54987428	54987482
scaffold1_35290	613.5	72 +/- 3%	-	1201	1196	0	5	yes	-	-	-	-	caucaaaagguucucgucug	uacgagcaucuuuuugacgua	uacgagcaucuuuuugacguauaucaaaugauauacaucaaaagguucucgucug	scaffold1:55334519..55334574:+	PDii2	scaffold1	+	55334519	55334574
scaffold1_22682	550.8	67 +/- 3%	-	1078	1077	0	1	yes	-	-	-	-	caucaaaagguucucgucug	uacgagcaucuuuuugacgua	uacgagcaucuuuuugacguauaucaaaugauauacaucaaaagguucucgucug	scaffold1:55334519..55334574:+	AMP2	scaffold1	+	55334519	55334574
scaffold1_25962	184.0	82 +/- 3%	-	364	88	0	276	yes	-	-	-	-	uuucacugauguaugcuuugg	uaguguguaucuuugaagaacc	uaguguguaucuuugaagaaccauauaugguuuuucacugauguaugcuuugg	scaffold1:55407000..55407053:+	GA3	scaffold1	+	55407000	55407053
scaffold1_30310	2692.4	78 +/- 3%	-	5284	4139	0	1145	yes	-	-	-	-	uaguguguaucuuugaagaa	uuucacugauguaugcuuugg	uaguguguaucuuugaagaaccauauaugguuuuucacugauguaugcuuugg	scaffold1:55407000..55407053:+	PL2	scaffold1	+	55407000	55407053
scaffold1_31591	157.4	78 +/- 3%	-	357	274	80	3	no	-	-	-	-	ucgacuucugauuacaaaag	uuggauaacggaugagugcguau	ucgacuucugauuacaaaagaacaucaagaaaaaagauuaaauuucgugaaagauuggaaagacuacacuuuugaagguguuuggauaacggaugagugcguau	scaffold1:58055408..58055512:+	PL2	scaffold1	+	58055408	58055512
scaffold1_27999	153.8	77 +/- 3%	-	350	266	83	1	no	-	-	-	-	ucgacuucugauuacaaaag	uuggauaacggaugagugcguau	ucgacuucugauuacaaaagaacaucaagaaaaaagauuaaauuucgugaaagauuggaaagacuacacuuuugaagguguuuggauaacggaugagugcguau	scaffold1:58055408..58055512:+	PDi1	scaffold1	+	58055408	58055512
scaffold1_34647	1.4	77 +/- 2%	-	210	209	0	1	yes	-	-	-	-	auauaauauauacauaauauaua	aguauauauuauauauauaua	aguauauauuauauauauauauuauauauauauauauaauauauacauaauauaua	scaffold1:58479248..58479304:+	PL3	scaffold1	+	58479248	58479304
scaffold1_41193	1.4	74 +/- 2%	-	262	261	0	1	yes	-	-	-	-	uauaauauauacauaauauaua	guauauauuauauauaua	guauauauuauauauauauauuauauauauauauauaauauauacauaauauaua	scaffold1:58479249..58479304:+	DI2	scaffold1	+	58479249	58479304
scaffold1_45453	15.8	69 +/- 3%	-	40	37	0	3	no	-	-	-	-	guccagaucgucuagugguuagga	cgaauccucgucuggacaauuu	guccagaucgucuagugguuaggacauuguuguuggccuggcaacaauaacccagguucgaauccucgucuggacaauuu	scaffold1:80501120..80501200:+	PDii3	scaffold1	+	80501120	80501200
scaffold1_29939	22.9	73 +/- 3%	-	54	51	0	3	no	-	-	-	-	guccagaucgucuagugguuag	gaauccucgucuggacaauuuu	guccagaucgucuagugguuaggacauuguuguuggccuggcaacaauaacccagguucgaauccucgucuggacaauuuu	scaffold1:80501120..80501201:+	SMA3	scaffold1	+	80501120	80501201
scaffold1_27028	35.4	67 +/- 3%	-	67	66	0	1	yes	-	-	-	-	uguccagaucgucuagugg	uccuagucuggacaaauuuu	uguccagaucgucuagugguuaggacauagcguuguggacgcaauagcagguucgaauccuagucuggacaaauuuu	scaffold1:80601105..80601182:+	IST3	scaffold1	+	80601105	80601182
scaffold1_42810	40.0	78 +/- 3%	-	76	75	0	1	yes	-	-	-	-	guccagaucgucuagugguuaggac	cgaauccuagucuggacaaau	guccagaucgucuagugguuaggacauagcguuguggacgcaauagcagguucgaauccuagucuggacaaau	scaffold1:80601106..80601179:+	PL2	scaffold1	+	80601106	80601179
scaffold1_33249	15.6	87 +/- 2%	-	45	44	0	1	no	-	-	-	-	guccagaucgucuagugguuaggac	ucgaauccuggucuugacac	guccagaucgucuagugguuaggacauugcguuauugccgcaauaacccagguucgaauccuggucuugacac	scaffold1:80663395..80663468:+	HL3	scaffold1	+	80663395	80663468
scaffold1_42821	40.9	78 +/- 3%	-	87	85	0	2	yes	-	-	-	-	guccagaucgucuagugguuaggac	ucgaauccuggucuugacacau	guccagaucgucuagugguuaggacauugcguuauugccgcaauaacccagguucgaauccuggucuugacacau	scaffold1:80663395..80663470:+	PL2	scaffold1	+	80663395	80663470
scaffold1_39221	628.1	77 +/- 3%	-	1241	1223	12	6	yes	-	-	-	-	aguaguaguaguaguagu	aguaguaguaauaguagu	aguaguaguaguaguaguaguaguaguaguaguaauaguaguaguaguaguaguaguaguaauaguagu	scaffold1:83287884..83287953:+	PDi1	scaffold1	+	83287884	83287953
scaffold1_47843	713.8	76 +/- 2%	-	1409	1373	14	22	yes	-	-	-	-	aguaguaguaguaguagu	aguaguaguaauaguaguagu	aguaguaguaguaguaguaguaguaguaguaguaauaguaguaguaguaguaguaguaguaauaguaguagu	scaffold1:83287884..83287956:+	PL1	scaffold1	+	83287884	83287956
scaffold1_54375	1098.8	72 +/- 3%	-	2165	1035	1120	10	yes	-	-	-	-	aguaguaguaguaguagu	uaguaguaguaguaguauu	uaguaguaguaguaguauuaguaguaguaguaguaguaguaguaguaguagugauaguaguaguaaugauaguaguaaugauaauaguaguaguaguaguagu	scaffold1:88357314..88357417:+	PDii2	scaffold1	+	88357314	88357417
scaffold1_55357	1135.5	70 +/- 4%	-	2237	938	1292	7	yes	-	-	-	-	aguaguaguaguaguagu	aguaguaguaguaguauu	aguaguaguaguaguauuaguaguaguaguaguaguaguaguaguaguagugauaguaguaguaaugauaguaguaaugauaauaguaguaguaguaguagu	scaffold1:88357315..88357417:+	EC2	scaffold1	+	88357315	88357417
scaffold1_40427	334.4	87 +/- 2%	-	653	648	0	5	yes	-	-	-	-	caucaaaagguucucgucug	agacgagcaucuuuuugacgu	agacgagcaucuuuuugacguauuucaaaugauauacaucaaaagguucucgucug	scaffold1:93240867..93240923:+	HL2	scaffold1	+	93240867	93240923
scaffold1_57900	621.9	72 +/- 3%	-	1217	1196	1	20	yes	-	-	-	-	caucaaaagguucucgucug	gacgagcaucuuuuugacgua	gacgagcaucuuuuugacguauuucaaaugauauacaucaaaagguucucgucug	scaffold1:93240868..93240923:+	PDii2	scaffold1	+	93240868	93240923
scaffold1_43310	16983.5	67 +/- 3%	-	33313	33312	0	1	yes	-	-	-	-	uuguucauuggcguauacuugg	ugguauaugcuuuugaaaac	ugguauaugcuuuugaaaaccucauaugguuguucauuggcguauacuugg	scaffold1:102586194..102586245:+	AMP2	scaffold1	+	102586194	102586245
scaffold1_35978	2759.9	90 +/- 2%	-	5414	5413	0	1	yes	-	-	-	-	uuguucauuggcguauacuugg	ugguauaugcuuuugaaaacc	ugguauaugcuuuugaaaaccucauaugguuguucauuggcguauacuugg	scaffold1:102586194..102586245:+	HL1	scaffold1	+	102586194	102586245
scaffold1_63600	744.6	72 +/- 3%	-	1461	1459	0	2	yes	-	-	-	-	uuguucauuggcguauacuugg	ugguauaugcuuuugaaaaccu	ugguauaugcuuuugaaaaccucauaugguuguucauuggcguauacuugg	scaffold1:102586194..102586245:+	PDii2	scaffold1	+	102586194	102586245
scaffold1_51406	118.2	76 +/- 4%	-	258	157	100	1	no	-	-	-	-	ugagcagguuaguaaucgu	gaaaaacaaggcguucaaa	ugagcagguuaguaaucguagagcgcccaggaagguugccaugcugagaagaagagaugagaugacgaauuuuugggaauacauaaugaaaaacaaggcguucaaa	scaffold1:103380537..103380643:+	GA1	scaffold1	+	103380537	103380643
scaffold1_43696	691.2	67 +/- 3%	-	1382	784	518	80	no	-	-	-	-	ugagcagguuaguaaucgua	gaaaaacaaggcguucaaag	ugagcagguuaguaaucguagagcgcccaggaagguugccaugcugagaagaagagaugagaugacgaauuuuugggaauacauaaugaaaaacaaggcguucaaag	scaffold1:103380537..103380644:+	AMP2	scaffold1	+	103380537	103380644
scaffold1_53812	73.8	72 +/- 3%	-	171	83	72	16	no	-	-	-	-	ugagcagguuaguaaucgu	gaaaaacaaggcguucaaag	ugagcagguuaguaaucguagagcgcccaggaagguugccaugcugagaagaagagaugagaugacgaauuuuugggaauacauaaugaaaaacaaggcguucaaag	scaffold1:103380537..103380644:+	SMA1	scaffold1	+	103380537	103380644
scaffold1_51124	95.2	76 +/- 3%	-	213	121	91	1	no	-	-	-	-	ugagcagguuaguaaucgu	gaaaaacaaggcguucaaag	ugagcagguuaguaaucguagagcgcccaggaagguugccaugcugagaagaagagaugagaugacgaauuuuugggaauacauaaugaaaaacaaggcguucaaag	scaffold1:103380537..103380644:+	PDi3	scaffold1	+	103380537	103380644
scaffold1_64882	125.3	70 +/- 4%	-	272	176	94	2	no	-	-	-	-	ugagcagguuaguaaucgu	gaaaaacaaggcguucaaag	ugagcagguuaguaaucguagagcgcccaggaagguugccaugcugagaagaagagaugagaugacgaauuuuugggaauacauaaugaaaaacaaggcguucaaag	scaffold1:103380537..103380644:+	EC2	scaffold1	+	103380537	103380644
scaffold1_62076	93.7	75 +/- 3%	-	210	133	75	2	no	-	-	-	-	ugagcagguuaguaaucgu	gaaaaacaaggcguucaaaga	ugagcagguuaguaaucguagagcgcccaggaagguugccaugcugagaagaagagaugagaugacgaauuuuugggaauacauaaugaaaaacaaggcguucaaaga	scaffold1:103380537..103380645:+	DI1	scaffold1	+	103380537	103380645
scaffold1_54700	654.5	72 +/- 3%	-	1300	1180	0	120	no	-	-	-	-	uaaguauguaucuuugaaaaa	uuucauugauguacgcuuuag	uaaguauguaucuuugaaaaaugcuguauauuuuucauugauguacgcuuuag	scaffold1:105085267..105085320:+	SMA1	scaffold1	+	105085267	105085320
scaffold1_44183	2989.5	60 +/- 3%	-	5880	5302	0	578	no	-	-	-	-	uaaguauguaucuuugaaaaa	uuucauugauguacgcuuuag	uaaguauguaucuuugaaaaaugcuguauauuuuucauugauguacgcuuuag	scaffold1:105085267..105085320:+	AMP1	scaffold1	+	105085267	105085320
scaffold1_30184	480.7	72 +/- 3%	-	957	720	147	90	no	-	-	-	-	agcagagcgucuuuauagucc	agggaggucguuaauggcaac	agcagagcgucuuuauaguccauuugaaaucacagugucggcgacauacaacaggcaagacgaguugagaacagaaggagggaggucguuaauggcaac	scaffold1:111427532..111427631:+	IST2	scaffold1	+	111427532	111427631
scaffold1_45053	73.8	86 +/- 2%	-	159	49	56	54	no	-	-	-	-	gcagagcgucuuuauagucc	gggaggucguuaauggcaacg	gcagagcgucuuuauaguccauuugaaaucacagugucggcgacauacaacaggcaagacgaguugagaacagaaggagggaggucguuaauggcaacg	scaffold1:111427533..111427632:+	PH1	scaffold1	+	111427533	111427632
scaffold1_30590	10862.8	72 +/- 3%	-	21318	21315	0	3	yes	-	-	-	-	uuucauugauguacgcuuugg	uuaguauguaucucugaaaa	uuaguauguaucucugaaaaaugcuauauauuuuucauugauguacgcuuugg	scaffold1:112674228..112674281:+	IST2	scaffold1	+	112674228	112674281
scaffold1_44560	12524.6	58 +/- 3%	-	24585	24583	0	2	no	-	-	-	-	uuucauugauguacgcuuugg	uuaguauguaucucugaaaaau	uuaguauguaucucugaaaaaugcuauauauuuuucauugauguacgcuuugg	scaffold1:112674228..112674281:+	AMP3	scaffold1	+	112674228	112674281
scaffold1_37238	566.4	68 +/- 3%	-	1141	1081	0	60	no	-	-	-	-	uagcauuucaguuguagagagag	acucuuaaugugauuuguuugc	uagcauuucaguuguagagagagagaccauguuuucacucuuaaugugauuuguuugc	scaffold1:113401964..113402022:+	IST1	scaffold1	+	113401964	113402022
scaffold1_44806	780.0	58 +/- 3%	-	1560	1517	0	43	no	-	-	-	-	uagcauuucaguuguagagagag	acucuuaaugugauuuguuugc	uagcauuucaguuguagagagagagaccauguuuucacucuuaaugugauuuguuugc	scaffold1:113401964..113402022:+	AMP3	scaffold1	+	113401964	113402022
scaffold1_48265	32.1	58 +/- 3%	-	59	39	1	19	yes	-	-	-	-	gugccacacgauuagucuuu	gacuaaccguguggcacccc	gugccacacgauuagucuuuugacuauaaucaaaaaacuuuuuggacuauagucaaaggacuaaccguguggcacccc	scaffold1:123304795..123304873:+	AMP3	scaffold1	+	123304795	123304873
scaffold1_75755	19.4	72 +/- 3%	-	34	29	1	4	yes	-	-	-	-	ugccacacgauuagucuuu	gacuaaccguguggcaccccc	ugccacacgauuagucuuuugacuauaaucaaaaaacuuuuuggacuauagucaaaggacuaaccguguggcaccccc	scaffold1:123304796..123304874:+	PDii2	scaffold1	+	123304796	123304874
scaffold1_53252	550.7	67 +/- 3%	-	1078	1077	0	1	yes	-	-	-	-	caucaaaagguucucgucug	uacgagcaucuuuuugacgua	uacgagcaucuuuuugacguauaucaaaugauauacaucaaaagguucucgucug	scaffold1:128358150..128358205:+	AMP2	scaffold1	+	128358150	128358205
scaffold1_78562	613.5	72 +/- 3%	-	1201	1196	0	5	yes	-	-	-	-	caucaaaagguucucgucug	uacgagcaucuuuuugacgua	uacgagcaucuuuuugacguauaucaaaugauauacaucaaaagguucucgucug	scaffold1:128358150..128358205:+	PDii2	scaffold1	+	128358150	128358205
scaffold1_69008	243.3	75 +/- 3%	-	477	476	0	1	yes	-	-	-	-	caucaaaagguucucgucug	acgagcaucuuuuugacguauau	acgagcaucuuuuugacguauaucaaaugauauacaucaaaagguucucgucug	scaffold1:128358151..128358205:+	PDi2	scaffold1	+	128358151	128358205
scaffold1_43640	384.0	67 +/- 3%	-	751	749	0	2	yes	-	-	-	-	caucaaaagguucucgucug	acgagcaucuuuuugacgua	acgagcaucuuuuugacguauaucaaaugauauacaucaaaagguucucgucug	scaffold1:128358151..128358205:+	IST3	scaffold1	+	128358151	128358205
scaffold1_52683	6434.1	67 +/- 3%	-	12630	9360	0	3270	yes	-	-	-	-	uguuauuuaauaaucaguggaau	ucugcuauuguuacauaacugc	uguuauuuaauaaucaguggaaucguacauucugcuauuguuacauaacugc	scaffold1:14487192..14487244:-	IST3	scaffold1	-	14487192	14487244
scaffold1_60465	7605.8	58 +/- 3%	-	14936	12204	0	2732	no	-	-	-	-	uguuauuuaauaaucaguggaau	ucugcuauuguuacauaacugc	uguuauuuaauaaucaguggaaucguacauucugcuauuguuacauaacugc	scaffold1:14487192..14487244:-	AMP3	scaffold1	-	14487192	14487244
scaffold1_60671	11.6	58 +/- 3%	-	46	40	0	6	no	-	-	-	-	uccaaugaugaaauugguccgug	gaaccaugauuucacuucaccuuucugaau	uccaaugaugaaauugguccguguuuaugaaccaugauuucacuucaccuuucugaau	scaffold1:14965156..14965214:-	AMP3	scaffold1	-	14965156	14965214
scaffold1_93637	12.6	74 +/- 4%	-	48	41	0	7	no	-	-	-	-	uccaaugaugaaauugguc	accaugauuucacuucaccuuucugaau	uccaaugaugaaauugguccguguuuaugaaccaugauuucacuucaccuuucugaau	scaffold1:14965156..14965214:-	GA2	scaffold1	-	14965156	14965214
scaffold1_96583	72.6	74 +/- 4%	-	166	164	0	2	no	-	-	-	-	gugugugugugugugugu	auuauugucauuaaguaugcauug	gugugugugugugugugucuacauuaucuaggaucauaggaaaauuuucgaaggaguguaguauauuauugucauuaaguaugcauug	scaffold1:19416083..19416171:-	GA2	scaffold1	-	19416083	19416171
scaffold1_54479	68.0	67 +/- 3%	-	157	156	0	1	no	-	-	-	-	gugugugugugugugugu	uuauugucauuaaguaug	gugugugugugugugugucuacauuaucuaggaucauaggaaaauuuucgaaggaguguaguauauuauugucauuaaguaug	scaffold1:19416088..19416171:-	IST3	scaffold1	-	19416088	19416171
scaffold1_53585	302.8	79 +/- 3%	-	629	628	0	1	no	-	-	-	-	ucacaggagaugaaauaggagc	ucaaguuuuacggcagugag	ucaaguuuuacggcagugagaacagucacaggagaugaaauaggagc	scaffold1:21773110..21773157:-	SMA2	scaffold1	-	21773110	21773157
scaffold1_97774	505.7	74 +/- 4%	-	1027	1024	0	3	no	-	-	-	-	ucacaggagaugaaauaggagc	ucaaguuuuacggcagugag	ucaaguuuuacggcagugagaacagucacaggagaugaaauaggagc	scaffold1:21773110..21773157:-	GA2	scaffold1	-	21773110	21773157
scaffold1_94238	1179.2	75 +/- 2%	-	2348	2335	0	13	no	-	-	-	-	ucacaggagaugaaauaggagc	ucaaguuuuacggcagugag	ucaaguuuuacggcagugagaacagucacaggagaugaaauaggagc	scaffold1:21773110..21773157:-	PL3	scaffold1	-	21773110	21773157
scaffold1_69090	23.8	87 +/- 2%	-	69	67	0	2	no	-	-	-	-	ugacgucacucaaacuggguc	uaggguuaggguuaagguuaa	uaggguuaggguuaagguuaaaguuuaacacccauuucaugacgucacucaaacuggguc	scaffold1:22110643..22110703:-	HL2	scaffold1	-	22110643	22110703
scaffold1_67548	91.4	67 +/- 3%	-	207	204	0	3	no	-	-	-	-	ugacgucacucaaacuggguc	uaggguuaggguuaagguu	uaggguuaggguuaagguuaaaguuuaacacccauuucaugacgucacucaaacuggguc	scaffold1:22110643..22110703:-	AMP2	scaffold1	-	22110643	22110703
scaffold1_44181	2.2	76 +/- 2%	-	127	116	0	11	yes	-	-	-	-	ugauaaaagucgauagugug	cuaucgacuuuuaucaucug	cuaucgacuuuuaucaucugucaagaaauuggugauaaaagucgauagugug	scaffold1:24144523..24144575:-	IST2	scaffold1	-	24144523	24144575
scaffold1_68593	67.7	60 +/- 3%	-	130	119	0	11	yes	-	-	-	-	ugauaaaagucgauagugu	cuaucgacuuuuaucaucugu	cuaucgacuuuuaucaucugucaagaaauuggugauaaaagucgauagugu	scaffold1:24144524..24144575:-	AMP1	scaffold1	-	24144524	24144575
scaffold1_97203	388.6	67 +/- 3%	-	760	753	0	7	yes	-	-	-	-	caucaaaagguucucgucug	gacgagcaucuuuuugacgua	gacgagcaucuuuuugacguauaucaaaugauauacaucaaaagguucucgucug	scaffold1:24429426..24429481:-	PDii1	scaffold1	-	24429426	24429481
scaffold1_81141	232.6	76 +/- 3%	-	454	448	0	6	yes	-	-	-	-	caucaaaagguucucgucug	gacgagcaucuuuuugacgua	gacgagcaucuuuuugacguauaucaaaugauauacaucaaaagguucucgucug	scaffold1:24429426..24429481:-	PDi3	scaffold1	-	24429426	24429481
scaffold1_68723	520.6	60 +/- 3%	-	1019	1012	0	7	yes	-	-	-	-	caucaaaagguucucgucug	gacgagcaucuuuuugacgua	gacgagcaucuuuuugacguauaucaaaugauauacaucaaaagguucucgucug	scaffold1:24429426..24429481:-	AMP1	scaffold1	-	24429426	24429481
scaffold1_81516	11.0	76 +/- 4%	-	21	13	0	8	yes	-	-	-	-	uugcuaaugccgagaacccuagca	caagguucucgacauugucaga	caagguucucgacauugucagaauauuuugcuaaugccgagaacccuagca	scaffold1:24708835..24708886:-	GA1	scaffold1	-	24708835	24708886
scaffold1_103832	13.6	70 +/- 4%	-	26	12	0	14	yes	-	-	-	-	ugcuaaugccgagaacccuagc	caagguucucgacauugucaga	caagguucucgacauugucagaauauuuugcuaaugccgagaacccuagc	scaffold1:24708836..24708886:-	EC2	scaffold1	-	24708836	24708886
scaffold1_83629	56.7	76 +/- 3%	-	122	121	0	1	no	-	-	-	-	ggcugguaacaagugagcuuga	cagagcacuaguugcuauuugacu	ggcugguaacaagugagcuugaaugagucacauucagagcacuaguugcuauuugacu	scaffold1:28572825..28572883:-	PDi3	scaffold1	-	28572825	28572883
scaffold1_104175	64.4	72 +/- 3%	-	137	136	0	1	no	-	-	-	-	ggcugguaacaagugagcuuga	cagagcacuaguugcuauuuga	ggcugguaacaagugagcuugaaugagucacauucagagcacuaguugcuauuuga	scaffold1:28572827..28572883:-	PDii2	scaffold1	-	28572827	28572883
scaffold1_68067	31.7	86 +/- 2%	-	73	72	0	1	no	-	-	-	-	ggcugguaacaagugagcuuga	ucagagcacuaguugcuauuug	ggcugguaacaagugagcuugaaugagucacauucagagcacuaguugcuauuug	scaffold1:28572828..28572883:-	PH1	scaffold1	-	28572828	28572883
scaffold1_97764	19.0	69 +/- 3%	-	47	45	0	2	yes	-	-	-	-	uguuauuuaauaaucuguagaau	ucuacuauuguuauguaacugc	uguuauuuaauaaucuguagaauaacacauucuacuauuguuauguaacugc	scaffold1:32917072..32917124:-	PDii3	scaffold1	-	32917072	32917124
scaffold1_51184	100.6	89 +/- 2%	-	207	141	0	66	yes	-	-	-	-	uguuauuuaauaaucuguagaau	ucuacuauuguuauguaacugc	uguuauuuaauaaucuguagaauaacacauucuacuauuguuauguaacugc	scaffold1:32917072..32917124:-	PH3	scaffold1	-	32917072	32917124
scaffold1_71088	21.0	87 +/- 2%	-	51	50	0	1	yes	-	-	-	-	uguuauuuaauaaucuguagaau	ucuacuauuguuauguaacugc	uguuauuuaauaaucuguagaauaacacauucuacuauuguuauguaacugc	scaffold1:32917072..32917124:-	HL3	scaffold1	-	32917072	32917124
scaffold1_56488	21.5	68 +/- 3%	-	52	50	0	2	yes	-	-	-	-	uguuauuuaauaaucuguagaau	ucuacuauuguuauguaacugc	uguuauuuaauaaucuguagaauaacacauucuacuauuguuauguaacugc	scaffold1:32917072..32917124:-	IST1	scaffold1	-	32917072	32917124
scaffold1_101545	120.3	72 +/- 3%	-	237	156	0	81	yes	-	-	-	-	uuuuucauugacguaugcucgg	uaguguguauccuugaagaacc	uaguguguauccuugaagaaccuuauaugguuuuucauugacguaugcucgg	scaffold1:57038961..57039013:-	SMA1	scaffold1	-	57038961	57039013
scaffold1_121441	31.0	72 +/- 3%	-	62	37	0	25	yes	-	-	-	-	uaguguguauccuugaagaacc	uuuuucauugacguaugcucgg	uaguguguauccuugaagaaccuuauaugguuuuucauugacguaugcucgg	scaffold1:57038961..57039013:-	PDii2	scaffold1	-	57038961	57039013
scaffold1_125746	11.0	67 +/- 3%	-	23	22	0	1	yes	-	-	-	-	cguuucuucugauccuugaaagg	uuucaggaucggauagaaaggua	uuucaggaucggauagaaagguaaaacuacguuucuucugauccuugaaagg	scaffold1:72009342..72009394:-	PDii1	scaffold1	-	72009342	72009394
scaffold1_71760	384.7	67 +/- 3%	-	756	755	0	1	yes	-	-	-	-	cguuucuucugauccuugaaagg	uuucaggaucggauagaaaggua	uuucaggaucggauagaaagguaaaacuacguuucuucugauccuugaaagg	scaffold1:72009342..72009394:-	IST3	scaffold1	-	72009342	72009394
scaffold1_69682	166.5	79 +/- 3%	-	328	327	0	1	yes	-	-	-	-	cguuucuucugauccuugaaag	ucaggaucggauagaaaggu	ucaggaucggauagaaagguaaaacuacguuucuucugauccuugaaag	scaffold1:72009343..72009392:-	SMA2	scaffold1	-	72009343	72009392
scaffold1_87906	50.8	60 +/- 3%	-	114	81	30	3	no	-	-	-	-	cccuaaaguacaauaacgccg	uagggauugggguuaggguua	uagggauugggguuaggguuaaaguuuuauacccauuuuaugacgucacuuaaacuggguucccuaaaguacaauaacgccg	scaffold1:72446855..72446937:-	AMP1	scaffold1	-	72446855	72446937
scaffold1_56754	68.2	72 +/- 3%	-	148	111	36	1	no	-	-	-	-	cccuaaaguacaauaacgccg	gguagggauugggguuag	gguagggauugggguuaggguuaaaguuuuauacccauuuuaugacgucacuuaaacuggguucccuaaaguacaauaacgccg	scaffold1:72446855..72446939:-	IST2	scaffold1	-	72446855	72446939
scaffold1_121711	59.8	76 +/- 2%	-	131	68	61	2	no	-	-	-	-	ugcucugauaaugguaaacguuc	cgucauugcagagcccuugaua	cgucauugcagagcccuugauauaccuaagaaagaacguuugaaucaucggaaauuccaagcugcuguagcaacugcucugauaaugguaaacguuc	scaffold1:72556240..72556337:-	PL1	scaffold1	-	72556240	72556337
scaffold1_104969	49.1	76 +/- 3%	-	110	57	50	3	no	-	-	-	-	ugcucugauaaugguaaacguu	gucauugcagagcccuugaua	gucauugcagagcccuugauauaccuaagaaagaacguuugaaucaucggaaauuccaagcugcuguagcaacugcucugauaaugguaaacguu	scaffold1:72556241..72556336:-	PDi3	scaffold1	-	72556241	72556336
scaffold1_89426	790.8	60 +/- 3%	-	1571	1534	0	37	yes	-	-	-	-	uuguucauuuauguaugcuugg	uagggugcaucuuugaggaa	uagggugcaucuuugaggaauuuuauauaguuguucauuuauguaugcuugg	scaffold1:75375504..75375556:-	AMP1	scaffold1	-	75375504	75375556
scaffold1_114920	27.1	78 +/- 3%	-	73	65	0	8	yes	-	-	-	-	uuguucauuuauguaugcuugg	uagggugcaucuuugaggaa	uagggugcaucuuugaggaauuuuauauaguuguucauuuauguaugcuugg	scaffold1:75375504..75375556:-	PL2	scaffold1	-	75375504	75375556
scaffold1_57712	264.2	72 +/- 3%	-	538	521	0	17	yes	-	-	-	-	uuguucauuuauguaugcuugg	uagggugcaucuuugaggaa	uagggugcaucuuugaggaauuuuauauaguuguucauuuauguaugcuugg	scaffold1:75375504..75375556:-	IST2	scaffold1	-	75375504	75375556
scaffold1_132422	23.8	72 +/- 3%	-	74	67	0	7	no	-	-	-	-	uuguucauuuauguaugcuugg	uagggugcaucuuugaggaa	uagggugcaucuuugaggaauuuuauauaguuguucauuuauguaugcuugg	scaffold1:75375504..75375556:-	PDii2	scaffold1	-	75375504	75375556
scaffold1_120022	44.8	78 +/- 3%	-	92	86	0	6	yes	-	-	-	-	ugaugaugaugaugaugaugaug	auuauuauuauuauuauuauua	ugaugaugaugaugaugaugaugauuauuauuauuauuauuauuauuauuauuauua	scaffold1:85179077..85179134:-	PL2	scaffold1	-	85179077	85179134
scaffold1_90370	11.8	86 +/- 2%	-	31	22	0	9	yes	-	-	-	-	ugaugaugaugaugaugaug	auuauuauuauuauuauuauuauu	ugaugaugaugaugaugaugauuauuauuauuauuauuauuauuauuauuauu	scaffold1:85179078..85179131:-	PH1	scaffold1	-	85179078	85179131
scaffold1_84480	50.1	90 +/- 2%	-	119	118	0	1	no	-	-	-	-	gcguucaaagaugauagacag	ggcuauugggugguaggacgu	gcguucaaagaugauagacagucgagauagaauggcuauugggugguaggacgu	scaffold1:104770962..104771016:-	HL1	scaffold1	-	104770962	104771016
scaffold1_79988	445.8	68 +/- 3%	-	900	897	0	3	no	-	-	-	-	gcguucaaagaugauagacag	ggcuauugggugguaggacg	gcguucaaagaugauagacagucgagauagaauggcuauugggugguaggacg	scaffold1:104770963..104771016:-	IST1	scaffold1	-	104770963	104771016
scaffold1_86119	22120.1	68 +/- 3%	-	43393	42986	0	407	yes	-	-	-	-	uucuucauugauguaugcuuug	uaguguauaucuuugaagag	uaguguauaucuuugaagagcauuaucaugguucuucauugauguaugcuuug	scaffold1:123641498..123641551:-	IST1	scaffold1	-	123641498	123641551
scaffold1_161479	6409.8	72 +/- 3%	-	12578	12544	0	34	yes	-	-	-	-	uucuucauugauguaugcuuug	uaguguauaucuuugaagag	uaguguauaucuuugaagagcauuaucaugguucuucauugauguaugcuuug	scaffold1:123641498..123641551:-	PDii2	scaffold1	-	123641498	123641551
scaffold1_90725	12356.2	90 +/- 2%	-	24241	24113	0	128	yes	-	-	-	-	uucuucauugauguaugcuuug	uaguguauaucuuugaagag	uaguguauaucuuugaagagcauuaucaugguucuucauugauguaugcuuug	scaffold1:123641498..123641551:-	HL1	scaffold1	-	123641498	123641551
scaffold2_84524	11.9	89 +/- 2%	-	38	32	3	3	no	ppy-miR-1322	-	-	-	ugaugaugaugaugaugaugaug	ugugaugaugaagaugauguugaug	ugugaugaugaagaugauguugaugaugaugauaaugaugaugaugaugaugaugaugaugaugaugaug	scaffold2:4219608..4219678:+	PH3	scaffold2	+	4219608	4219678
scaffold2_169658	38.4	75 +/- 3%	-	90	74	15	1	no	ppy-miR-1322	-	-	-	ugaugaugaugaugaugaugaug	ugugaugaugaagaugauguuga	ugugaugaugaagaugauguugaugaugaugauaaugaugaugaugaugaugaugaugaugaugaugaug	scaffold2:4219608..4219678:+	DI1	scaffold2	+	4219608	4219678
scaffold2_176717	761.0	72 +/- 3%	-	1506	1387	28	91	no	-	-	-	-	uggcuacucgugcugauucuaaug	augacucacgcaugcaaagccaa	augacucacgcaugcaaagccaaucgauuucuaaagacucaccauggaggauggcuacucgugcugauucuaaug	scaffold2:6205796..6205871:+	PDii2	scaffold2	+	6205796	6205871
scaffold2_112147	117.6	58 +/- 3%	-	244	220	1	23	no	-	-	-	-	uggcuacucgugcugauucuaaug	augacucacgcaugcaaagccaa	augacucacgcaugcaaagccaaucgauuucuaaagacucaccauggaggauggcuacucgugcugauucuaaug	scaffold2:6205796..6205871:+	AMP3	scaffold2	+	6205796	6205871
scaffold2_159934	46.3	76 +/- 4%	-	102	99	1	2	no	-	-	-	-	uggcuacucgugcugauucuaaug	augacucacgcaugcaaagccaa	augacucacgcaugcaaagccaaucgauuucuaaagacucaccauggaggauggcuacucgugcugauucuaaug	scaffold2:6205796..6205871:+	EC3	scaffold2	+	6205796	6205871
scaffold2_115511	304.2	86 +/- 2%	-	610	585	5	20	no	-	-	-	-	uggcuacucgugcugauucuaaug	augacucacgcaugcaaagccaa	augacucacgcaugcaaagccaaucgauuucuaaagacucaccauggaggauggcuacucgugcugauucuaaug	scaffold2:6205796..6205871:+	PH1	scaffold2	+	6205796	6205871
scaffold2_135600	285.2	77 +/- 3%	-	569	550	0	19	no	-	-	-	-	caucaaaagguucucgucug	agacgagcaucuuuuugacgua	agacgagcaucuuuuugacguauaccaaaugauauacaucaaaagguucucgucug	scaffold2:10792956..10793012:+	PDi1	scaffold2	+	10792956	10793012
scaffold2_121724	558.9	67 +/- 3%	-	1094	1077	0	17	yes	-	-	-	-	caucaaaagguucucgucug	agacgagcaucuuuuugacgua	agacgagcaucuuuuugacguauaccaaaugauauacaucaaaagguucucgucug	scaffold2:10792956..10793012:+	AMP2	scaffold2	+	10792956	10793012
scaffold2_176461	106.4	74 +/- 4%	-	209	200	0	9	yes	-	-	-	-	caucaaaagguucucgucug	gacgagcaucuuuuugacgua	gacgagcaucuuuuugacguauaccaaaugauauacaucaaaagguucucgucug	scaffold2:10792957..10793012:+	GA2	scaffold2	+	10792957	10793012
scaffold2_145766	549.1	76 +/- 4%	-	1082	812	0	270	yes	-	-	-	-	uuucauugauguaugcuuugg	uaguguguaucuuugaagaa	uaguguguaucuuugaagaacacuuuauaugguuuuucauugauguaugcuuugg	scaffold2:11579575..11579630:+	GA1	scaffold2	+	11579575	11579630
scaffold2_159020	1659.3	75 +/- 3%	-	3273	2090	0	1183	no	-	-	-	-	uuucauugauguaugcuuugg	uaguguguaucuuugaagaa	uaguguguaucuuugaagaacacuuuauaugguuuuucauugauguaugcuuugg	scaffold2:11579575..11579630:+	PDi2	scaffold2	+	11579575	11579630
scaffold2_174122	1403.1	75 +/- 3%	-	2759	1905	0	854	yes	-	-	-	-	uuucauugauguaugcuuugg	uaguguguaucuuugaagaa	uaguguguaucuuugaagaacacuuuauaugguuuuucauugauguaugcuuugg	scaffold2:11579575..11579630:+	DI1	scaffold2	+	11579575	11579630
scaffold2_186424	83.0	70 +/- 4%	-	188	163	22	3	no	-	-	-	-	ugagcagguuaguaaucgu	gaaaaacaaggcguucaaag	ugagcagguuaguaaucguagagcgaccaggaaggcugccaugcugagacgaagagaugagaugacgaauuuuugggaauacauuacgaaaaacaaggcguucaaag	scaffold2:15002139..15002246:+	EC2	scaffold2	+	15002139	15002246
scaffold2_137742	60.6	77 +/- 3%	-	144	124	12	8	no	-	-	-	-	ugagcagguuaguaaucgu	acgaaaaacaaggcguucaaag	ugagcagguuaguaaucguagagcgaccaggaaggcugccaugcugagacgaagagaugagaugacgaauuuuugggaauacauuacgaaaaacaaggcguucaaag	scaffold2:15002139..15002246:+	PDi1	scaffold2	+	15002139	15002246
scaffold2_125273	4671.2	87 +/- 2%	-	9165	4343	0	4822	yes	-	-	-	-	uuucacugauguaugcuuugg	uaguguguaucuuugaagaa	uaguguguaucuuugaagaaccuuauaugguuuuucacugauguaugcuuugg	scaffold2:25558103..25558156:+	HL3	scaffold2	+	25558103	25558156
scaffold2_119299	14244.2	58 +/- 3%	-	27942	18474	0	9468	yes	-	-	-	-	uuucacugauguaugcuuugg	uaguguguaucuuugaagaa	uaguguguaucuuugaagaaccuuauaugguuuuucacugauguaugcuuugg	scaffold2:25558103..25558156:+	AMP3	scaffold2	+	25558103	25558156
scaffold2_137565	15.3	82 +/- 3%	-	61	60	0	1	no	-	-	-	-	uaaagauacugcaaagccaagu	uaacgcuuguguucuauuguaugug	uaacgcuuguguucuauuguaugugauauacgucacgcucacuagcgucauuaacucuacauaaagauacugcaaagccaagu	scaffold2:28710825..28710908:+	GA3	scaffold2	+	28710825	28710908
scaffold2_165257	19.4	78 +/- 3%	-	69	68	0	1	no	-	-	-	-	uaaagauacugcaaagccaag	cgcuuguguucuauuguaug	cgcuuguguucuauuguaugugauauacgucacgcucacuagcgucauuaacucuacauaaagauacugcaaagccaag	scaffold2:28710828..28710907:+	PL2	scaffold2	+	28710828	28710907
scaffold2_189398	48.5	75 +/- 2%	-	124	123	0	1	no	-	-	-	-	ugagcugaguugaucgaugg	cauaauaaauauagucuuuugagaa	cauaauaaauauagucuuuugagaaugagcugaguugaucgaugg	scaffold2:42128088..42128133:+	PL3	scaffold2	+	42128088	42128133
scaffold2_105466	78.1	68 +/- 3%	-	182	179	0	3	no	-	-	-	-	ugagcugaguugaucgaugg	cauaauaaauauagucuuuugagaa	cauaauaaauauagucuuuugagaaugagcugaguugaucgaugg	scaffold2:42128088..42128133:+	IST1	scaffold2	+	42128088	42128133
scaffold2_150434	17.9	77 +/- 3%	-	64	63	0	1	no	-	-	-	-	ugagcugaguugaucgaugg	cauaauaaauauagucuuuugagaa	cauaauaaauauagucuuuugagaaugagcugaguugaucgaugg	scaffold2:42128088..42128133:+	PDi1	scaffold2	+	42128088	42128133
scaffold2_134234	62.3	67 +/- 3%	-	151	147	0	4	no	-	-	-	-	ugagcugaguugaucgaugg	uaauaaauauagucuuuugagaa	uaauaaauauagucuuuugagaaugagcugaguugaucgaugg	scaffold2:42128090..42128133:+	AMP2	scaffold2	+	42128090	42128133
scaffold2_199244	39.3	72 +/- 3%	-	106	105	0	1	no	-	-	-	-	ugagcugaguugaucgaugg	uaauaaauauagucuuuugagaa	uaauaaauauagucuuuugagaaugagcugaguugaucgaugg	scaffold2:42128090..42128133:+	PDii2	scaffold2	+	42128090	42128133
scaffold2_132787	11.6	86 +/- 2%	-	19	18	0	1	yes	-	-	-	-	ccacccgagauaauuagcgaugu	caucgcugauuaucucgggug	ccacccgagauaauuagcgaugugacgauuacaagcaaaucgaacgucgcacgaauucuuugugaucguaacaucgcugauuaucucgggug	scaffold2:48068336..48068428:+	PH1	scaffold2	+	48068336	48068428
scaffold2_136865	22.1	67 +/- 3%	-	40	20	0	20	yes	-	-	-	-	acaucgcugauuaucucggg	gagauaauuagcgaugugacg	gagauaauuagcgaugugacgauuacaagcaaaucgaacgucgcacgaauucuuugugaucguaacaucgcugauuaucucggg	scaffold2:48068342..48068426:+	AMP2	scaffold2	+	48068342	48068426
scaffold2_173788	120.6	72 +/- 3%	-	237	156	0	81	yes	-	-	-	-	uuuuucauugacguaugcucgg	uaguguguauccuugaagaacc	uaguguguauccuugaagaaccuuauaugguuuuucauugacguaugcucgg	scaffold2:55072107..55072159:+	SMA1	scaffold2	+	55072107	55072159
scaffold2_207244	31.4	72 +/- 3%	-	62	37	0	25	yes	-	-	-	-	uaguguguauccuugaagaacc	uuuuucauugacguaugcucgg	uaguguguauccuugaagaaccuuauaugguuuuucauugacguaugcucgg	scaffold2:55072107..55072159:+	PDii2	scaffold2	+	55072107	55072159
scaffold2_110466	81.2	68 +/- 3%	-	182	179	0	3	no	-	-	-	-	ugagcugaguugaucgaugg	cauaauaaauauagucuuuugagaa	cauaauaaauauagucuuuugagaaugagcugaguugaucgaugg	scaffold2:57262110..57262155:+	IST1	scaffold2	+	57262110	57262155
scaffold2_208483	42.6	72 +/- 3%	-	106	105	0	1	no	-	-	-	-	ugagcugaguugaucgaugg	uaauaaauauagucuuuugagaa	uaauaaauauagucuuuugagaaugagcugaguugaucgaugg	scaffold2:57262112..57262155:+	PDii2	scaffold2	+	57262112	57262155
scaffold2_144836	2.4	87 +/- 2%	-	286	278	3	5	yes	-	-	-	-	gcaguaaugauguuaguagaga	ugcuggcaucauuacuguucu	gcaguaaugauguuaguagagacgauucugcugcagaauguguagcugcuggcaucauuacuguucu	scaffold2:59507689..59507756:+	HL2	scaffold2	+	59507689	59507756
scaffold2_158414	208.5	77 +/- 3%	-	406	393	6	7	yes	-	-	-	-	gcaguaaugauguuaguagag	ugcuggcaucauuacuguucu	gcaguaaugauguuaguagagacgauucugcugcagaauguguagcugcuggcaucauuacuguucu	scaffold2:59507689..59507756:+	PDi1	scaffold2	+	59507689	59507756
scaffold2_202256	2.4	70 +/- 2%	-	1040	1028	5	7	yes	-	-	-	-	gcaguaaugauguuaguagaga	cuggcaucauuacuguucuucac	gcaguaaugauguuaguagagacgauucugcugcagaauguguagcugcuggcaucauuacuguucuucac	scaffold2:59507689..59507760:+	PDii1	scaffold2	+	59507689	59507760
scaffold2_205495	41.3	67 +/- 3%	-	94	60	3	31	no	-	-	-	-	cuagcaauguauuaaagccagag	gugguugcgauauucucuag	gugguugcgauauucucuagcaauguauuaaagccagagguucacacaaagcgccgauugugguugcaauauucucuagcaauguauuaaagccagag	scaffold2:64550454..64550552:+	PDii1	scaffold2	+	64550454	64550552
scaffold2_160939	30.1	77 +/- 3%	-	72	39	1	32	no	-	-	-	-	cuagcaauguauuaaagccagag	gugguugcgauauucucuag	gugguugcgauauucucuagcaauguauuaaagccagagguucacacaaagcgccgauugugguugcaauauucucuagcaauguauuaaagccagag	scaffold2:64550454..64550552:+	PDi1	scaffold2	+	64550454	64550552
scaffold2_177295	11.3	76 +/- 4%	-	21	15	0	6	yes	-	-	-	-	uaguguauauccuugaagaac	uuuuucauugacguaugcucgg	uaguguauauccuugaagaaccuuauaugguuuuucauugacguaugcucgg	scaffold2:75835822..75835874:+	GA1	scaffold2	+	75835822	75835874
scaffold2_211915	112.5	67 +/- 3%	-	220	209	0	11	yes	-	-	-	-	uaguguauauccuugaagaac	uuuuucauugacguaugcucgg	uaguguauauccuugaagaaccuuauaugguuuuucauugacguaugcucgg	scaffold2:75835822..75835874:+	PDii1	scaffold2	+	75835822	75835874
scaffold2_155259	163.5	60 +/- 3%	-	329	326	0	3	yes	-	-	-	-	uaguguauaucuuugaagac	uuuuucaaugauguaugcaagg	uaguguauaucuuugaagacauuuuucuguuuuucaaugauguaugcaagg	scaffold2:89767468..89767519:+	AMP1	scaffold2	+	89767468	89767519
scaffold2_109431	34.0	89 +/- 2%	-	75	70	0	5	yes	-	-	-	-	uaguguauaucuuugaagac	uuucaaugauguaugcaaggg	uaguguauaucuuugaagacauuuuucuguuuuucaaugauguaugcaaggg	scaffold2:89767468..89767520:+	PH3	scaffold2	+	89767468	89767520
scaffold2_155309	156.6	60 +/- 3%	-	329	326	0	3	no	-	-	-	-	uaguguauaucuuugaagac	uuuuucaaugauguaugcaagg	uaguguauaucuuugaagacauuuuuucuguuuuucaaugauguaugcaagg	scaffold2:89859762..89859814:+	AMP1	scaffold2	+	89859762	89859814
scaffold2_172318	40.0	77 +/- 3%	-	100	49	0	51	no	-	-	-	-	uuuuucaaugauguaugcaagg	uaguguauaucuuugaagac	uaguguauaucuuugaagacauuuuuucuguuuuucaaugauguaugcaagg	scaffold2:89859762..89859814:+	PDi1	scaffold2	+	89859762	89859814
scaffold2_109465	27.1	89 +/- 2%	-	75	70	0	5	no	-	-	-	-	uaguguauaucuuugaagac	uuucaaugauguaugcaaggg	uaguguauaucuuugaagacauuuuuucuguuuuucaaugauguaugcaaggg	scaffold2:89859762..89859815:+	PH3	scaffold2	+	89859762	89859815
scaffold2_102115	1.1	78 +/- 2%	-	414	386	24	4	yes	-	-	-	-	caaacuggaugacuuagcuc	gggcagguagcucaguugg	gggcagguagcucaguugguagugacgcagauugguaagcugagguuaagcaacugugaucgugauuagcaaacuggaugacuuagcuc	scaffold2:98687429..98687518:+	IST2	scaffold2	+	98687429	98687518
scaffold2_225578	23.2	75 +/- 3%	-	46	16	19	11	yes	-	-	-	-	caaacuggaugacuuagcuca	gggcagguagcucaguuggu	gggcagguagcucaguugguagugacgcagauugguaagcugagguuaagcaacugugaucgugauuagcaaacuggaugacuuagcuca	scaffold2:98687429..98687519:+	DI1	scaffold2	+	98687429	98687519
scaffold2_210184	16.6	76 +/- 4%	-	32	18	7	7	yes	-	-	-	-	caaacuggaugacuuagcucaca	gggcagguagcucaguuggu	gggcagguagcucaguugguagugacgcagauugguaagcugagguuaagcaacugugaucgugauuagcaaacuggaugacuuagcucaca	scaffold2:98687429..98687521:+	EC3	scaffold2	+	98687429	98687521
scaffold2_152570	145.2	58 +/- 3%	-	304	96	201	7	no	-	-	-	-	uuggaggaguugggaguacca	gguguucacuaaaaaucggu	uuggaggaguugggaguaccacaguggugaggagcaguagcacagaaggcagcacuguuaauggguguucacuaaaaaucggu	scaffold2:110262167..110262250:+	AMP3	scaffold2	+	110262167	110262250
scaffold2_133132	164.0	67 +/- 3%	-	343	129	209	5	no	-	-	-	-	uuggaggaguugggaguacca	guguucacuaaaaaucgguaa	uuggaggaguugggaguaccacaguggugaggagcaguagcacagaaggcagcacuguuaauggguguucacuaaaaaucgguaa	scaffold2:110262167..110262252:+	IST3	scaffold2	+	110262167	110262252
scaffold2_158921	305.2	86 +/- 2%	-	610	585	5	20	no	-	-	-	-	uggcuacucgugcugauucuaaug	augacucacgcaugcaaagccaa	augacucacgcaugcaaagccaaucgauuucuaaagacucaccauggaggauggcuacucgugcugauucuaaug	scaffold2:113895552..113895627:+	PH1	scaffold2	+	113895552	113895627
scaffold2_243299	762.0	72 +/- 3%	-	1506	1387	28	91	no	-	-	-	-	uggcuacucgugcugauucuaaug	augacucacgcaugcaaagccaa	augacucacgcaugcaaagccaaucgauuucuaaagacucaccauggaggauggcuacucgugcugauucuaaug	scaffold2:113895552..113895627:+	PDii2	scaffold2	+	113895552	113895627
scaffold2_273213	391.4	70 +/- 3%	-	779	689	31	59	no	-	-	-	-	uggcuacucgugcugauucuaaug	augacucacgcaugcaaagccaa	augacucacgcaugcaaagccaaucgauuucuaaagacucaccauggaggauggcuacucgugcugauucuaaug	scaffold2:113895552..113895627:+	DI2	scaffold2	+	113895552	113895627
scaffold2_226099	45.9	69 +/- 3%	-	90	77	12	1	yes	-	-	-	-	uauaguaggaguggacucu	guggacucuccguuuauu	uauaguaggaguggacucuccguuuauuauaggaucucccuuuauuauaguaggaguggacucuccguuuauuauaggaggaguggacucuccguuuauu	scaffold2:118139444..118139544:+	PDii3	scaffold2	+	118139444	118139544
scaffold2_186001	25.8	77 +/- 3%	-	50	40	9	1	yes	-	-	-	-	uauaguaggaguggacucu	ggacucuccguuuauuauagu	uauaguaggaguggacucuccguuuauuauaggaucucccuuuauuauaguaggaguggacucuccguuuauuauaggaggaguggacucuccguuuauuauagu	scaffold2:118139444..118139549:+	PDi1	scaffold2	+	118139444	118139549
scaffold2_133687	16.4	79 +/- 3%	-	29	22	0	7	yes	-	-	-	-	ccaaucacguagucuaaccgu	augguuagacuaugugauuggu	augguuagacuaugugauuggucacgcgugaucugucacauuuucuugcaaccaaucacguagucuaaccgu	scaffold2:119533884..119533956:+	SMA2	scaffold2	+	119533884	119533956
scaffold2_118567	10.3	89 +/- 2%	-	17	16	0	1	yes	-	-	-	-	accaaucacguagucuaaccg	uuagacuaugugauuggu	uuagacuaugugauuggucacgcgugaucugucacauuuucuugcaaccaaucacguagucuaaccg	scaffold2:119533888..119533955:+	PH3	scaffold2	+	119533888	119533955
scaffold2_108710	14.0	72 +/- 3%	-	27	19	0	8	yes	-	-	-	-	uuauaaagcuuugcuaaagug	cuuuacuuagcuuuaaauagg	uuauaaagcuuugcuaaagugacuuaaaaugucacuuuacuuagcuuuaaauagg	scaffold2:123011391..123011446:+	IST2	scaffold2	+	123011391	123011446
scaffold2_249288	13.0	72 +/- 3%	-	25	16	0	9	yes	-	-	-	-	uuauaaagcuuugcuaaagugac	cacuuuacuuagcuuuaaauagg	uuauaaagcuuugcuaaagugacuuaaaaugucacuuuacuuagcuuuaaauagg	scaffold2:123011391..123011446:+	PDii2	scaffold2	+	123011391	123011446
scaffold2_134758	10.9	79 +/- 3%	-	21	20	0	1	yes	-	-	-	-	uuauaaagcuuugcuaaagug	cuuuacuuagcuuuaaauagg	uuauaaagcuuugcuaaagugacuuaaaaugucacuuuacuuagcuuuaaauagg	scaffold2:123011391..123011446:+	SMA2	scaffold2	+	123011391	123011446
scaffold2_248059	269.3	67 +/- 3%	-	609	594	1	14	no	-	-	-	-	uuagauacuguauuccaaacgcc	cuguuuaugaagucuuuauaaca	uuagauacuguauuccaaacgccaucuuacgagccuugcuguuuaugaagucuuuauaaca	scaffold2:133628480..133628541:+	PDii1	scaffold2	+	133628480	133628541
scaffold2_224767	77.7	78 +/- 3%	-	244	229	2	13	no	-	-	-	-	uuagauacuguauuccaaacgcc	cuguuuaugaagucuuuauaaca	uuagauacuguauuccaaacgccaucuuacgagccuugcuguuuaugaagucuuuauaaca	scaffold2:133628480..133628541:+	PL2	scaffold2	+	133628480	133628541
scaffold2_136320	42.4	68 +/- 3%	-	94	81	1	12	no	-	-	-	-	uccacuuggagcgaagaugaugaa	acuuuacugauuugcuguuuugg	acuuuacugauuugcuguuuuggauuggagguauacgucggaaacuuuuagacuuaugucuuuagcuauugcuucugauccacuuggagcgaagaugaugaa	scaffold2:133628570..133628672:+	IST1	scaffold2	+	133628570	133628672
scaffold2_244654	118.9	75 +/- 2%	-	244	189	10	45	no	-	-	-	-	uccacuuggagcgaagaugaugaa	acuuuacugauuugcuguuuugg	acuuuacugauuugcuguuuuggauuggagguauacgucggaaacuuuuagacuuaugucuuuagcuauugcuucugauccacuuggagcgaagaugaugaa	scaffold2:133628570..133628672:+	PL3	scaffold2	+	133628570	133628672
scaffold2_145033	2279.7	90 +/- 2%	-	4471	3926	0	545	yes	-	-	-	-	uagcaauucaguuuuagagagag	cgcucuuaacgugauuugcuugc	uagcaauucaguuuuagagagagguuuuguucucgcucuuaacgugauuugcuugc	scaffold2:134302885..134302941:+	HL1	scaffold2	+	134302885	134302941
scaffold2_235355	1031.6	48 +/- 4%	-	2023	1746	0	277	yes	-	-	-	-	uagcaauucaguuuuagagagag	gcucuuaacgugauuugcuugc	uagcaauucaguuuuagagagagguuuuguucucgcucuuaacgugauuugcuugc	scaffold2:134302885..134302941:+	PH2	scaffold2	+	134302885	134302941
scaffold2_245192	33.4	75 +/- 2%	-	120	61	58	1	no	-	-	-	-	gguacucagaauguaagaagcuug	ugccucauucccgucacca	gguacucagaauguaagaagcuugugcaaguucuuuugucaucacuguaccgaaaaacacuacacugccucauucccgucacca	scaffold2:134623619..134623703:+	PL3	scaffold2	+	134623619	134623703
scaffold2_235492	22.9	48 +/- 4%	-	95	34	60	1	no	-	-	-	-	gguacucagaauguaagaagcuug	ugccucauucccgucacca	gguacucagaauguaagaagcuugugcaaguucuuuugucaucacuguaccgaaaaacacuacacugccucauucccgucacca	scaffold2:134623619..134623703:+	PH2	scaffold2	+	134623619	134623703
scaffold2_147661	120.3	79 +/- 3%	-	292	159	132	1	no	-	-	-	-	uagguuucugaugaguagauu	auacuauucacaauauagugc	uagguuucugaugaguagauuaaacuaugguaauugucuuuaaauuugauuuuuuugauagaauacuauucacaauauagugc	scaffold2:17820625..17820708:-	SMA2	scaffold2	-	17820625	17820708
scaffold2_184393	1491.2	60 +/- 3%	-	2981	2511	465	5	no	-	-	-	-	agguuucugaugaguagauu	auacuauucacaauauagug	agguuucugaugaguagauuaaacuaugguaauugucuuuaaauuugauuuuuuugauagaauacuauucacaauauagug	scaffold2:17820626..17820707:-	AMP1	scaffold2	-	17820626	17820707
scaffold2_169342	42.8	73 +/- 3%	-	82	78	0	4	yes	-	-	-	-	ccacuaucgacuuuuaucauc	gugauaaaagucgauagucug	ccacuaucgacuuuuaucaucugucgagaaaucggugauaaaagucgauagucug	scaffold2:27318387..27318442:-	SMA3	scaffold2	-	27318387	27318442
scaffold2_121556	148.9	72 +/- 3%	-	290	272	0	18	yes	-	-	-	-	ccacuaucgacuuuuaucauc	ugauaaaagucgauagucu	ccacuaucgacuuuuaucaucugucgagaaaucggugauaaaagucgauagucu	scaffold2:27318388..27318442:-	IST2	scaffold2	-	27318388	27318442
scaffold2_187936	43.9	67 +/- 3%	-	101	31	68	2	no	-	-	-	-	gagcgcaggugguguagugg	cucugacuugcguaauuuuu	gagcgcaggugguguagugguagcauagcagccuuccaagcuguugauccggguucgacucugacuugcguaauuuuu	scaffold2:28310637..28310715:-	AMP2	scaffold2	-	28310637	28310715
scaffold2_242860	42.5	78 +/- 3%	-	96	24	71	1	no	-	-	-	-	cgagcgcaggugguguag	ucugacuugcguaauuuuu	cgagcgcaggugguguagugguagcauagcagccuuccaagcuguugauccggguucgacucugacuugcguaauuuuu	scaffold2:28310637..28310716:-	PL2	scaffold2	-	28310637	28310716
scaffold2_277984	64.7	72 +/- 3%	-	141	51	86	4	no	-	-	-	-	cgagcgcaggugguguag	cugacuugcguaauuuuu	cgagcgcaggugguguagugguagcauagcagccuuccaagcuguugauccggguucgacucugacuugcguaauuuuu	scaffold2:28310637..28310716:-	PDii2	scaffold2	-	28310637	28310716
scaffold2_133966	32.1	89 +/- 2%	-	78	26	49	3	no	-	-	-	-	cgagcgcaggugguguag	cucugacuugcguaauuuu	cgagcgcaggugguguagugguagcauagcagccuuccaagcuguugauccggguucgacucugacuugcguaauuuu	scaffold2:28310638..28310716:-	PH3	scaffold2	-	28310638	28310716
scaffold2_218937	63.7	77 +/- 3%	-	224	213	0	11	no	-	-	-	-	uuagauacuguauuccaaacgcc	cuguuuaugaagucuuuauaaca	uuagauacuguauuccaaacgccaucuuaccaaccuugcuguuuaugaagucuuuauaaca	scaffold2:43288288..43288349:-	PDi1	scaffold2	-	43288288	43288349
scaffold2_270294	77.3	76 +/- 2%	-	299	287	1	11	no	-	-	-	-	uuagauacuguauuccaaacgcc	cuguuuaugaagucuuuauaaca	uuagauacuguauuccaaacgccaucuuaccaaccuugcuguuuaugaagucuuuauaaca	scaffold2:43288288..43288349:-	PL1	scaffold2	-	43288288	43288349
scaffold2_269468	1428.2	48 +/- 4%	-	2806	1298	0	1508	yes	-	-	-	-	uaguuuauaucuuugaagaa	cuucauugauguaugcuuugg	uaguuuauaucuuugaagaaccuucuuauggaucuucauugauguaugcuuugg	scaffold2:50411512..50411566:-	PH2	scaffold2	-	50411512	50411566
scaffold2_299812	149.6	70 +/- 4%	-	298	138	0	160	yes	-	-	-	-	uaguuuauaucuuugaagaa	ucuucauugauguaugcuuug	uaguuuauaucuuugaagaaccuucuuauggaucuucauugauguaugcuuug	scaffold2:50411513..50411566:-	EC2	scaffold2	-	50411513	50411566
scaffold2_204252	369.2	87 +/- 2%	-	736	725	0	11	yes	-	-	-	-	uagcauuucaguuuuagagagag	acuuuuaaugugauuugcuugc	uagcauuucaguuuuagagagagauuguguucucacuuuuaaugugauuugcuugc	scaffold2:51712933..51712989:-	HL2	scaffold2	-	51712933	51712989
scaffold2_200202	1121.0	60 +/- 3%	-	2218	2217	0	1	no	-	-	-	-	uagcauuucaguuuuagagagag	cacuuuuaaugugauuugcuugc	uagcauuucaguuuuagagagagauuguguucucacuuuuaaugugauuugcuugc	scaffold2:51712933..51712989:-	AMP1	scaffold2	-	51712933	51712989
scaffold2_162526	788.3	67 +/- 3%	-	1558	1487	0	71	yes	-	-	-	-	uagcauuucaguuuuagagagag	acuuuuaaugugauuugcuugc	uagcauuucaguuuuagagagagauuguguucucacuuuuaaugugauuugcuugc	scaffold2:51712933..51712989:-	IST3	scaffold2	-	51712933	51712989
scaffold2_193884	349.1	86 +/- 2%	-	704	702	0	2	no	-	-	-	-	uagcauuucaguuuuagagagag	acuuuuaaugugauuugcuugc	uagcauuucaguuuuagagagagauuguguucucacuuuuaaugugauuugcuugc	scaffold2:51712933..51712989:-	PH1	scaffold2	-	51712933	51712989
scaffold2_281214	128.4	75 +/- 2%	-	271	265	0	6	no	-	-	-	-	uagcauuucaguuuuagagagag	acuuuuaaugugauuugcuugc	uagcauuucaguuuuagagagagauuguguucucacuuuuaaugugauuugcuugc	scaffold2:51712933..51712989:-	PL3	scaffold2	-	51712933	51712989
scaffold2_275785	113.6	76 +/- 4%	-	258	211	43	4	no	-	-	-	-	uggcagauauugaaaaaugacgu	ccaguuuuugcaauggccaccaagu	ccaguuuuugcaauggccaccaaguucugcuggucuuuccccaaucgaaaacguguggcagauauugaaaaaugacgu	scaffold2:66986039..66986117:-	EC3	scaffold2	-	66986039	66986117
scaffold2_246051	121.4	76 +/- 4%	-	269	213	45	11	no	-	-	-	-	uggcagauauugaaaaaugacgu	uccaguuuuugcaauggccaccaa	uccaguuuuugcaauggccaccaaguucugcuggucuuuccccaaucgaaaacguguggcagauauugaaaaaugacgu	scaffold2:66986039..66986118:-	GA1	scaffold2	-	66986039	66986118
scaffold2_299786	15.3	75 +/- 3%	-	29	22	0	7	yes	-	-	-	-	cauauauauauauauauaua	guguguguguauuuauguu	cauauauauauauauauauauauauauauauauauauauauauauauauaauguguguguguauuuauguu	scaffold2:75663793..75663864:-	DI1	scaffold2	-	75663793	75663864
scaffold2_280368	25.0	76 +/- 4%	-	48	40	1	7	yes	-	-	-	-	cauauauauauauauauaua	guguguguguauuuauguu	cauauauauauauauauauauauauauauauauauauauauauauauauaauguguguguguauuuauguu	scaffold2:75663793..75663864:-	EC3	scaffold2	-	75663793	75663864
scaffold2_217288	16.9	87 +/- 2%	-	44	43	0	1	no	-	-	-	-	cagacuugucaacgagccgag	ccgagcuugcgcacaguauuuga	cagacuugucaacgagccgagcuucgaacgagccgagccgagcugagccgagccgagccgagcuugcgcacaguauuuga	scaffold2:82961556..82961636:-	HL2	scaffold2	-	82961556	82961636
scaffold2_303530	11.8	67 +/- 3%	-	34	19	3	12	no	-	-	-	-	cagacuugucaacgagccgag	ccgagcuugcgcacaguauuuga	cagacuugucaacgagccgagcuucgaacgagccgagccgagcugagccgagccgagccgagcuugcgcacaguauuuga	scaffold2:82961556..82961636:-	PDii1	scaffold2	-	82961556	82961636
scaffold2_255184	10.3	76 +/- 3%	-	31	20	2	9	no	-	-	-	-	cagacuugucaacgagccgag	ccgagcuugcgcacaguauuuga	cagacuugucaacgagccgagcuucgaacgagccgagccgagcugagccgagccgagccgagcuugcgcacaguauuuga	scaffold2:82961556..82961636:-	PDi3	scaffold2	-	82961556	82961636
scaffold2_217500	17.9	87 +/- 2%	-	35	29	0	6	yes	-	-	-	-	uugccaaauauuuggaaucgau	cuuuccaaauauuuggcaauu	uugccaaauauuuggaaucgauuugcaaaaccuuuccaaauauuuggcaauu	scaffold2:83281289..83281341:-	HL2	scaffold2	-	83281289	83281341
scaffold2_303752	32.0	67 +/- 3%	-	63	44	0	19	yes	-	-	-	-	uuugccaaauauuuggaaucga	cuuuccaaauauuuggcaauu	uuugccaaauauuuggaaucgauuugcaaaaccuuuccaaauauuuggcaauu	scaffold2:83281289..83281342:-	PDii1	scaffold2	-	83281289	83281342
scaffold2_197230	23.0	73 +/- 3%	-	61	59	0	2	no	-	-	-	-	caugaauccugaugugugguc	cauauugucuguaaucaagag	cauauugucuguaaucaagagucucaucguguucucaugaauccugaugugugguc	scaffold2:97380932..97380988:-	SMA3	scaffold2	-	97380932	97380988
scaffold2_142524	98.9	72 +/- 3%	-	211	210	0	1	no	-	-	-	-	caugaauccugaugugugguc	cauauugucuguaaucaagaguc	cauauugucuguaaucaagagucucaucguguucucaugaauccugaugugugguc	scaffold2:97380932..97380988:-	IST2	scaffold2	-	97380932	97380988
scaffold2_157062	32.5	89 +/- 2%	-	76	26	49	1	no	-	-	-	-	cgagcgcaggugguguag	ucuggcuugcgcaauuuuuu	cgagcgcaggugguguagugguagcauagcagccuuccaagcuguugauccggguucgacucuggcuugcgcaauuuuuu	scaffold2:100904332..100904412:-	PH3	scaffold2	-	100904332	100904412
scaffold2_325142	65.1	72 +/- 3%	-	140	51	86	3	no	-	-	-	-	cgagcgcaggugguguag	cucuggcuugcgcaauuuuu	cgagcgcaggugguguagugguagcauagcagccuuccaagcuguugauccggguucgacucuggcuugcgcaauuuuu	scaffold2:100904333..100904412:-	PDii2	scaffold2	-	100904333	100904412
scaffold2_158433	145.3	89 +/- 2%	-	334	325	0	9	no	-	-	-	-	uuccaugaugauagcauug	uguugauuucacauauuucugaau	uuccaugaugauagcauugggcucagauuaacaauguugauuucacauauuucugaau	scaffold2:105211105..105211163:-	PH3	scaffold2	-	105211105	105211163
scaffold2_286705	129.0	78 +/- 3%	-	302	279	0	23	no	-	-	-	-	uuccaugaugauagcauug	uguugauuucacauauuucugaau	uuccaugaugauagcauugggcucagauuaacaauguugauuucacauauuucugaau	scaffold2:105211105..105211163:-	PL2	scaffold2	-	105211105	105211163
scaffold2_158439	147.4	89 +/- 2%	-	334	325	0	9	no	-	-	-	-	uuccaugaugauagcauug	uguugauuucacauauuucugaau	uuccaugaugauagcauugggcucagauuaacaauguugauuucacauauuucugaau	scaffold2:105211704..105211762:-	PH3	scaffold2	-	105211704	105211762
scaffold2_286711	127.4	78 +/- 3%	-	302	279	0	23	no	-	-	-	-	uuccaugaugauagcauug	uguugauuucacauauuucugaau	uuccaugaugauagcauugggcucagauuaacaauguugauuucacauauuucugaau	scaffold2:105211704..105211762:-	PL2	scaffold2	-	105211704	105211762
scaffold2_158443	133.3	89 +/- 2%	-	334	325	0	9	no	-	-	-	-	uuccaugaugauagcauug	uguugauuucacauauuucugaau	uuccaugaugauagcauugggcucagauuaauaauguugauuucacauauuucugaau	scaffold2:105212128..105212186:-	PH3	scaffold2	-	105212128	105212186
scaffold2_286715	114.6	78 +/- 3%	-	302	279	0	23	no	-	-	-	-	uuccaugaugauagcauug	uguugauuucacauauuucugaau	uuccaugaugauagcauugggcucagauuaauaauguugauuucacauauuucugaau	scaffold2:105212128..105212186:-	PL2	scaffold2	-	105212128	105212186
scaffold2_229158	10.3	87 +/- 2%	-	17	16	0	1	yes	-	-	-	-	ucgcuguuacaaaugaccaau	uggucauuuguaacagugaag	uggucauuuguaacagugaagaucuacuucgcuguuacaaaugaccaau	scaffold2:111236839..111236888:-	HL2	scaffold2	-	111236839	111236888
scaffold2_160552	10.9	89 +/- 2%	-	18	17	0	1	yes	-	-	-	-	ucgcuguuacaaaugaccaau	uuggucauuuguaacagugaa	uuggucauuuguaacagugaagaucuacuucgcuguuacaaaugaccaau	scaffold2:111236839..111236889:-	PH3	scaffold2	-	111236839	111236889
scaffold2_293595	98.3	78 +/- 3%	-	214	195	0	19	no	-	-	-	-	uuuguacauaaacguuguugaa	ugaacuuuguaugcgaucuugacu	ugaacuuuguaugcgaucuugacuuuuguacauaaacguuguugaa	scaffold2:117180643..117180689:-	PL2	scaffold2	-	117180643	117180689
scaffold2_297189	72.3	75 +/- 3%	-	163	147	0	16	no	-	-	-	-	cuuuuguacauaaacguuguuga	augaacuuuguaugcgaucuuga	augaacuuuguaugcgaucuugacuuuuguacauaaacguuguuga	scaffold2:117180644..117180690:-	PDi2	scaffold2	-	117180644	117180690
scaffold2_335916	11.1	72 +/- 3%	-	34	33	0	1	no	-	-	-	-	cggaauaauuuuuagaaauauug	uugguugagaauugguuuggaau	uugguugagaauugguuuggaauauuugcucucaaaugggcaauuaucauuuucauauucggaauaauuuuuagaaauauug	scaffold2:117733391..117733473:-	PDii2	scaffold2	-	117733391	117733473
scaffold2_291084	11.6	76 +/- 4%	-	35	34	0	1	no	-	-	-	-	cggaauaauuuuuagaaauauu	ugguugagaauugguuuggaau	ugguugagaauugguuuggaauauuugcucucaaaugggcaauuaucauuuucauauucggaauaauuuuuagaaauauu	scaffold2:117733392..117733472:-	EC1	scaffold2	-	117733392	117733472
scaffold2_215458	13.7	58 +/- 3%	-	38	34	3	1	no	-	-	-	-	ucauuaaguaccauugaccauccg	uuggauuagugacugcuaau	uuggauuagugacugcuaauugaugcaugugucugagaucuugaucauuaaguaccauugaccauccg	scaffold2:122933692..122933760:-	AMP3	scaffold2	-	122933692	122933760
scaffold2_180466	17.3	68 +/- 3%	-	45	41	1	3	no	-	-	-	-	ucauuaaguaccauugaccauccg	ucuuggauuagugacugcu	ucuuggauuagugacugcuaauugaugcaugugucugagaucuugaucauuaaguaccauugaccauccg	scaffold2:122933692..122933762:-	IST1	scaffold2	-	122933692	122933762
scaffold2_342057	39.8	72 +/- 3%	-	86	85	0	1	yes	-	-	-	-	uuuuucauugauguaugcaagg	uaguauauauuuuugaaaaaau	uaguauauauuuuugaaaaaauuuauaguuuuucauugauguaugcaagg	scaffold2:125183031..125183081:-	PDii2	scaffold2	-	125183031	125183081
scaffold2_326111	102.0	75 +/- 2%	-	208	207	0	1	yes	-	-	-	-	uuuuucauugauguaugcaagg	uaguauauauuuuugaaaaaau	uaguauauauuuuugaaaaaauuuauaguuuuucauugauguaugcaagg	scaffold2:125183031..125183081:-	PL3	scaffold2	-	125183031	125183081
scaffold2_232393	83.0	67 +/- 3%	-	201	200	0	1	no	-	-	-	-	uagcaauuaaguuuuagagagag	gcuuuuaaugugauuugcuugc	uagcaauuaaguuuuagagagagauauuguucuugcuuuuaaugugauuugcuugc	scaffold2:127259117..127259173:-	AMP2	scaffold2	-	127259117	127259173
scaffold2_320399	10.6	76 +/- 2%	-	59	58	0	1	no	-	-	-	-	uagcaauuaaguuuuagagagag	gcuuuuaaugugauuugcuugc	uagcaauuaaguuuuagagagagauauuguucuugcuuuuaaugugauuugcuugc	scaffold2:127259117..127259173:-	PL1	scaffold2	-	127259117	127259173
scaffold2_225759	30.5	86 +/- 2%	-	98	96	0	2	no	-	-	-	-	uagcaauuaaguuuuagagagag	gcuuuuaaugugauuugcuugc	uagcaauuaaguuuuagagagagauauuguucuugcuuuuaaugugauuugcuugc	scaffold2:127259117..127259173:-	PH1	scaffold2	-	127259117	127259173
scaffold2_194005	11.6	90 +/- 2%	-	61	59	0	2	no	-	-	-	-	uagcaauuaaguuuuagagagag	ugcuuuuaaugugauuugcuug	uagcaauuaaguuuuagagagagauauuguucuugcuuuuaaugugauuugcuug	scaffold2:127259118..127259173:-	HL1	scaffold2	-	127259118	127259173
scaffold2_316647	418.5	69 +/- 3%	-	831	823	2	6	no	-	-	-	-	auccugcugacugcgcca	ugugcagucacggauuagu	auccugcugacugcgccacuguuagaaaauuggguuggcuaggcguuuauagucuugggguuuguauuucuaauaaaguuuuauuugugcagucacggauuagu	scaffold2:128068456..128068560:-	PDii3	scaffold2	-	128068456	128068560
scaffold2_304513	852.5	75 +/- 3%	-	1681	1674	4	3	no	-	-	-	-	auccugcugacugcgcca	ugugcagucacggauuagu	auccugcugacugcgccacuguuagaaaauuggguuggcuaggcguuuauagucuugggguuuguauuucuaauaaaguuuuauuugugcagucacggauuagu	scaffold2:128068456..128068560:-	PDi2	scaffold2	-	128068456	128068560
scaffold2_322790	11.3	76 +/- 2%	-	53	51	0	2	no	-	-	-	-	ucaucaucaucaucaucaucauc	agauacuaaugaugaugguuuuuag	ucaucaucaucaucaucaucaucauuuccgacagauacuaaugaugaugguuuuuag	scaffold2:131604826..131604883:-	PL1	scaffold2	-	131604826	131604883
scaffold2_334168	21.4	67 +/- 3%	-	73	71	0	2	no	-	-	-	-	ucaucaucaucaucaucaucauc	gauacuaaugaugaugguuuuuag	ucaucaucaucaucaucaucaucauuuccgacagauacuaaugaugaugguuuuuag	scaffold2:131604826..131604883:-	PDii1	scaffold2	-	131604826	131604883
scaffold2_262735	100.3	77 +/- 3%	-	208	175	13	20	no	-	-	-	-	uccacuuggagcgaagaugaugaa	acuuuacugauuugcugu	acuuuacugauuugcuguuuuggauuggagguauaccgucggaaacuuuuagacuuaugucuuuagcuauugcuucugauccacuuggagcgaagaugaugaa	scaffold2:133478818..133478921:-	PDi1	scaffold2	-	133478818	133478921
scaffold2_184301	43.7	68 +/- 3%	-	97	81	4	12	no	-	-	-	-	uccacuuggagcgaagaugaugaa	acuuuacugauuugcuguuuugg	acuuuacugauuugcuguuuuggauuggagguauaccgucggaaacuuuuagacuuaugucuuuagcuauugcuucugauccacuuggagcgaagaugaugaa	scaffold2:133478818..133478921:-	IST1	scaffold2	-	133478818	133478921
scaffold2_330953	123.0	75 +/- 2%	-	245	189	11	45	yes	-	-	-	-	uccacuuggagcgaagaugaugaa	acuuuacugauuugcuguuuugg	acuuuacugauuugcuguuuuggauuggagguauaccgucggaaacuuuuagacuuaugucuuuagcuauugcuucugauccacuuggagcgaagaugaugaa	scaffold2:133478818..133478921:-	PL3	scaffold2	-	133478818	133478921
scaffold2_335296	269.3	67 +/- 3%	-	609	594	1	14	no	-	-	-	-	uuagauacuguauuccaaacgcc	cuguuuaugaagucuuuauaaca	uuagauacuguauuccaaacgccaucuuacgagccuugcuguuuaugaagucuuuauaaca	scaffold2:133478950..133479011:-	PDii1	scaffold2	-	133478950	133479011
scaffold2_303584	77.7	78 +/- 3%	-	244	229	2	13	no	-	-	-	-	uuagauacuguauuccaaacgcc	cuguuuaugaagucuuuauaaca	uuagauacuguauuccaaacgccaucuuacgagccuugcuguuuaugaagucuuuauaaca	scaffold2:133478950..133479011:-	PL2	scaffold2	-	133478950	133479011
scaffold2_184319	47.5	68 +/- 3%	-	97	81	4	12	yes	-	-	-	-	uccacuuggagcgaagaugaugaa	acuuuacugauuugcuguuuugg	acuuuacugauuugcuguuuuggauuggagguauaccgucggaaacuuuuagacuuaugucuuuagcuauugcuucugauccacuuggagcgaagaugaugaa	scaffold2:133584022..133584125:-	IST1	scaffold2	-	133584022	133584125
scaffold2_330985	123.0	75 +/- 2%	-	245	189	11	45	yes	-	-	-	-	uccacuuggagcgaagaugaugaa	acuuuacugauuugcuguuuugg	acuuuacugauuugcuguuuuggauuggagguauaccgucggaaacuuuuagacuuaugucuuuagcuauugcuucugauccacuuggagcgaagaugaugaa	scaffold2:133584022..133584125:-	PL3	scaffold2	-	133584022	133584125
scaffold2_262761	100.3	77 +/- 3%	-	208	175	13	20	no	-	-	-	-	uccacuuggagcgaagaugaugaa	acuuuacugauuugcugu	acuuuacugauuugcuguuuuggauuggagguauaccgucggaaacuuuuagacuuaugucuuuagcuauugcuucugauccacuuggagcgaagaugaugaa	scaffold2:133584022..133584125:-	PDi1	scaffold2	-	133584022	133584125
scaffold2_335328	269.3	67 +/- 3%	-	609	594	1	14	no	-	-	-	-	uuagauacuguauuccaaacgcc	cuguuuaugaagucuuuauaaca	uuagauacuguauuccaaacgccaucuuacgagccuugcuguuuaugaagucuuuauaaca	scaffold2:133584154..133584215:-	PDii1	scaffold2	-	133584154	133584215
scaffold2_303628	77.7	78 +/- 3%	-	244	229	2	13	no	-	-	-	-	uuagauacuguauuccaaacgcc	cuguuuaugaagucuuuauaaca	uuagauacuguauuccaaacgccaucuuacgagccuugcuguuuaugaagucuuuauaaca	scaffold2:133584154..133584215:-	PL2	scaffold2	-	133584154	133584215
scaffold2_348146	440.6	72 +/- 3%	-	882	874	0	8	no	-	-	-	-	aucacgucagggucacca	ugauucuagcgaacacaaag	aucacgucagggucaccauguagaaucacagcgggugauucuagcgaacacaaag	scaffold2:135647854..135647909:-	PDii2	scaffold2	-	135647854	135647909
scaffold2_319626	178.6	74 +/- 4%	-	350	343	0	7	yes	-	-	-	-	aucacgucagggucacca	ugauucuagcgaacacaaag	aucacgucagggucaccauguagaaucacagcgggugauucuagcgaacacaaag	scaffold2:135647854..135647909:-	DI3	scaffold2	-	135647854	135647909
scaffold2_153116	26.4	72 +/- 3%	-	79	78	0	1	yes	-	-	-	-	uaguaguaguaguaguagu	guaguaguggugguaguagua	guaguaguggugguaguaguaguaguggugguauuaguaguaguaguaguagu	scaffold2:136804000..136804053:-	IST2	scaffold2	-	136804000	136804053
scaffold2_315540	454.7	76 +/- 4%	-	919	916	0	3	yes	-	-	-	-	aguaguaguaguaguagu	guaguaguggugguaguagua	guaguaguggugguaguaguaguaguggugguauuaguaguaguaguaguagu	scaffold2:136804000..136804053:-	EC3	scaffold2	-	136804000	136804053
scaffold2_280908	431.2	76 +/- 4%	-	873	868	0	5	yes	-	-	-	-	aguaguaguaguaguagu	guaguaguggugguaguagua	guaguaguggugguaguaguaguaguggugguauuaguaguaguaguaguagu	scaffold2:136804000..136804053:-	GA1	scaffold2	-	136804000	136804053
scaffold2_168703	2462.5	89 +/- 2%	-	4831	4357	0	474	yes	-	-	-	-	uuguucauuggcguauacuugg	ugguauauguuuuugaaaaacc	ugguauauguuuuugaaaaaccucauacgguuguucauuggcguauacuugg	scaffold2:136819402..136819454:-	PH3	scaffold2	-	136819402	136819454
scaffold2_391561	467.6	70 +/- 3%	-	918	743	0	175	yes	-	-	-	-	uuguucauuggcguauacuugg	ugguauauguuuuugaaaaacc	ugguauauguuuuugaaaaaccucauacgguuguucauuggcguauacuugg	scaffold2:136819402..136819454:-	DI2	scaffold2	-	136819402	136819454
scaffold2_332579	1356.7	75 +/- 2%	-	2662	2263	0	399	yes	-	-	-	-	uuguucauuggcguauacuugg	ugguauauguuuuugaaaaacc	ugguauauguuuuugaaaaaccucauacgguuguucauuggcguauacuugg	scaffold2:136819402..136819454:-	PL3	scaffold2	-	136819402	136819454
scaffold3_322081	14.0	74 +/- 4%	-	71	61	0	10	no	-	-	-	-	cccugacccuagcaaggcaauug	gaugacauuacuaggaacagug	cccugacccuagcaaggcaauugaagcaguacacgaugacauuacuaggaacagug	scaffold3:3259884..3259940:+	DI3	scaffold3	+	3259884	3259940
scaffold3_304415	34.8	76 +/- 4%	-	118	108	0	10	no	-	-	-	-	cccugacccuagcaaggcaauug	augacauuacuaggaacagugcg	cccugacccuagcaaggcaauugaagcaguacacgaugacauuacuaggaacagugcg	scaffold3:3259884..3259942:+	EC1	scaffold3	+	3259884	3259942
scaffold3_353201	0.7	74 +/- 2%	-	234	233	0	1	yes	-	-	-	-	uguuuauguauauauguuuu	uauauauauguaugcauauau	uauauauauguaugcauauauuuuuguauguuuauguauauauguuuu	scaffold3:32547321..32547369:+	PL3	scaffold3	+	32547321	32547369
scaffold3_256137	0.7	83 +/- 2%	-	162	161	0	1	yes	-	-	-	-	uguuuauguauauauguuuu	uauauauauguaugcauau	uauauauauguaugcauauauuuuuguauguuuauguauauauguuuu	scaffold3:32547321..32547369:+	HL2	scaffold3	+	32547321	32547369
scaffold3_200949	14.5	79 +/- 3%	-	25	13	0	12	yes	-	-	-	-	uuaccauaguauagagcggacc	guccgcucuguacuaugguaaauu	guccgcucuguacuaugguaaauuauuccaagugugcgcucuguacaccaaauuugaauuuaccauaguauagagcggacc	scaffold3:32847304..32847385:+	SMA2	scaffold3	+	32847304	32847385
scaffold3_162323	21.1	72 +/- 3%	-	38	37	0	1	yes	-	-	-	-	ccgcucuguacuaugguaaa	uuaccauaguauagagcggacc	ccgcucuguacuaugguaaauuauuccaagugugcgcucuguacaccaaauuugaauuuaccauaguauagagcggacc	scaffold3:32847306..32847385:+	IST2	scaffold3	+	32847306	32847385
scaffold3_345473	1031.7	48 +/- 4%	-	2023	1746	0	277	yes	-	-	-	-	uagcaauucaguuuuagagagag	gcucuuaacgugauuugcuugc	uagcaauucaguuuuagagagagguuuuguucucgcucuuaacgugauuugcuugc	scaffold3:43972484..43972540:+	PH2	scaffold3	+	43972484	43972540
scaffold3_212771	2279.8	90 +/- 2%	-	4471	3926	0	545	yes	-	-	-	-	uagcaauucaguuuuagagagag	cgcucuuaacgugauuugcuugc	uagcaauucaguuuuagagagagguuuuguucucgcucuuaacgugauuugcuugc	scaffold3:43972484..43972540:+	HL1	scaffold3	+	43972484	43972540
scaffold3_214943	10.2	67 +/- 3%	-	22	21	0	1	yes	-	-	-	-	ucugcuauuguuacguaacugc	aguuauuuaauaaucuguagaau	aguuauuuaauaaucuguagaauaacacauucugcuauuguuacguaacugc	scaffold3:64007814..64007866:+	IST3	scaffold3	+	64007814	64007866
scaffold3_256877	13.8	86 +/- 2%	-	29	26	0	3	yes	-	-	-	-	ucugcuauuguuacguaacugc	aguuauuuaauaaucuguagaau	aguuauuuaauaaucuguagaauaacacauucugcuauuguuacguaacugc	scaffold3:64007814..64007866:+	PH1	scaffold3	+	64007814	64007866
scaffold3_377279	19.9	67 +/- 3%	-	41	39	0	2	yes	-	-	-	-	ucugcuauuguuacguaacugc	aguuauuuaauaaucuguagaau	aguuauuuaauaaucuguagaauaacacauucugcuauuguuacguaacugc	scaffold3:64007814..64007866:+	PDii1	scaffold3	+	64007814	64007866
scaffold3_372071	10.2	75 +/- 2%	-	22	21	0	1	yes	-	-	-	-	ucugcuauuguuacguaacugc	aguuauuuaauaaucuguagaau	aguuauuuaauaaucuguagaauaacacauucugcuauuguuacguaacugc	scaffold3:64007814..64007866:+	PL3	scaffold3	+	64007814	64007866
scaffold3_295286	53.4	77 +/- 3%	-	117	102	0	15	no	-	-	-	-	ugauguguggucugaaggcgucu	gucucaucgugcacucaug	gucucaucgugcacucaugaaaccugauguguggucugaaggcgucu	scaffold3:64456376..64456423:+	PDi1	scaffold3	+	64456376	64456423
scaffold3_378732	53.9	75 +/- 3%	-	118	92	0	26	no	-	-	-	-	ugauguguggucugaaggcgucu	gucucaucgugcacucaug	gucucaucgugcacucaugaaaccugauguguggucugaaggcgucu	scaffold3:64456376..64456423:+	DI1	scaffold3	+	64456376	64456423
scaffold3_220456	30.9	90 +/- 2%	-	75	38	34	3	no	-	-	-	-	uggacucacauucuccuaggaagu	uuguccuaggaaguugccaac	uggacucacauucuccuaggaaguuuccaaccaaggcuuaagagaccuuccugccccaugagcuuucauuuuggacugcccuuguccuaggaaguugccaac	scaffold3:64971462..64971564:+	HL1	scaffold3	+	64971462	64971564
scaffold3_341626	68.7	78 +/- 3%	-	149	55	87	7	no	-	-	-	-	uggacucacauucuccuaggaagu	uccuaggaaguugccaacca	uggacucacauucuccuaggaaguuuccaaccaaggcuuaagagaccuuccugccccaugagcuuucauuuuggacugcccuuguccuaggaaguugccaacca	scaffold3:64971462..64971566:+	PL2	scaffold3	+	64971462	64971566
scaffold3_399774	17.8	70 +/- 4%	-	34	33	0	1	yes	-	-	-	-	uauaguggaaugauugacguga	caugucaacacucagcuauuug	uauaguggaaugauugacgugaauuuguucaugucaacacucagcuauuug	scaffold3:68340217..68340268:+	EC2	scaffold3	+	68340217	68340268
scaffold3_317540	10.7	76 +/- 4%	-	20	19	0	1	yes	-	-	-	-	uauaguggaaugauugacguga	augucaacacucagcuauuug	uauaguggaaugauugacgugaauuuguucaugucaacacucagcuauuug	scaffold3:68340217..68340268:+	GA1	scaffold3	+	68340217	68340268
scaffold3_270582	13.3	60 +/- 3%	-	27	23	0	4	yes	-	-	-	-	cgauuagacuacgugauuagg	aaucacauagacuaaaggua	aaucacauagacuaaagguagccuaaggcuacgauuagacuacgugauuagg	scaffold3:76110917..76110969:+	AMP1	scaffold3	+	76110917	76110969
scaffold3_262140	11.2	86 +/- 2%	-	23	17	0	6	yes	-	-	-	-	cgauuagacuacgugauuagg	aaucacauagacuaaaggua	aaucacauagacuaaagguagccuaaggcuacgauuagacuacgugauuagg	scaffold3:76110917..76110969:+	PH1	scaffold3	+	76110917	76110969
scaffold3_211664	11.1	68 +/- 3%	-	24	21	0	3	yes	-	-	-	-	cgauuagacuacgugauuagg	aaucacauagacuaaagguag	aaucacauagacuaaagguagccuaaggcuacgauuagacuacgugauuagg	scaffold3:76110917..76110969:+	IST1	scaffold3	+	76110917	76110969
scaffold3_221959	8170.7	67 +/- 3%	-	16045	16007	0	38	yes	-	-	-	-	uuuuucauugauucauacuugg	uaguguguaucuuugcaaa	uaguguguaucuuugcaaagcguaugcgauuuuucauugauucauacuugg	scaffold3:82911107..82911158:+	IST3	scaffold3	+	82911107	82911158
scaffold3_374704	251.3	76 +/- 2%	-	521	518	0	3	no	-	-	-	-	uuuuucauugauucauacuugg	uaguguguaucuuugcaa	uaguguguaucuuugcaaagcguaugcgauuuuucauugauucauacuugg	scaffold3:82911107..82911158:+	PL1	scaffold3	+	82911107	82911158
scaffold3_294681	22.0	82 +/- 3%	-	54	15	0	39	no	-	-	-	-	gugcagucauggccgagu	cuucgaauccugcugacu	gugcagucauggccgaguugguugaaggcgguagaacuagaaaucuaauccccucuugggucgcagcuucgaauccugcugacu	scaffold3:90540812..90540896:+	GA3	scaffold3	+	90540812	90540896
scaffold3_224467	57.7	67 +/- 3%	-	124	117	0	7	no	-	-	-	-	ucgaauccugcugacugcgau	gugcagucauggccgagu	gugcagucauggccgaguugguugaaggcgguagaacuagaaaucuaauccccucuugggucgcagcuucgaauccugcugacugcgau	scaffold3:90540812..90540901:+	IST3	scaffold3	+	90540812	90540901
scaffold3_343872	320.4	72 +/- 3%	-	627	609	0	18	yes	-	-	-	-	cauuuacauugguauggacau	uccauaacuuuguaaauuucu	cauuuacauugguauggacauguucaagcaacauguccauaacuuuguaaauuucu	scaffold3:99964138..99964194:+	SMA1	scaffold3	+	99964138	99964194
scaffold3_398779	1.0	72 +/- 2%	-	8708	8608	0	100	yes	-	-	-	-	uuacauugguauggacaugu	uccauaacuuuguaaauuucu	uuacauugguauggacauguucaagcaacauguccauaacuuuguaaauuucu	scaffold3:99964141..99964194:+	PDii1	scaffold3	+	99964141	99964194
scaffold3_200058	720.6	89 +/- 2%	-	1438	983	0	455	no	-	-	-	-	uaaguauguaucuuugaaaaau	uuucauugauguacacuuugg	uaaguauguaucuuugaaaaaugcuauauauuuuucauugauguacacuuugg	scaffold3:102258925..102258978:+	PH3	scaffold3	+	102258925	102258978
scaffold3_181380	2074.7	72 +/- 3%	-	4094	2888	0	1206	no	-	-	-	-	uaaguauguaucuuugaaaaa	uuucauugauguacacuuugg	uaaguauguaucuuugaaaaaugcuauauauuuuucauugauguacacuuugg	scaffold3:102258925..102258978:+	IST2	scaffold3	+	102258925	102258978
scaffold3_285420	1379.8	87 +/- 2%	-	2731	2118	0	613	no	-	-	-	-	uaaguauguaucuuugaaaaa	uuucauugauguacacuuugg	uaaguauguaucuuugaaaaaugcuauauauuuuucauugauguacacuuugg	scaffold3:102258925..102258978:+	HL2	scaffold3	+	102258925	102258978
scaffold3_399969	39.8	67 +/- 3%	-	97	95	0	2	no	-	-	-	-	ucucagaauauuacaaauaauaugg	cugguuauaauguuguuagaaa	ucucagaauauuacaaauaauauggcuguuugcgaaugucgaggaauccugguuauaauguuguuagaaa	scaffold3:102356953..102357023:+	PDii1	scaffold3	+	102356953	102357023
scaffold3_312705	15.3	77 +/- 3%	-	49	48	0	1	no	-	-	-	-	ucucagaauauuacaaauaauaugg	cugguuauaauguuguuagaaaa	ucucagaauauuacaaauaauauggcuguuugcgaaugucgaggaauccugguuauaauguuguuagaaaa	scaffold3:102356953..102357024:+	PDi1	scaffold3	+	102356953	102357024
scaffold3_287015	1.1	86 +/- 2%	-	100	91	0	9	yes	-	-	-	-	gcuccuauagcucagucggu	cccgccuaggagcacuuuu	gcuccuauagcucagucgguuagagcgccguucauauagacagcauagucaaugcggaauucggcguuucgggcccgccuaggagcacuuuu	scaffold3:106264455..106264547:+	HL2	scaffold3	+	106264455	106264547
scaffold3_252281	1.1	74 +/- 3%	-	110	105	1	4	yes	-	-	-	-	gcuccuauagcucagucggu	cccgccuaggagcacuuuu	gcuccuauagcucagucgguuagagcgccguucauauagacagcauagucaaugcggaauucggcguuucgggcccgccuaggagcacuuuu	scaffold3:106264455..106264547:+	SMA3	scaffold3	+	106264455	106264547
scaffold3_182415	1.1	78 +/- 2%	-	239	236	0	3	yes	-	-	-	-	gcuccuauagcucagucggu	gcccgccuaggagcacuuuu	gcuccuauagcucagucgguuagagcgccguucauauagacagcauagucaaugcggaauucggcguuucgggcccgccuaggagcacuuuu	scaffold3:106264455..106264547:+	IST2	scaffold3	+	106264455	106264547
scaffold3_413829	0.8	74 +/- 2%	-	124	116	0	8	yes	-	-	-	-	cuuuguggugagagagacucc	ucucacucacugcaaacaggaaaa	ucucacucacugcaaacaggaaaagcggcaccgcaaucucccacagagcuacggauuuccuuuguggugagagagacucc	scaffold3:110805878..110805958:+	GA2	scaffold3	+	110805878	110805958
scaffold3_222241	0.8	72 +/- 2%	-	1826	1769	3	54	yes	-	-	-	-	cuuuguggugagagagacucc	ucacucacugcaaacaggaaaag	ucacucacugcaaacaggaaaagcggcaccgcaaucucccacagagcuacggauuuccuuuguggugagagagacucc	scaffold3:110805880..110805958:+	IST1	scaffold3	+	110805880	110805958
scaffold3_275649	0.8	81 +/- 2%	-	224	204	1	19	yes	-	-	-	-	cuuuguggugagagagacucc	ucacucacugcaaacaggaaaag	ucacucacugcaaacaggaaaagcggcaccgcaaucucccacagagcuacggauuuccuuuguggugagagagacucc	scaffold3:110805880..110805958:+	PH1	scaffold3	+	110805880	110805958
scaffold3_231182	12.3	67 +/- 3%	-	22	12	0	10	yes	-	-	-	-	agucuccuucauggcaguugg	uuacuguugugagggagacuc	agucuccuucauggcaguuggauaagcgguguugcaaucuccuuauucggagcuauggaugucuuacuguugugagggagacuc	scaffold3:111003936..111004020:+	IST3	scaffold3	+	111003936	111004020
scaffold3_283397	10.8	67 +/- 3%	-	19	14	0	5	yes	-	-	-	-	uacuguugugagggagacucc	agucuccuucauggcaguugg	agucuccuucauggcaguuggauaagcgguguugcaaucuccuuauucggagcuauggaugucuuacuguugugagggagacucc	scaffold3:111003936..111004021:+	AMP2	scaffold3	+	111003936	111004021
scaffold3_413929	17.4	74 +/- 4%	-	32	27	1	4	yes	-	-	-	-	uuacuguugugagggagacuc	gucuccuucauggcaguugg	gucuccuucauggcaguuggauaagcgguguugcaaucuccuuauucggagcuauggaugucuuacuguugugagggagacuc	scaffold3:111003937..111004020:+	GA2	scaffold3	+	111003937	111004020
scaffold3_236303	11.3	90 +/- 2%	-	20	12	0	8	yes	-	-	-	-	uuacuguugugagggagacuc	gucuccuucauggcaguugg	gucuccuucauggcaguuggauaagcgguguugcaaucuccuuauucggagcuauggaugucuuacuguugugagggagacuc	scaffold3:111003937..111004020:+	HL1	scaffold3	+	111003937	111004020
scaffold3_388778	123.8	74 +/- 4%	-	275	241	0	34	no	-	-	-	-	uaguuuaaaucuuugaacaaacc	uuuuucauuuauuuaugccagg	uaguuuaaaucuuugaacaaaccuuuuaugguuuuucauuuauuuaugccagg	scaffold3:116662899..116662952:+	DI3	scaffold3	+	116662899	116662952
scaffold3_374014	131.9	75 +/- 3%	-	291	245	0	46	no	-	-	-	-	uaguuuaaaucuuugaacaaacc	uuuuucauuuauuuaugccagg	uaguuuaaaucuuugaacaaaccuuuuaugguuuuucauuuauuuaugccagg	scaffold3:116662899..116662952:+	PDi2	scaffold3	+	116662899	116662952
scaffold3_403116	222.2	75 +/- 2%	-	468	354	0	114	no	-	-	-	-	uaguuuaaaucuuugaacaaacc	uuuuucauuuauuuaugccagg	uaguuuaaaucuuugaacaaaccuuuuaugguuuuucauuuauuuaugccagg	scaffold3:116662899..116662952:+	PL3	scaffold3	+	116662899	116662952
scaffold3_422578	377.1	72 +/- 3%	-	772	682	0	90	no	-	-	-	-	uaguuuaaaucuuugaacaaacc	uuuuucauuuauuuaugccagg	uaguuuaaaucuuugaacaaaccuuuuaugguuuuucauuuauuuaugccagg	scaffold3:116662899..116662952:+	PDii2	scaffold3	+	116662899	116662952
scaffold3_391485	21.0	48 +/- 4%	-	67	61	3	3	no	-	-	-	-	gugaugcauacaaucgugu	cacguuucaaguuuauuacauuuag	cacguuucaaguuuauuacauuuagaucaaaugcagaauuuugcaauauaauacauuggaagaguugcacaccgugugaugcauacaaucgugu	scaffold3:124140383..124140477:+	PH2	scaffold3	+	124140383	124140477
scaffold3_481359	194.3	70 +/- 3%	-	407	352	42	13	no	-	-	-	-	gugaugcauacaaucgugu	cacguuucaaguuuauuacauuuag	cacguuucaaguuuauuacauuuagaucaaaugcagaauuuugcaauauaauacauuggaagaguugcacaccgugugaugcauacaaucgugu	scaffold3:124140383..124140477:+	DI2	scaffold3	+	124140383	124140477
scaffold3_413093	284.6	67 +/- 3%	-	586	485	63	38	no	-	-	-	-	gugaugcauacaaucgugu	cacguuucaaguuuauuacauuuag	cacguuucaaguuuauuacauuuagaucaaaugcagaauuuugcaauauaauacauuggaagaguugcacaccgugugaugcauacaaucgugu	scaffold3:124140383..124140477:+	PDii1	scaffold3	+	124140383	124140477
scaffold3_294955	30.7	87 +/- 2%	-	88	52	19	17	no	-	-	-	-	gugaugcauacaaucgugu	cacguuucaaguuuauuacauuuag	cacguuucaaguuuauuacauuuagaucaaaugcagaauuuugcaauauaauacauuggaagaguugcacaccgugugaugcauacaaucgugu	scaffold3:124140383..124140477:+	HL2	scaffold3	+	124140383	124140477
scaffold3_430288	22.6	72 +/- 3%	-	68	67	0	1	no	-	-	-	-	ucucaagaaacaucgcaccc	ugugcugaugcuaauuucuacuug	ucucaagaaacaucgcacccuucauucguuuugcaauuguguuugugcugaugcuaauuucuacuug	scaffold3:4851810..4851877:-	PDii2	scaffold3	-	4851810	4851877
scaffold3_401143	26.6	76 +/- 2%	-	81	80	0	1	no	-	-	-	-	ucucaagaaacaucgcacccuuca	uguuugugcugaugcuaau	ucucaagaaacaucgcacccuucauucguuuugcaauuguguuugugcugaugcuaau	scaffold3:4851819..4851877:-	PL1	scaffold3	-	4851819	4851877
scaffold3_349567	1.1	77 +/- 2%	-	222	191	9	22	yes	-	-	-	-	ugagagcuuuccucaggacucua	ugguaucccucucagcuc	ugguaucccucucagcucggggaccucaccaguucccagggagucugagagcuuuccucaggacucua	scaffold3:5294624..5294692:-	PDi3	scaffold3	-	5294624	5294692
scaffold3_390239	1.1	77 +/- 2%	-	216	179	25	12	yes	-	-	-	-	ugagagcuuuccucaggacucua	ugcugguaucccucucagcuc	ugcugguaucccucucagcucggggaccucaccaguucccagggagucugagagcuuuccucaggacucua	scaffold3:5294624..5294695:-	EC3	scaffold3	-	5294624	5294695
scaffold3_398331	421.4	69 +/- 3%	-	838	823	9	6	no	-	-	-	-	auccugcugacugcgcca	ugugcagucacggauuagu	auccugcugacugcgccacuguuagaaaauuggguuggcuaggcguuuauaguuuugggguuuguauuucuaauaacguuuuauuugugcagucacggauuagu	scaffold3:9038511..9038615:-	PDii3	scaffold3	-	9038511	9038615
scaffold3_382643	855.0	75 +/- 3%	-	1687	1674	10	3	no	-	-	-	-	auccugcugacugcgcca	ugugcagucacggauuagu	auccugcugacugcgccacuguuagaaaauuggguuggcuaggcguuuauaguuuugggguuuguauuucuaauaacguuuuauuugugcagucacggauuagu	scaffold3:9038511..9038615:-	PDi2	scaffold3	-	9038511	9038615
scaffold3_348525	285.0	76 +/- 4%	-	569	555	12	2	no	-	-	-	-	auccugcugacugcgcca	ugugcagucacggauuagu	auccugcugacugcgccacuguuagaaaauuggguuggcuaggcguuuauaguuuugggguuuguauuucuaauaacguuuuauuugugcagucacggauuagu	scaffold3:9038511..9038615:-	GA1	scaffold3	-	9038511	9038615
scaffold3_398335	421.4	69 +/- 3%	-	838	823	9	6	no	-	-	-	-	auccugcugacugcgcca	ugugcagucacggauuagu	auccugcugacugcgccacuguuagaaaauuggguuggcuaggcguuuauaguuuugggguuuguauuucuaauaacguuuuauuugugcagucacggauuagu	scaffold3:9043932..9044036:-	PDii3	scaffold3	-	9043932	9044036
scaffold3_348531	285.0	76 +/- 4%	-	569	555	12	2	no	-	-	-	-	auccugcugacugcgcca	ugugcagucacggauuagu	auccugcugacugcgccacuguuagaaaauuggguuggcuaggcguuuauaguuuugggguuuguauuucuaauaacguuuuauuugugcagucacggauuagu	scaffold3:9043932..9044036:-	GA1	scaffold3	-	9043932	9044036
scaffold3_382647	855.0	75 +/- 3%	-	1687	1674	10	3	no	-	-	-	-	auccugcugacugcgcca	ugugcagucacggauuagu	auccugcugacugcgccacuguuagaaaauuggguuggcuaggcguuuauaguuuugggguuuguauuucuaauaacguuuuauuugugcagucacggauuagu	scaffold3:9043932..9044036:-	PDi2	scaffold3	-	9043932	9044036
scaffold3_293628	47.9	67 +/- 3%	-	101	99	0	2	yes	-	-	-	-	ucacacacaacacaacacaca	acauguuguguuguguac	acauguuguguuguguacacaacacaguuaagauucacacacaacacaacacaca	scaffold3:11704756..11704811:-	AMP2	scaffold3	-	11704756	11704811
scaffold3_239632	35.2	67 +/- 3%	-	76	71	0	5	yes	-	-	-	-	ucacacacaacacaacacaca	acauguuguguuguguac	acauguuguguuguguacacaacacaguuaagauucacacacaacacaacacaca	scaffold3:11704756..11704811:-	IST3	scaffold3	-	11704756	11704811
scaffold3_363712	131.9	72 +/- 3%	-	297	293	0	4	no	-	-	-	-	ugugauaaaugugauuuuagaug	ucucaaaaagcauaaacucacgca	ugugauaaaugugauuuuagauguucacuaucuggcaaucucaaaaagcauaaacucacgca	scaffold3:12826293..12826355:-	SMA1	scaffold3	-	12826293	12826355
scaffold3_286918	35.6	86 +/- 2%	-	108	107	0	1	no	-	-	-	-	ugugauaaaugugauuuuagaug	ucucaaaaagcauaaacucacg	ugugauaaaugugauuuuagauguucacuaucuggcaaucucaaaaagcauaaacucacg	scaffold3:12826295..12826355:-	PH1	scaffold3	-	12826295	12826355
scaffold3_406412	30.4	69 +/- 3%	-	58	24	32	2	yes	-	-	-	-	cuuuccaaaucuuuggcaauu	ugccaaauucuuggaaag	ugccaaauucuuggaaagcuugcauaaaauuugccaaauauuuggaaucgauuugcaaauccuuuccaaaucuuuggcaauu	scaffold3:21722620..21722702:-	PDii3	scaffold3	-	21722620	21722702
scaffold3_358650	19.1	76 +/- 3%	-	36	18	16	2	yes	-	-	-	-	cuuuccaaaucuuuggcaauu	uuugccaaauucuuggaaagc	uuugccaaauucuuggaaagcuugcauaaaauuugccaaauauuuggaaucgauuugcaaauccuuuccaaaucuuuggcaauu	scaffold3:21722620..21722704:-	PDi3	scaffold3	-	21722620	21722704
scaffold3_297988	32.9	67 +/- 3%	-	63	14	48	1	yes	-	-	-	-	cuuuccaaaucuuuggcaauu	uuugccaaauucuuggaaagc	uuugccaaauucuuggaaagcuugcauaaaauuugccaaauauuuggaaucgauuugcaaauccuuuccaaaucuuuggcaauu	scaffold3:21722620..21722704:-	AMP2	scaffold3	-	21722620	21722704
scaffold3_249276	20.7	90 +/- 2%	-	39	17	21	1	yes	-	-	-	-	cuuuccaaaucuuuggcaauu	uuugccaaauucuuggaaagc	uuugccaaauucuuggaaagcuugcauaaaauuugccaaauauuuggaaucgauuugcaaauccuuuccaaaucuuuggcaauu	scaffold3:21722620..21722704:-	HL1	scaffold3	-	21722620	21722704
scaffold3_429603	59.5	75 +/- 3%	-	141	133	5	3	no	-	-	-	-	ugagcagguuaguaaucgu	acgaaaaacaaggcguucaaaga	ugagcagguuaguaaucguagagcgcccaggaagguugccaugcugacaagaagagaugaguugacgaauuuuugggaaaacauaacgaaaaacaaggcguucaaaga	scaffold3:23523100..23523208:-	DI1	scaffold3	-	23523100	23523208
scaffold3_449547	79.9	70 +/- 4%	-	181	176	2	3	no	-	-	-	-	ugagcagguuaguaaucgu	gaaaaacaaggcguucaaag	ugagcagguuaguaaucguagagcgcccaggaagguugccaugcugacaagaagagaugaguugacgaauuuuugggaaaacauaacgaaaaacaaggcguucaaag	scaffold3:23523101..23523208:-	EC2	scaffold3	-	23523101	23523208
scaffold3_292258	2347.5	86 +/- 2%	-	4607	4595	0	12	yes	-	-	-	-	uaguguguaucuuugaggaacc	uucuuuauugauuuaugcuuug	uaguguguaucuuugaggaaccuuuuucugguucuuuauugauuuaugcuuug	scaffold3:25267527..25267580:-	PH1	scaffold3	-	25267527	25267580
scaffold3_443822	683.5	72 +/- 3%	-	1343	1337	0	6	yes	-	-	-	-	uaguguguaucuuugaggaacc	uucuuuauugauuuaugcuuug	uaguguguaucuuugaggaaccuuuuucugguucuuuauugauuuaugcuuug	scaffold3:25267527..25267580:-	PDii2	scaffold3	-	25267527	25267580
scaffold3_419363	18.3	69 +/- 3%	-	43	42	0	1	no	-	-	-	-	uaccagucaacggacugaagagugg	uacucaacaguuacuguggucggg	uacucaacaguuacuguggucgggguuacucuaccagucaacggacugaagagugg	scaffold3:45270438..45270494:-	PDii3	scaffold3	-	45270438	45270494
scaffold3_370171	21.8	76 +/- 3%	-	49	48	0	1	no	-	-	-	-	uaccagucaacggacugaagagugg	uacucaacaguuacuguggucgggg	uacucaacaguuacuguggucgggguuacucuaccagucaacggacugaagagugg	scaffold3:45270438..45270494:-	PDi3	scaffold3	-	45270438	45270494
scaffold3_460089	56.5	74 +/- 4%	-	179	175	2	2	no	-	-	-	-	ugcagcaggaauuagagaacuu	agaucuaauuugcaagucaguag	ugcagcaggaauuagagaacuuaauuaaaucaaaaggaucaagaucuaauuugcaagucaguag	scaffold3:60797691..60797755:-	GA2	scaffold3	-	60797691	60797755
scaffold3_314174	397.0	67 +/- 3%	-	847	811	35	1	no	-	-	-	-	ugcagcaggaauuagagaacu	agaucuaauuugcaagucagu	ugcagcaggaauuagagaacuuaauuaaaucaaaaggaucaagaucuaauuugcaagucagu	scaffold3:60797693..60797755:-	AMP2	scaffold3	-	60797693	60797755
scaffold3_282056	14.1	73 +/- 3%	-	96	87	8	1	no	-	-	-	-	ugcagcaggaauuagagaacu	aagaucuaauuugcaagucag	ugcagcaggaauuagagaacuuaauuaaaucaaaaggaucaagaucuaauuugcaagucag	scaffold3:60797694..60797755:-	SMA3	scaffold3	-	60797694	60797755
scaffold3_204760	53.4	72 +/- 3%	-	123	118	0	5	no	-	-	-	-	uagcaauugaguuuuagagagag	cacuuuuaacgcgauuugcuugc	uagcaauugaguuuuagagagagauuuuguucucacuuuuaacgcgauuugcuugc	scaffold3:64009099..64009155:-	IST2	scaffold3	-	64009099	64009155
scaffold3_430246	22.3	69 +/- 3%	-	62	59	0	3	no	-	-	-	-	uagcaauugaguuuuagagagag	cacuuuuaacgcgauuugcuugc	uagcaauugaguuuuagagagagauuuuguucucacuuuuaacgcgauuugcuugc	scaffold3:64009099..64009155:-	PDii3	scaffold3	-	64009099	64009155
scaffold3_415166	18.5	75 +/- 3%	-	44	21	0	23	yes	-	-	-	-	ucuuaacgugacuugcuugca	uagcauuucaguuuuagggagag	uagcauuucaguuuuagggagagauuauauucucacucuuaacgugacuugcuugca	scaffold3:65932948..65933005:-	PDi2	scaffold3	-	65932948	65933005
scaffold3_447256	105.2	75 +/- 2%	-	214	91	0	123	yes	-	-	-	-	ucuuaacgugacuugcuugca	uagcauuucaguuuuagggagag	uagcauuucaguuuuagggagagauuauauucucacucuuaacgugacuugcuugca	scaffold3:65932948..65933005:-	PL3	scaffold3	-	65932948	65933005
scaffold3_456269	21.7	67 +/- 3%	-	59	58	0	1	no	-	-	-	-	ggaguucgguuaagauuu	aguugaaaguacacucugaguaug	ggaguucgguuaagauuugcaguugaaaguacacucugaguaug	scaffold3:71536167..71536211:-	PDii1	scaffold3	-	71536167	71536211
scaffold3_440011	22.7	76 +/- 2%	-	61	60	0	1	no	-	-	-	-	ggaguucgguuaagauuu	aguugaaaguacacucugaguaug	ggaguucgguuaagauuugcaguugaaaguacacucugaguaug	scaffold3:71536167..71536211:-	PL1	scaffold3	-	71536167	71536211
scaffold3_433581	17.1	74 +/- 4%	-	50	48	0	2	no	-	-	-	-	ggaguucgguuaagauuu	aguugaaaguacacucugaguau	ggaguucgguuaagauuugcaguugaaaguacacucugaguau	scaffold3:71536168..71536211:-	DI3	scaffold3	-	71536168	71536211
scaffold3_357083	16.1	77 +/- 3%	-	48	44	0	4	no	-	-	-	-	ggaguucgguuaagauuu	aguugaaaguacacucugag	ggaguucgguuaagauuugcaguugaaaguacacucugag	scaffold3:71536171..71536211:-	PDi1	scaffold3	-	71536171	71536211
scaffold3_299334	90.9	73 +/- 3%	-	182	98	0	84	yes	-	-	-	-	auuuucauugacguaugcucgg	uaguguguauccuugaagaacc	uaguguguauccuugaagaaccuuauauggauuuucauugacguaugcucgg	scaffold3:106644414..106644466:-	SMA3	scaffold3	-	106644414	106644466
scaffold3_333228	448.3	67 +/- 3%	-	883	527	0	356	yes	-	-	-	-	auuuucauugacguaugcucgg	uaguguguauccuugaagaacc	uaguguguauccuugaagaaccuuauauggauuuucauugacguaugcucgg	scaffold3:106644414..106644466:-	AMP2	scaffold3	-	106644414	106644466
scaffold3_334756	10.9	67 +/- 3%	-	19	14	0	5	yes	-	-	-	-	uacuguugugagggagacucc	agucuccuucauggcaguugg	agucuccuucauggcaguuggauaagcgguguugcaaucuccuuauuuggagcuauggaugucuuacuguugugagggagacucc	scaffold3:110987736..110987821:-	AMP2	scaffold3	-	110987736	110987821
scaffold3_279484	11.4	90 +/- 2%	-	20	12	0	8	yes	-	-	-	-	uuacuguugugagggagacuc	gucuccuucauggcaguugg	gucuccuucauggcaguuggauaagcgguguugcaaucuccuuauuuggagcuauggaugucuuacuguugugagggagacuc	scaffold3:110987737..110987820:-	HL1	scaffold3	-	110987737	110987820
scaffold3_489892	17.1	74 +/- 4%	-	31	27	0	4	yes	-	-	-	-	uuacuguugugagggagacuc	gucuccuucauggcaguugg	gucuccuucauggcaguuggauaagcgguguugcaaucuccuuauuuggagcuauggaugucuuacuguugugagggagacuc	scaffold3:110987737..110987820:-	GA2	scaffold3	-	110987737	110987820
scaffold3_273561	12.5	67 +/- 3%	-	22	12	0	10	yes	-	-	-	-	agucuccuucauggcaguugg	uuacuguugugagggagacuc	agucuccuucauggcaguuggauaagcgguguugcaaucuccuuauuuggagcuauggaugucuuacuguugugagggagacuc	scaffold3:110987737..110987821:-	IST3	scaffold3	-	110987737	110987821
scaffold3_434021	624.3	78 +/- 3%	-	1243	1242	0	1	no	-	-	-	-	cgcucuuaacgugauuugcuugc	uaguaguucaguuuuagagagaa	uaguaguucaguuuuagagagaaauuuuguuuucgcucuuaacgugauuugcuugc	scaffold3:111542530..111542586:-	PL2	scaffold3	-	111542530	111542586
scaffold3_329617	447.9	87 +/- 2%	-	897	896	0	1	no	-	-	-	-	cgcucuuaacgugauuugcuugc	uaguaguucaguuuuagagagaa	uaguaguucaguuuuagagagaaauuuuguuuucgcucuuaacgugauuugcuugc	scaffold3:111542530..111542586:-	HL3	scaffold3	-	111542530	111542586
scaffold3_273759	448.9	67 +/- 3%	-	899	897	0	2	no	-	-	-	-	gcucuuaacgugauuugcuugc	uaguaguucaguuuuagagaga	uaguaguucaguuuuagagagaaauuuuguuuucgcucuuaacgugauuugcuugc	scaffold3:111542530..111542586:-	IST3	scaffold3	-	111542530	111542586
scaffold3_342536	11.1	87 +/- 2%	-	21	20	0	1	yes	-	-	-	-	cgcucuguacuaugguaaauu	uuuaccauaguacagaacgaac	cgcucuguacuaugguaaauuagaauuuggcguacagagcggacacuugaaauaauuuaccauaguacagaacgaac	scaffold3:111626088..111626165:-	HL2	scaffold3	-	111626088	111626165
scaffold3_217668	15.1	72 +/- 3%	-	29	28	0	1	yes	-	-	-	-	ccgcucuguacuaugguaaa	uuaccauaguacagaacgaac	ccgcucuguacuaugguaaauuagaauuuggcguacagagcggacacuugaaauaauuuaccauaguacagaacgaac	scaffold3:111626088..111626166:-	IST2	scaffold3	-	111626088	111626166
scaffold3_457331	315.0	48 +/- 4%	-	631	629	0	2	no	-	-	-	-	uguacuugaucgaaguugaaacug	cguuucgaacuuacucuucu	uguacuugaucgaaguugaaacuggcagcguuucgaacuuacucuucu	scaffold3:116684735..116684783:-	PH2	scaffold3	-	116684735	116684783
scaffold3_417687	20.8	72 +/- 3%	-	54	50	0	4	no	-	-	-	-	uguacuugaucgaaguugaaacugg	gcguuucgaacuuacucuucu	uguacuugaucgaaguugaaacuggcagcguuucgaacuuacucuucu	scaffold3:116684735..116684783:-	SMA1	scaffold3	-	116684735	116684783
scaffold3_305364	15.3	73 +/- 3%	-	30	26	1	3	yes	-	-	-	-	ucaaaugugauagaaaauguacagg	uaacauuuucguaaaugacgcgg	uaacauuuucguaaaugacgcggcugaaugauucuaaugaaccaugucguuuuacgcauucagucaaaugugauagaaaauguacagg	scaffold3:121660038..121660126:-	SMA3	scaffold3	-	121660038	121660126
scaffold3_460612	556.2	48 +/- 4%	-	1091	1038	4	49	yes	-	-	-	-	ucaaaugugauagaaaauguacag	uaacauuuucguaaaugacgcg	uaacauuuucguaaaugacgcggcugaaugauucuaaugaaccaugucguuuuacgcauucagucaaaugugauagaaaauguacag	scaffold3:121660039..121660126:-	PH2	scaffold3	-	121660039	121660126
scaffold3_487004	1.3	72 +/- 2%	-	634	606	0	28	yes	-	-	-	-	gucauugauagcuguuggag	agucauacuaucuuggcauuc	gucauugauagcuguuggagcagcaaccagucauacuaucuuggcauuc	scaffold3:124164155..124164204:-	PDii1	scaffold3	-	124164155	124164204
scaffold3_481694	314.7	75 +/- 2%	-	616	534	0	82	yes	-	-	-	-	gucauugauagcuguuggag	agucauacuaucuuggcauu	gucauugauagcuguuggagcagcaaccagucauacuaucuuggcauu	scaffold3:124164156..124164204:-	PL3	scaffold3	-	124164156	124164204
scaffold3_568625	28.5	70 +/- 3%	-	56	50	0	6	yes	-	-	-	-	gucauugauagcuguuggag	accagucauacuaucuug	gucauugauagcuguuggagcagcaaccagucauacuaucuug	scaffold3:124164161..124164204:-	DI2	scaffold3	-	124164161	124164204
scaffold4_488059	2477.5	67 +/- 3%	-	4876	4855	9	12	no	-	-	-	-	ugguauaaagucauuuaag	uuaaauguaaucagugugag	uuaaauguaaucagugugaguaucaaugcuucauauccuaguacuaugaagcaacaucaacuucgacacucugguauaaagucauuuaag	scaffold4:1193744..1193834:+	PDii1	scaffold4	+	1193744	1193834
scaffold4_482687	1464.3	75 +/- 2%	-	2889	2878	3	8	no	-	-	-	-	ugguauaaagucauuuaagug	uuaaauguaaucagugugag	uuaaauguaaucagugugaguaucaaugcuucauauccuaguacuaugaagcaacaucaacuucgacacucugguauaaagucauuuaagug	scaffold4:1193744..1193836:+	PL3	scaffold4	+	1193744	1193836
scaffold4_569795	1206.6	70 +/- 3%	-	2384	2362	15	7	no	-	-	-	-	ugguauaaagucauuuaagug	uuaaauguaaucagugugag	uuaaauguaaucagugugaguaucaaugcuucauauccuaguacuaugaagcaacaucaacuucgacacucugguauaaagucauuuaagug	scaffold4:1193744..1193836:+	DI2	scaffold4	+	1193744	1193836
scaffold4_499355	387.6	74 +/- 4%	-	777	756	9	12	no	-	-	-	-	ugguauaaagucauuuaagug	uuaaauguaaucagugugag	uuaaauguaaucagugugaguaucaaugcuucauauccuaguacuaugaagcaacaucaacuucgacacucugguauaaagucauuuaagug	scaffold4:1193744..1193836:+	GA2	scaffold4	+	1193744	1193836
scaffold4_335879	236.3	87 +/- 2%	-	478	475	0	3	no	-	-	-	-	ugguauaaagucauuuaagug	uuaaauguaaucagugugag	uuaaauguaaucagugugaguaucaaugcuucauauccuaguacuaugaagcaacaucaacuucgacacucugguauaaagucauuuaagug	scaffold4:1193744..1193836:+	HL3	scaffold4	+	1193744	1193836
scaffold4_351857	506.9	87 +/- 2%	-	1000	989	0	11	yes	-	-	-	-	uaguauguaucuuugaagaa	cuucacugguguaugcuuugg	uaguauguaucuuugaagaacauuguugugguucuucacugguguaugcuuugg	scaffold4:9536381..9536435:+	HL2	scaffold4	+	9536381	9536435
scaffold4_345649	2376.4	60 +/- 3%	-	4667	4147	0	520	yes	-	-	-	-	uaguauguaucuuugaagaa	cuucacugguguaugcuuugg	uaguauguaucuuugaagaacauuguugugguucuucacugguguaugcuuugg	scaffold4:9536381..9536435:+	AMP1	scaffold4	+	9536381	9536435
scaffold4_309769	480.4	73 +/- 3%	-	948	940	0	8	yes	-	-	-	-	uaguauguaucuuugaagaa	cuucacugguguaugcuuugg	uaguauguaucuuugaagaacauuguugugguucuucacugguguaugcuuugg	scaffold4:9536381..9536435:+	SMA3	scaffold4	+	9536381	9536435
scaffold4_468825	30.7	74 +/- 4%	-	66	38	0	28	yes	-	-	-	-	uucuucacugguguaugcuuugg	uaguauguaucuuugaagaa	uaguauguaucuuugaagaacauuguugugguucuucacugguguaugcuuugg	scaffold4:9536381..9536435:+	DI3	scaffold4	+	9536381	9536435
scaffold4_494787	230.2	75 +/- 3%	-	463	446	15	2	no	-	-	-	-	ugggugggagaggagcggca	uugccacuauccaccucaauc	uugccacuauccaccucaauccaagcauaauuaaacgaugaaagcugcuccaaauauuuuaaaucaaugggugggagaggagcggca	scaffold4:9594065..9594152:+	DI1	scaffold4	+	9594065	9594152
scaffold4_446341	100.2	78 +/- 3%	-	208	203	4	1	no	-	-	-	-	ugggugggagaggagcggca	uugccacuauccaccucaaucc	uugccacuauccaccucaauccaagcauaauuaaacgaugaaagcugcuccaaauauuuuaaaucaaugggugggagaggagcggca	scaffold4:9594065..9594152:+	PL2	scaffold4	+	9594065	9594152
scaffold4_451068	999.9	75 +/- 3%	-	1967	1440	0	527	yes	-	-	-	-	uuuuucauugauguaugcuucg	uaguguguaucuuugaauaacc	uaguguguaucuuugaauaaccuuauaugguuuuucauugauguaugcuucg	scaffold4:10233480..10233532:+	PDi2	scaffold4	+	10233480	10233532
scaffold4_336150	1208.5	86 +/- 2%	-	2376	1427	0	949	yes	-	-	-	-	uaguguguaucuuugaauaa	uuucauugauguaugcuucga	uaguguguaucuuugaauaaccuuauaugguuuuucauugauguaugcuucga	scaffold4:10233480..10233533:+	PH1	scaffold4	+	10233480	10233533
scaffold4_345877	3779.9	60 +/- 3%	-	7422	5467	0	1955	yes	-	-	-	-	uuucauugauguaugcuucga	uaguguguaucuuugaauaacc	uaguguguaucuuugaauaaccuuauaugguuuuucauugauguaugcuucga	scaffold4:10233480..10233533:+	AMP1	scaffold4	+	10233480	10233533
scaffold4_355766	52.2	87 +/- 2%	-	118	117	0	1	no	-	-	-	-	uguucacuuguucucucaaauguc	cagaauuugagagcuugg	uguucacuuguucucucaaaugucugacgaauacagguuuagugacauucagcgauacuuuucaaagacagaauuugagagcuugg	scaffold4:17635807..17635893:+	HL2	scaffold4	+	17635807	17635893
scaffold4_497922	29.7	67 +/- 3%	-	74	73	0	1	no	-	-	-	-	uguucacuuguucucucaaauguc	cagaauuugagagcuugg	uguucacuuguucucucaaaugucugacgaauacagguuuagugacauucagcgauacuuuucaaagacagaauuugagagcuugg	scaffold4:17635807..17635893:+	PDii1	scaffold4	+	17635807	17635893
scaffold4_352148	173.9	60 +/- 3%	-	339	188	0	151	yes	-	-	-	-	ccacuaucgacuuuuaucauc	ugauaaaagucgauagugu	ccacuaucgacuuuuaucaucugccaauaaaucggugauaaaagucgauagugu	scaffold4:24232041..24232095:+	AMP1	scaffold4	+	24232041	24232095
scaffold4_282000	66.3	79 +/- 3%	-	128	73	0	55	yes	-	-	-	-	ccacuaucgacuuuuaucauc	ugauaaaagucgauagugug	ccacuaucgacuuuuaucaucugccaauaaaucggugauaaaagucgauagugug	scaffold4:24232041..24232096:+	SMA2	scaffold4	+	24232041	24232096
scaffold4_452815	100.5	76 +/- 4%	-	211	164	3	44	yes	-	-	-	-	ucaacgucauuuuucaauaucugcc	ucagaugucaaaauguguuga	ucagaugucaaaauguguugacuuucuugaauuuuuuauuuaaaaucggauauauuuuucggauuuuucaucucaacgucauuuuucaauaucugcc	scaffold4:27799298..27799395:+	EC1	scaffold4	+	27799298	27799395
scaffold4_515083	105.1	74 +/- 4%	-	220	173	6	41	yes	-	-	-	-	ucaacgucauuuuucaauaucugcc	ucagaugucaaaauguguuga	ucagaugucaaaauguguugacuuucuugaauuuuuuauuuaaaaucggauauauuuuucggauuuuucaucucaacgucauuuuucaauaucugcc	scaffold4:27799298..27799395:+	GA2	scaffold4	+	27799298	27799395
scaffold4_276070	10.9	68 +/- 3%	-	28	26	0	2	yes	-	-	-	-	uagugugugucuuuggcgaa	cuucauugauguauguuaggg	uagugugugucuuuggcgaaccuuguuaugguucuucauugauguauguuaggg	scaffold4:28934346..28934400:+	IST1	scaffold4	+	28934346	28934400
scaffold4_351830	17.1	67 +/- 3%	-	40	33	0	7	yes	-	-	-	-	uagugugugucuuuggcgaa	cuucauugauguauguuaggg	uagugugugucuuuggcgaaccuuguuaugguucuucauugauguauguuaggg	scaffold4:28934346..28934400:+	AMP2	scaffold4	+	28934346	28934400
scaffold4_506480	68.5	75 +/- 3%	-	141	140	0	1	yes	-	-	-	-	uagugugugucuuuggcgaa	cuucauugauguauguuaggg	uagugugugucuuuggcgaaccuuguuaugguucuucauugauguauguuaggg	scaffold4:28934346..28934400:+	DI1	scaffold4	+	28934346	28934400
scaffold4_319266	1589.1	73 +/- 3%	-	3138	2545	0	593	no	-	-	-	-	uguuauuuaauaaucaguggaau	ucugcuauuguuacauaacugc	uguuauuuaauaaucaguggaaucacacauucugcuauuguuacauaacugc	scaffold4:33551372..33551424:+	SMA3	scaffold4	+	33551372	33551424
scaffold4_426130	1580.4	76 +/- 3%	-	3107	2214	0	893	yes	-	-	-	-	uguuauuuaauaaucaguggaau	ucugcuauuguuacauaacugc	uguuauuuaauaaucaguggaaucacacauucugcuauuguuacauaacugc	scaffold4:33551372..33551424:+	PDi3	scaffold4	+	33551372	33551424
scaffold4_321804	2.3	74 +/- 3%	-	106	101	2	3	yes	-	-	-	-	gcaguaaugauguuaguagag	cuggcaucauuacuguucuuc	gcaguaaugauguuaguagagacgauucugcugcagaauguguagcuacuggcaucauuacuguucuuc	scaffold4:41163722..41163791:+	SMA3	scaffold4	+	41163722	41163791
scaffold4_492034	2.3	77 +/- 2%	-	560	548	7	5	yes	-	-	-	-	gcaguaaugauguuaguagaga	ggcaucauuacuguucuuc	gcaguaaugauguuaguagagacgauucugcugcagaauguguagcuacuggcaucauuacuguucuuc	scaffold4:41163722..41163791:+	PL1	scaffold4	+	41163722	41163791
scaffold4_279662	2.3	74 +/- 2%	-	553	547	4	2	yes	-	-	-	-	gcaguaaugauguuaguagag	cuggcaucauuacuguucuuc	gcaguaaugauguuaguagagacgauucugcugcagaauguguagcuacuggcaucauuacuguucuuc	scaffold4:41163722..41163791:+	IST1	scaffold4	+	41163722	41163791
scaffold4_256204	2.3	88 +/- 2%	-	240	236	3	1	yes	-	-	-	-	gcaguaaugauguuaguagag	ggcaucauuacuguucuuca	gcaguaaugauguuaguagagacgauucugcugcagaauguguagcuacuggcaucauuacuguucuuca	scaffold4:41163722..41163792:+	PH3	scaffold4	+	41163722	41163792
scaffold4_601869	63.6	70 +/- 3%	-	193	185	5	3	no	-	-	-	-	aaugacuuuauuuagccgcugaa	cagcgaagacagucacagg	aaugacuuuauuuagccgcugaaggcagacacuacaaaaauauaaaaacaagucaaguuuuacaacagcgaagacagucacagg	scaffold4:45948561..45948645:+	DI2	scaffold4	+	45948561	45948645
scaffold4_496641	41.2	76 +/- 2%	-	149	142	5	2	no	-	-	-	-	aaugacuuuauuuagccgcugaa	cagcgaagacagucacagg	aaugacuuuauuuagccgcugaaggcagacacuacaaaaauauaaaaacaagucaaguuuuacaacagcgaagacagucacagg	scaffold4:45948561..45948645:+	PL1	scaffold4	+	45948561	45948645
scaffold4_352109	24.6	86 +/- 2%	-	68	65	0	3	no	-	-	-	-	uagcaauugaguuuuagauagag	ucgcucuuaaaguuuuuugc	uagcaauugaguuuuagauagagacuuuguucucgcucuuaaaguuuuuugc	scaffold4:47665488..47665540:+	PH1	scaffold4	+	47665488	47665540
scaffold4_360553	52.0	67 +/- 3%	-	121	120	0	1	no	-	-	-	-	uagcaauugaguuuuagauagag	ucgcucuuaaaguuuuuugcuugc	uagcaauugaguuuuagauagagacuuuguucucgcucuuaaaguuuuuugcuugc	scaffold4:47665488..47665544:+	AMP2	scaffold4	+	47665488	47665544
scaffold4_522831	13.4	67 +/- 3%	-	35	16	17	2	no	-	-	-	-	ucugauuggucgagagggg	acuuuuacuaguuuuugugu	ucugauuggucgagagggguggcauuugacuugagacgccauggauauugccggugguguuguacugucgucaugggagucauguacuuuuacuaguuuuugugu	scaffold4:57850326..57850431:+	PDii1	scaffold4	+	57850326	57850431
scaffold4_435894	11.1	76 +/- 4%	-	31	14	12	5	no	-	-	-	-	ucugauuggucgagagggg	cuuuuacuaguuuuugugu	ucugauuggucgagagggguggcauuugacuugagacgccauggauauugccggugguguuguacugucgucaugggagucauguacuuuuacuaguuuuugugu	scaffold4:57850326..57850431:+	GA1	scaffold4	+	57850326	57850431
scaffold4_516636	19.3	75 +/- 2%	-	47	19	24	4	no	-	-	-	-	ucugauuggucgagagggg	cuuuuacuaguuuuuguguu	ucugauuggucgagagggguggcauuugacuugagacgccauggauauugccggugguguuguacugucgucaugggagucauguacuuuuacuaguuuuuguguu	scaffold4:57850326..57850432:+	PL3	scaffold4	+	57850326	57850432
scaffold4_613798	59.4	70 +/- 3%	-	138	114	0	24	no	-	-	-	-	guucuuaacauuccgaguacucga	uuccgaucgaguuuugcgagcuua	uuccgaucgaguuuugcgagcuuauucuaguuugaguucuuaacauuccgaguacucga	scaffold4:59904219..59904278:+	DI2	scaffold4	+	59904219	59904278
scaffold4_438288	21.1	76 +/- 4%	-	63	45	0	18	no	-	-	-	-	guucuuaacauuccgaguacucgaa	uuccgaucgaguuuugcgagcuuauu	uuccgaucgaguuuugcgagcuuauucuaguuugaguucuuaacauuccgaguacucgaa	scaffold4:59904219..59904279:+	GA1	scaffold4	+	59904219	59904279
scaffold4_289884	55.5	68 +/- 3%	-	106	97	8	1	yes	-	-	-	-	uaguguuuauuuuguccgcgugu	cacgcggacaaaauaaacacu	uaguguuuauuuuguccgcguguugcuauucugcaagugaagguauagaauaggguggcgaagguauagauuagggugcacgcggacaaaauaaacacu	scaffold4:63894232..63894331:+	IST1	scaffold4	+	63894232	63894331
scaffold4_370884	61.6	60 +/- 3%	-	118	109	5	4	yes	-	-	-	-	uaguguuuauuuuguccgcgugu	cacgcggacaaaauaaacacua	uaguguuuauuuuguccgcguguugcuauucugcaagugaagguauagaauaggguggcgaagguauagauuagggugcacgcggacaaaauaaacacua	scaffold4:63894232..63894332:+	AMP1	scaffold4	+	63894232	63894332
scaffold4_296645	25.3	79 +/- 3%	-	92	38	34	20	no	-	-	-	-	ugaaggaaccaaauuagauuu	uucauggaguucaucauuguu	uucauggaguucaucauuguuguugaauauacaaaaaauaucaucaacguaucuacaauaaagugaaggaaccaaauuagauuu	scaffold4:64119198..64119282:+	SMA2	scaffold4	+	64119198	64119282
scaffold4_371021	493.9	60 +/- 3%	-	1011	272	541	198	no	-	-	-	-	ugaaggaaccaaauuagauuu	uucauggaguucaucauuguu	uucauggaguucaucauuguuguugaauauacaaaaaauaucaucaacguaucuacaauaaagugaaggaaccaaauuagauuu	scaffold4:64119198..64119282:+	AMP1	scaffold4	+	64119198	64119282
scaffold4_466688	75.9	72 +/- 3%	-	151	150	0	1	yes	-	-	-	-	ucgagccuggguagugucaa	gacacuaugguguaguggu	gacacuaugguguagugguuaucacgucugcuuuacacgcagaagauccccaguucgagccuggguagugucaa	scaffold4:80509725..80509799:+	SMA1	scaffold4	+	80509725	80509799
scaffold4_295908	219.0	68 +/- 3%	-	432	431	0	1	yes	-	-	-	-	ucgagccuggguagugucaa	gacacuaugguguagugg	gacacuaugguguagugguuaucacgucugcuuuacacgcagaagauccccaguucgagccuggguagugucaa	scaffold4:80509725..80509799:+	IST1	scaffold4	+	80509725	80509799
scaffold4_558206	55.0	72 +/- 3%	-	110	107	1	2	yes	-	-	-	-	ucgagccuggguagugucaa	gacacuaugguguaguggu	gacacuaugguguagugguuaucacgucugcuuuacacgcagaagauccccaguucgagccuggguagugucaa	scaffold4:80509725..80509799:+	PDii2	scaffold4	+	80509725	80509799
scaffold4_533332	0.3	74 +/- 2%	-	753	733	0	20	yes	-	-	-	-	uuuuucauugauguaugcuugg	uagcauguaucuuugaagaau	uagcauguaucuuugaagaaucuuauaugguuuuucauugauguaugcuugg	scaffold4:83070059..83070111:+	PL3	scaffold4	+	83070059	83070111
scaffold4_630338	0.2	72 +/- 2%	-	160	154	0	6	yes	-	-	-	-	uuuuucauugauguaugcuugg	uagcauguaucuuugaagaau	uagcauguaucuuugaagaaucuuauaugguuuuucauugauguaugcuugg	scaffold4:83070059..83070111:+	DI2	scaffold4	+	83070059	83070111
scaffold4_549863	220.8	75 +/- 3%	-	440	430	9	1	no	-	-	-	-	ucaguuaguagccuugguugg	uucggcuucacuaucugcug	ucaguuaguagccuugguuggcgaaagcuguagagaggcgcaacccucucaugaagcucggccuucggcuucacuaucugcug	scaffold4:94635349..94635432:+	DI1	scaffold4	+	94635349	94635432
scaffold4_520557	392.7	69 +/- 3%	-	777	772	4	1	no	-	-	-	-	ucaguuaguagccuugguugg	uucggcuucacuaucugcug	ucaguuaguagccuugguuggcgaaagcuguagagaggcgcaacccucucaugaagcucggccuucggcuucacuaucugcug	scaffold4:94635349..94635432:+	PDii3	scaffold4	+	94635349	94635432
scaffold4_309625	0.9	75 +/- 2%	-	165	163	1	1	yes	-	-	-	-	uauauguauauauguuuaugu	auauauauauauauguauaua	auauauauauauauguauauauauauguguguauauauguauauauguuuaugu	scaffold4:105664949..105665003:+	SMA2	scaffold4	+	105664949	105665003
scaffold4_362763	0.9	64 +/- 2%	-	325	324	0	1	yes	-	-	-	-	uauguauauauguuuauguau	uauauauauauauguauau	uauauauauauauguauauauauauguguguauauauguauauauguuuauguau	scaffold4:105664950..105665005:+	AMP3	scaffold4	+	105664950	105665005
scaffold4_524359	1031.6	48 +/- 4%	-	2023	1746	0	277	yes	-	-	-	-	uagcaauucaguuuuagagagag	gcucuuaacgugauuugcuugc	uagcaauucaguuuuagagagagguuuuguucucgcucuuaacgugauuugcuugc	scaffold4:106135914..106135970:+	PH2	scaffold4	+	106135914	106135970
scaffold4_322825	2279.7	90 +/- 2%	-	4471	3926	0	545	yes	-	-	-	-	uagcaauucaguuuuagagagag	cgcucuuaacgugauuugcuugc	uagcaauucaguuuuagagagagguuuuguucucgcucuuaacgugauuugcuugc	scaffold4:106135914..106135970:+	HL1	scaffold4	+	106135914	106135970
scaffold4_467342	292.4	76 +/- 3%	-	594	593	0	1	no	-	-	-	-	uuguucauuggcguauacuugg	ugguauguguuuuugaaaaac	ugguauguguuuuugaaaaaccucauuacgguuguucauuggcguauacuugg	scaffold4:109613285..109613338:+	PDi3	scaffold4	+	109613285	109613338
scaffold4_382022	3182.1	87 +/- 2%	-	6261	6260	0	1	no	-	-	-	-	uuguucauuggcguauacuugg	ugguauguguuuuugaaaaacc	ugguauguguuuuugaaaaaccucauuacgguuguucauuggcguauacuugg	scaffold4:109613285..109613338:+	HL3	scaffold4	+	109613285	109613338
scaffold4_579429	442.4	72 +/- 3%	-	879	873	5	1	no	-	-	-	-	aucacgucagggucacca	gguaacacccucguagcauc	gguaacacccucguagcaucaaaacguuuaccauguaaagaagcaguggcagcaguucugaucacgucagggucacca	scaffold4:116258542..116258620:+	PDii2	scaffold4	+	116258542	116258620
scaffold4_280523	91.7	89 +/- 2%	-	191	189	1	1	no	-	-	-	-	aucacgucagggucacca	guaacacccucguagcauca	guaacacccucguagcaucaaaacguuuaccauguaaagaagcaguggcagcaguucugaucacgucagggucacca	scaffold4:116258543..116258620:+	PH3	scaffold4	+	116258543	116258620
scaffold4_503871	111.6	76 +/- 4%	-	230	228	1	1	no	-	-	-	-	aucacgucagggucacca	uaacacccucguagcaucaaaa	uaacacccucguagcaucaaaacguuuaccauguaaagaagcaguggcagcaguucugaucacgucagggucacca	scaffold4:116258544..116258620:+	EC1	scaffold4	+	116258544	116258620
scaffold4_583328	22.6	72 +/- 3%	-	57	56	0	1	yes	-	-	-	-	uagugugugucguugaagaa	uucuuauugauguaugcuuug	uagugugugucguugaagaaccuuauuaugguuucuuauugauguaugcuuug	scaffold4:121733115..121733168:+	PDii2	scaffold4	+	121733115	121733168
scaffold4_474100	25.5	76 +/- 3%	-	64	35	0	29	yes	-	-	-	-	ucuuauugauguaugcuuugg	uagugugugucguugaagaa	uagugugugucguugaagaaccuuauuaugguuucuuauugauguaugcuuugg	scaffold4:121733115..121733169:+	PDi3	scaffold4	+	121733115	121733169
scaffold4_577514	14.2	74 +/- 4%	-	48	28	0	20	no	-	-	-	-	ucuuauugauguaugcuuugg	uagugugugucguugaagaa	uagugugugucguugaagaaccuuauuaugguuucuuauugauguaugcuuugg	scaffold4:121733115..121733169:+	GA2	scaffold4	+	121733115	121733169
scaffold4_369391	411.1	58 +/- 3%	-	833	623	0	210	no	-	-	-	-	ucuuauugauguaugcuuugg	uagugugugucguugaagaa	uagugugugucguugaagaaccuuauuaugguuucuuauugauguaugcuuugg	scaffold4:121733115..121733169:+	AMP3	scaffold4	+	121733115	121733169
scaffold4_383588	147.8	86 +/- 2%	-	310	185	0	125	no	-	-	-	-	ucuuauugauguaugcuuugg	uagugugugucguugaagaa	uagugugugucguugaagaaccuuauuaugguuucuuauugauguaugcuuugg	scaffold4:121733115..121733169:+	PH1	scaffold4	+	121733115	121733169
scaffold4_443135	289.4	77 +/- 3%	-	569	550	0	19	yes	-	-	-	-	caucaaaagguucucgucug	agacgagcaucuuuuugacgua	agacgagcaucuuuuugacguauaccaaaugauauacaucaaaagguucucgucug	scaffold4:4123112..4123168:-	PDi1	scaffold4	-	4123112	4123168
scaffold4_395913	559.2	67 +/- 3%	-	1094	1077	0	17	yes	-	-	-	-	caucaaaagguucucgucug	agacgagcaucuuuuugacgua	agacgagcaucuuuuugacguauaccaaaugauauacaucaaaagguucucgucug	scaffold4:4123112..4123168:-	AMP2	scaffold4	-	4123112	4123168
scaffold4_389376	22.4	86 +/- 2%	-	56	55	0	1	no	-	-	-	-	uggauaugaauucguuguaugg	augacuaugaauuuacccauuggag	uggauaugaauucguuguaugggguacaaugacuaugaauuuacccauuggag	scaffold4:13699659..13699712:-	PH1	scaffold4	-	13699659	13699712
scaffold4_667340	28.5	70 +/- 3%	-	68	65	0	3	no	-	-	-	-	uggauaugaauucguuguaugg	augacuaugaauuuacccauugg	uggauaugaauucguuguaugggguacaaugacuaugaauuuacccauugg	scaffold4:13699661..13699712:-	DI2	scaffold4	-	13699661	13699712
scaffold4_570670	41.0	67 +/- 3%	-	93	90	0	3	no	-	-	-	-	uaguuuugcuugcuaucagagug	uuuaguaaaguggaacaagcaug	uuuaguaaaguggaacaagcaugucguuguaguuuugcuugcuaucagagug	scaffold4:13701869..13701921:-	PDii1	scaffold4	-	13701869	13701921
scaffold4_550872	44.9	76 +/- 2%	-	102	96	5	1	no	-	-	-	-	uaguuuugcuugcuaucagagug	uuugaagcuguaaauaccacc	uuugaagcuguaaauaccaccucaaguacgccauuuaguaaaguggaacaagcaugucguuguaguuuugcuugcuaucagagug	scaffold4:13701869..13701954:-	PL1	scaffold4	-	13701869	13701954
scaffold4_599001	45.3	72 +/- 3%	-	111	108	0	3	no	-	-	-	-	uaggucugcaauugaaag	uccaguuguuccaucuucucc	uaggucugcaauugaaagugaauuccaauaguuuccaguuguuccaucuucucc	scaffold4:24607313..24607367:-	PDii2	scaffold4	-	24607313	24607367
scaffold4_570541	28.5	75 +/- 2%	-	78	77	0	1	no	-	-	-	-	uaggucugcaauugaaag	uccaguuguuccaucuuc	uaggucugcaauugaaagugaauuccaauaguuuccaguuguuccaucuuc	scaffold4:24607316..24607367:-	PL3	scaffold4	-	24607316	24607367
scaffold4_405851	14.0	67 +/- 3%	-	39	23	0	16	no	-	-	-	-	uguauacagcucugugag	ucggagacauguggacguggaac	uguauacagcucugugaggcacucggagacauguggacguggaac	scaffold4:29790632..29790677:-	AMP2	scaffold4	-	29790632	29790677
scaffold4_548639	94.5	48 +/- 4%	-	197	152	0	45	no	-	-	-	-	uguauacagcucugugag	ucggagacauguggacgug	uguauacagcucugugaggcacucggagacauguggacgug	scaffold4:29790636..29790677:-	PH2	scaffold4	-	29790636	29790677
scaffold4_326354	366.7	68 +/- 3%	-	736	666	0	70	no	-	-	-	-	uuucuccaggucagagugag	ucucaaauuggggagcucag	uuucuccaggucagagugagcagaaaaaaguuuaucucaaauuggggagcucag	scaffold4:49588832..49588886:-	IST1	scaffold4	-	49588832	49588886
scaffold4_416483	683.3	67 +/- 3%	-	1361	1330	0	31	no	-	-	-	-	uuucuccaggucagagugag	aucucaaauuggggagcuc	uuucuccaggucagagugagcagaaaaaaguuuaucucaaauuggggagcuc	scaffold4:49588834..49588886:-	AMP2	scaffold4	-	49588834	49588886
scaffold4_430705	80.2	87 +/- 2%	-	177	153	22	2	no	-	-	-	-	gcguuauuguacuuuagggga	acucuaaccuuaacccuaaccc	gcguuauuguacuuuaggggacccagcuugagugacgucauaaaauggguauuaaacucuaaccuuaacccuaaccc	scaffold4:60092233..60092310:-	HL2	scaffold4	-	60092233	60092310
scaffold4_342833	153.1	67 +/- 3%	-	320	294	25	1	no	-	-	-	-	gcguuauuguacuuuagggga	acucuaaccuuaacccuaacc	gcguuauuguacuuuaggggacccagcuugagugacgucauaaaauggguauuaaacucuaaccuuaacccuaacc	scaffold4:60092234..60092310:-	IST3	scaffold4	-	60092234	60092310
scaffold4_602666	99.7	67 +/- 3%	-	208	201	0	7	no	-	-	-	-	gguuaguaucucagucuguc	gaaguccgggguucgauucc	gguuaguaucucagucugucacauugaaguccgggguucgauucc	scaffold4:60236800..60236845:-	PDii1	scaffold4	-	60236800	60236845
scaffold4_274360	43.1	72 +/- 3%	-	101	99	0	2	no	-	-	-	-	ugguuaguaucucagucuguca	aaguccgggguucgauucc	ugguuaguaucucagucugucacauugaaguccgggguucgauucc	scaffold4:60236800..60236846:-	IST2	scaffold4	-	60236800	60236846
scaffold4_421748	104.8	67 +/- 3%	-	205	48	156	1	yes	-	-	-	-	gucccgaguaguauagug	ucccgcucgggagcaauuuu	gucccgaguaguauagugguuaguaucucagucugucacauugaagaccgagguuucgauucccgcucgggagcaauuuu	scaffold4:60241424..60241504:-	AMP2	scaffold4	-	60241424	60241504
scaffold4_581544	94.3	76 +/- 2%	-	184	54	129	1	yes	-	-	-	-	gucccgaguaguauagug	uucccgcucgggagcaauuuu	gucccgaguaguauagugguuaguaucucagucugucacauugaagaccgagguuucgauucccgcucgggagcaauuuu	scaffold4:60241424..60241504:-	PL1	scaffold4	-	60241424	60241504
scaffold4_625241	0.0	73 +/- 2%	-	152	151	0	1	yes	-	-	-	-	gguuaguaucucagucuguc	ugaagaucgggguucgauuccc	gguuaguaucucagucugucacauugaagaucgggguucgauuccc	scaffold4:60363546..60363592:-	PDii2	scaffold4	-	60363546	60363592
scaffold4_581659	0.0	76 +/- 2%	-	132	130	0	2	yes	-	-	-	-	ugguuaguaucucagucuguc	gaagaucgggguucgauuc	ugguuaguaucucagucugucacauugaagaucgggguucgauuc	scaffold4:60363548..60363593:-	PL1	scaffold4	-	60363548	60363593
scaffold4_419081	13.6	87 +/- 2%	-	40	34	0	6	no	-	-	-	-	uaccuaggaugaaaacgagcaccu	ugcuugacagugggaacaaug	ugcuugacagugggaacaauguaccuaggaugaaaacgagcaccu	scaffold4:68398547..68398592:-	HL3	scaffold4	-	68398547	68398592
scaffold4_427176	35.5	60 +/- 3%	-	79	66	0	13	no	-	-	-	-	uaccuaggaugaaaacgagcaccu	ugcuugacagugggaacaaug	ugcuugacagugggaacaauguaccuaggaugaaaacgagcaccu	scaffold4:68398547..68398592:-	AMP1	scaffold4	-	68398547	68398592
scaffold4_416732	32.8	86 +/- 2%	-	72	67	3	2	no	-	-	-	-	ucgauucccggccaaugcaa	gcauugguagucuaguggua	gcauugguagucuagugguaugaugucacccugccacgguggcgacccgucgauucccggccaaugcaa	scaffold4:72048758..72048827:-	PH1	scaffold4	-	72048758	72048827
scaffold4_626772	41.0	74 +/- 4%	-	88	68	17	3	no	-	-	-	-	ucgauucccggccaaugcaa	gcauugguagucuaguggu	gcauugguagucuagugguaugaugucacccugccacgguggcgacccgucgauucccggccaaugcaa	scaffold4:72048758..72048827:-	GA2	scaffold4	-	72048758	72048827
scaffold4_427696	241.8	67 +/- 3%	-	482	465	5	12	no	-	-	-	-	ucgauucccggccaaugcaa	gcauugguagucuagugg	gcauugguagucuagugguaugaugucacccugccacgguggcgacccgucgauucccggccaaugcaa	scaffold4:72048758..72048827:-	AMP2	scaffold4	-	72048758	72048827
scaffold4_633048	80.2	72 +/- 3%	-	165	156	5	4	no	-	-	-	-	ucgauucccggccaaugcaa	gcauugguagucuagugg	gcauugguagucuagugguaugaugucacccugccacgguggcgacccgucgauucccggccaaugcaa	scaffold4:72048758..72048827:-	PDii2	scaffold4	-	72048758	72048827
scaffold4_551164	25.7	76 +/- 4%	-	58	41	15	2	no	-	-	-	-	ucgauucccggccaaugcaa	gcauugguagucuagugguau	gcauugguagucuagugguaugaugucacccugccacgguggcgacccgucgauucccggccaaugcaa	scaffold4:72048758..72048827:-	EC1	scaffold4	-	72048758	72048827
scaffold4_436345	21.0	87 +/- 2%	-	40	38	0	2	yes	-	-	-	-	ucgauucccggccaaugcaa	gcauugguggucuugugguauga	gcauugguggucuugugguaugaugucacucauuaugguggcgacccggcucgauucccggccaaugcaa	scaffold4:72075580..72075650:-	HL2	scaffold4	-	72075580	72075650
scaffold4_588980	35.8	76 +/- 2%	-	69	68	0	1	yes	-	-	-	-	ucgauucccggccaaugcaa	gcauugguggucuugugg	gcauugguggucuugugguaugaugucacucauuaugguggcgacccggcucgauucccggccaaugcaa	scaffold4:72075580..72075650:-	PL1	scaffold4	-	72075580	72075650
scaffold4_633062	66.7	72 +/- 3%	-	137	136	0	1	no	-	-	-	-	ucgauucccggccaaugcaa	gcauugguggucuugugguauga	gcauugguggucuugugguaugaugucacucauuaugguggcgacccggcucgauucccggccaaugcaa	scaffold4:72075580..72075650:-	PDii2	scaffold4	-	72075580	72075650
scaffold4_458908	37.3	82 +/- 3%	-	72	71	0	1	yes	-	-	-	-	ucgauucccggccaaugcaa	agcauugguggucuugugg	agcauugguggucuugugguaugaugucacucauuaugguggcgacccggcucgauucccggccaaugcaa	scaffold4:72075580..72075651:-	GA3	scaffold4	-	72075580	72075651
scaffold4_429020	234.6	60 +/- 3%	-	459	457	0	2	yes	-	-	-	-	ucgauucccggccaaugcaa	agcauugguggucuugugg	agcauugguggucuugugguaugaugucacucauuaugguggcgacccggcucgauucccggccaaugcaa	scaffold4:72075580..72075651:-	AMP1	scaffold4	-	72075580	72075651
scaffold4_347748	12.4	67 +/- 3%	-	33	18	1	14	no	-	-	-	-	gcauugguggucuagugg	cccggccaaugcaauuuu	gcauugguggucuagugguaugaugucacccugccacgguggcgacccggcuccgauucccggccaaugcaauuuu	scaffold4:72113689..72113765:-	IST3	scaffold4	-	72113689	72113765
scaffold4_427738	22.6	67 +/- 3%	-	53	28	5	20	no	-	-	-	-	gcauugguggucuagugg	cgauucccggccaaugcaa	gcauugguggucuagugguaugaugucacccugccacgguggcgacccggcuccgauucccggccaaugcaa	scaffold4:72113693..72113765:-	AMP2	scaffold4	-	72113693	72113765
scaffold4_552830	26.7	78 +/- 3%	-	61	22	22	17	no	-	-	-	-	gcauugguggucuagugg	cgauucccggccaaugcaa	gcauugguggucuagugguaugaugucacccugccacgguggcgacccggcuccgauucccggccaaugcaa	scaffold4:72113693..72113765:-	PL2	scaffold4	-	72113693	72113765
scaffold4_635929	399.9	72 +/- 3%	-	809	804	0	5	no	-	-	-	-	uuucauugauguauacuuugg	uuauguguaucuuugaauaacc	uuauguguaucuuugaauaaccuuauaugguuuuucauugauguauacuuugg	scaffold4:76294493..76294546:-	PDii2	scaffold4	-	76294493	76294546
scaffold4_418713	1580.4	86 +/- 2%	-	3117	3113	0	4	yes	-	-	-	-	uuucauugauguauacuuugg	uuauguguaucuuugaauaacc	uuauguguaucuuugaauaaccuuauaugguuuuucauugauguauacuuugg	scaffold4:76294493..76294546:-	PH1	scaffold4	-	76294493	76294546
scaffold4_431229	16.6	60 +/- 3%	-	30	13	0	17	yes	-	-	-	-	cuuaacggcagugugcgacg	ucgcacacugccguuaaguu	cuuaacggcagugugcgacgaucaagagggggucgcacacugccguuaaguu	scaffold4:76942158..76942210:-	AMP1	scaffold4	-	76942158	76942210
scaffold4_349555	24.8	67 +/- 3%	-	46	27	0	19	yes	-	-	-	-	cuuaacggcagugugcgacg	gucgcacacugccguuaagu	cuuaacggcagugugcgacgaucaagagggggucgcacacugccguuaagu	scaffold4:76942159..76942210:-	IST3	scaffold4	-	76942159	76942210
scaffold4_563412	181.0	75 +/- 3%	-	352	349	2	1	yes	-	-	-	-	uauguauauauuauguaua	auauauauauauauguaug	auauauauauauauguauguauguauguguguauauauauauauguauguauguauguauauauuauguaua	scaffold4:81885678..81885750:-	PDi2	scaffold4	-	81885678	81885750
scaffold4_639324	317.6	72 +/- 3%	-	620	614	5	1	yes	-	-	-	-	uauguauauauuauguaua	auauauauauauauguaugua	auauauauauauauguauguauguauguguguauauauauauauguauguauguauguauauauuauguaua	scaffold4:81885678..81885750:-	PDii2	scaffold4	-	81885678	81885750
scaffold4_340406	323.2	68 +/- 3%	-	670	591	11	68	no	-	-	-	-	gcagcgaggacagucacagg	aaugacuuuauuuagccgcugaa	aaugacuuuauuuagccgcugaaggcagacacuacaaaaaaaaauaaaaacaagucaaguuuuccggcagcgaggacagucacagg	scaffold4:88788111..88788197:-	IST1	scaffold4	-	88788111	88788197
scaffold4_655500	130.5	70 +/- 4%	-	292	194	0	98	no	-	-	-	-	gcagcgaggacagucacagg	aaugacuuuauuuagccgcugaa	aaugacuuuauuuagccgcugaaggcagacacuacaaaaaaaaauaaaaacaagucaaguuuuccggcagcgaggacagucacagg	scaffold4:88788111..88788197:-	EC2	scaffold4	-	88788111	88788197
scaffold4_409161	12524.6	58 +/- 3%	-	24585	24583	0	2	no	-	-	-	-	uuucauugauguacgcuuugg	uuaguauguaucucugaaaaau	uuaguauguaucucugaaaaaugcuauauauuuuucauugauguacgcuuugg	scaffold4:92465544..92465597:-	AMP3	scaffold4	-	92465544	92465597
scaffold4_283343	10862.8	72 +/- 3%	-	21318	21315	0	3	yes	-	-	-	-	uuucauugauguacgcuuugg	uuaguauguaucucugaaaa	uuaguauguaucucugaaaaaugcuauauauuuuucauugauguacgcuuugg	scaffold4:92465544..92465597:-	IST2	scaffold4	-	92465544	92465597
scaffold4_600812	0.6	76 +/- 2%	-	127	126	0	1	yes	-	-	-	-	caaucuuguaucggacuuugcug	gugauggggaaugucagaaa	caaucuuguaucggacuuugcugguagcuguguccuagugauggggaaugucagaaa	scaffold4:93652539..93652596:-	PL1	scaffold4	-	93652539	93652596
scaffold4_592662	0.6	73 +/- 2%	-	206	202	0	4	yes	-	-	-	-	caaucuuguaucggacuuugcug	guguccuagugauggggaaugu	caaucuuguaucggacuuugcugguagcuguguccuagugauggggaaugu	scaffold4:93652545..93652596:-	PDii3	scaffold4	-	93652545	93652596
scaffold4_568840	34.5	75 +/- 3%	-	81	80	0	1	no	-	-	-	-	caaucuuguaucggacuuugcug	agcuguguccuagugaugggga	caaucuuguaucggacuuugcugguagcuguguccuagugaugggga	scaffold4:93652549..93652596:-	PDi2	scaffold4	-	93652549	93652596
scaffold5_365480	25.7	67 +/- 3%	-	49	44	4	1	yes	-	-	-	-	guggcgccguggcuuagug	cccgcccggugccuuuuu	guggcgccguggcuuagugguaaagcgccugucuaguaaacaggagaucggugguuccaucccgcccggugccuuuuu	scaffold5:6038433..6038511:+	IST3	scaffold5	+	6038433	6038511
scaffold5_660496	21.4	74 +/- 4%	-	48	41	1	6	no	-	-	-	-	guggcgccguggcuuagu	cccgcccggugccuuuuuu	guggcgccguggcuuagugguaaagcgccugucuaguaaacaggagaucggugguuccaucccgcccggugccuuuuuu	scaffold5:6038433..6038512:+	GA2	scaffold5	+	6038433	6038512
scaffold5_582122	34.7	78 +/- 3%	-	74	71	1	2	no	-	-	-	-	guggcgccguggcuuagu	cccgcccggugccuuuuuu	guggcgccguggcuuagugguaaagcgccugucuaguaaacaggagaucggugguuccaucccgcccggugccuuuuuu	scaffold5:6038433..6038512:+	PL2	scaffold5	+	6038433	6038512
scaffold5_592444	64.7	76 +/- 4%	-	128	111	0	17	yes	-	-	-	-	uucuucauugauauaugcuuag	cagugugugucuuugacgaa	cagugugugucuuugacgaaccuuguuaugguucuucauugauauaugcuuag	scaffold5:26654015..26654068:+	EC1	scaffold5	+	26654015	26654068
scaffold5_660310	205.2	75 +/- 3%	-	404	145	0	259	yes	-	-	-	-	cagugugugucuuugacgaa	cuucauugauauaugcuuagg	cagugugugucuuugacgaaccuuguuaugguucuucauugauauaugcuuagg	scaffold5:26654015..26654069:+	DI1	scaffold5	+	26654015	26654069
scaffold5_458510	3091.8	67 +/- 3%	-	6070	6050	0	20	yes	-	-	-	-	cuucauugauauaugcuuagg	cagugugugucuuugacgaa	cagugugugucuuugacgaaccuuguuaugguucuucauugauauaugcuuagg	scaffold5:26654015..26654069:+	AMP2	scaffold5	+	26654015	26654069
scaffold5_599585	10.0	75 +/- 3%	-	17	15	0	2	yes	-	-	-	-	agagguguugugaauuuuaug	auaaacuucacaacgccucuaa	auaaacuucacaacgccucuaagaguauuagagguguugugaauuuuaug	scaffold5:28699392..28699442:+	PDi2	scaffold5	+	28699392	28699442
scaffold5_656073	10.0	67 +/- 3%	-	17	16	0	1	yes	-	-	-	-	agagguguugugaauuuuaug	auaaacuucacaacgccuc	auaaacuucacaacgccucuaagaguauuagagguguugugaauuuuaug	scaffold5:28699392..28699442:+	PDii1	scaffold5	+	28699392	28699442
scaffold5_548937	13.1	76 +/- 4%	-	23	21	0	2	yes	-	-	-	-	agagguguugugaauuuuaug	auaaacuucacaacgccuc	auaaacuucacaacgccucuaagaguauuagagguguugugaauuuuaug	scaffold5:28699392..28699442:+	GA1	scaffold5	+	28699392	28699442
scaffold5_627335	42.5	69 +/- 3%	-	101	61	0	40	no	-	-	-	-	guggucccaugguguagcgg	cugaaucuggagacccgagu	guggucccaugguguagcgguuagcaacucagacucugaaucuggagacccgagu	scaffold5:34054392..34054447:+	PDii3	scaffold5	+	34054392	34054447
scaffold5_622395	626.3	48 +/- 4%	-	1246	1236	1	9	no	-	-	-	-	guggucccaugguguagcg	ugaaucuggagacccgagu	guggucccaugguguagcgguuagcaacucagacucugaaucuggagacccgagu	scaffold5:34054392..34054447:+	PH2	scaffold5	+	34054392	34054447
scaffold5_361452	150.0	68 +/- 3%	-	327	325	0	2	no	-	-	-	-	gguuuuaacauuguagcga	ucugucauugucuuucugc	ucugucauugucuuucugccugucgguuuuaacauuguagcga	scaffold5:35346091..35346134:+	IST1	scaffold5	+	35346091	35346134
scaffold5_461690	75.3	67 +/- 3%	-	192	191	0	1	no	-	-	-	-	gguuuuaacauuguagcga	cugucauugucuuucugcc	cugucauugucuuucugccugucgguuuuaacauuguagcga	scaffold5:35346092..35346134:+	AMP2	scaffold5	+	35346092	35346134
scaffold5_455086	59.8	86 +/- 2%	-	138	137	0	1	yes	-	-	-	-	guucauugauguaugcuuggg	uaguauuuaucuuugagaaacu	uaguauuuaucuuugagaaacuuuauauaguuguucauugauguaugcuuggg	scaffold5:44691527..44691580:+	PH1	scaffold5	+	44691527	44691580
scaffold5_466415	135.3	67 +/- 3%	-	286	283	0	3	yes	-	-	-	-	guucauugauguaugcuuggg	uaguauuuaucuuugagaaacu	uaguauuuaucuuugagaaacuuuauauaguuguucauugauguaugcuuggg	scaffold5:44691527..44691580:+	AMP2	scaffold5	+	44691527	44691580
scaffold5_779593	10.6	70 +/- 3%	-	37	36	0	1	yes	-	-	-	-	guucauugauguaugcuuggg	uaguauuuaucuuugagaaacu	uaguauuuaucuuugagaaacuuuauauaguuguucauugauguaugcuuggg	scaffold5:44691527..44691580:+	DI2	scaffold5	+	44691527	44691580
scaffold5_607381	10.3	76 +/- 4%	-	18	13	3	2	yes	-	-	-	-	guguguguguaaagugug	acacgguauauauauauauau	acacgguauauauauauauauauauauauauauauauauauauauauauauggguguguguguaaagugug	scaffold5:52639204..52639275:+	EC1	scaffold5	+	52639204	52639275
scaffold5_441787	11.7	58 +/- 3%	-	21	18	2	1	yes	-	-	-	-	uggguguguguguaaagugug	acgguauauauauauauauau	acgguauauauauauauauauauauauauauauauauauauauauauauggguguguguguaaagugug	scaffold5:52639206..52639275:+	AMP3	scaffold5	+	52639206	52639275
scaffold5_686282	115.4	67 +/- 3%	-	238	235	1	2	no	-	-	-	-	uguccauuggucuguguggaucc	guccacacucccgauugug	uguccauuggucuguguggauccuauacugccacuucuugaguccacacucccgauugug	scaffold5:78085544..78085604:+	PDii1	scaffold5	+	78085544	78085604
scaffold5_537614	51.8	77 +/- 3%	-	116	114	0	2	no	-	-	-	-	uccauuggucuguguggaucc	guccacacucccgauugu	uccauuggucuguguggauccuauacugccacuucuugaguccacacucccgauugu	scaffold5:78085546..78085603:+	PDi1	scaffold5	+	78085546	78085603
scaffold5_666470	725.5	76 +/- 2%	-	1444	1309	51	84	no	-	-	-	-	ugggaauuuuucauagaaau	ugugauggaaucuuucauugaucg	ugugauggaaucuuucauugaucguugcgaacugcccauugccugauacacuaccaauuaguuugcgagauuuaaaauuugggaauuuuucauagaaau	scaffold5:83904068..83904167:+	PL1	scaffold5	+	83904068	83904167
scaffold5_807522	1076.8	70 +/- 3%	-	2133	1935	66	132	no	-	-	-	-	ugggaauuuuucauagaaau	ugugauggaaucuuucauugaucgu	ugugauggaaucuuucauugaucguugcgaacugcccauugccugauacacuaccaauuaguuugcgagauuuaaaauuugggaauuuuucauagaaau	scaffold5:83904068..83904167:+	DI2	scaffold5	+	83904068	83904167
scaffold5_631328	730.1	75 +/- 3%	-	1455	1360	28	67	no	-	-	-	-	ugggaauuuuucauagaaau	ugugauggaaucuuucauugaucgu	ugugauggaaucuuucauugaucguugcgaacugcccauugccugauacacuaccaauuaguuugcgagauuuaaaauuugggaauuuuucauagaaau	scaffold5:83904068..83904167:+	PDi2	scaffold5	+	83904068	83904167
scaffold5_624614	1388.3	76 +/- 4%	-	2744	2554	75	115	no	-	-	-	-	ugggaauuuuucauagaaau	ugugauggaaucuuucauugaucgu	ugugauggaaucuuucauugaucguugcgaacugcccauugccugauacacuaccaauuaguuugcgagauuuaaaauuugggaauuuuucauagaaau	scaffold5:83904068..83904167:+	EC1	scaffold5	+	83904068	83904167
scaffold5_577310	1340.9	76 +/- 4%	-	2651	2461	40	150	no	-	-	-	-	ugggaauuuuucauagaaau	ugugauggaaucuuucauugaucgu	ugugauggaaucuuucauugaucguugcgaacugcccauugccugauacacuaccaauuaguuugcgagauuuaaaauuugggaauuuuucauagaaau	scaffold5:83904068..83904167:+	GA1	scaffold5	+	83904068	83904167
scaffold5_689984	1324.0	67 +/- 3%	-	2618	2422	59	137	no	-	-	-	-	ugggaauuuuucauagaaau	ugugauggaaucuuucauugaucgu	ugugauggaaucuuucauugaucguugcgaacugcccauugccugauacacuaccaauuaguuugcgagauuuaaaauuugggaauuuuucauagaaau	scaffold5:83904068..83904167:+	PDii1	scaffold5	+	83904068	83904167
scaffold5_471422	380.9	86 +/- 2%	-	768	711	19	38	no	-	-	-	-	ugggaauuuuucauagaaau	ugugauggaaucuuucauugaucgu	ugugauggaaucuuucauugaucguugcgaacugcccauugccugauacacuaccaauuaguuugcgagauuuaaaauuugggaauuuuucauagaaau	scaffold5:83904068..83904167:+	PH1	scaffold5	+	83904068	83904167
scaffold5_624833	229.5	76 +/- 4%	-	497	493	0	4	no	-	-	-	-	ugugugucauuuaauugu	uagaaauuugaauccccau	uagaaauuugaauccccauauaaugucugagaagacugugugucauuuaauugu	scaffold5:83942868..83942922:+	EC1	scaffold5	+	83942868	83942922
scaffold5_518859	138.2	82 +/- 3%	-	318	317	0	1	no	-	-	-	-	ugugugucauuuaauugu	uagaaauuugaauccccaua	uagaaauuugaauccccauauaaugucugagaagacugugugucauuuaauugu	scaffold5:83942868..83942922:+	GA3	scaffold5	+	83942868	83942922
scaffold5_631521	141.8	75 +/- 3%	-	325	321	0	4	no	-	-	-	-	ugugugucauuuaauugu	uagaaauuugaauccccauau	uagaaauuugaauccccauauaaugucugagaagacugugugucauuuaauugu	scaffold5:83942868..83942922:+	PDi2	scaffold5	+	83942868	83942922
scaffold5_347137	23.5	89 +/- 2%	-	93	91	0	2	no	-	-	-	-	ugugugucauuuaauugu	uagaaauuugaauccccauaua	uagaaauuugaauccccauauaaugucugagaagacugugugucauuuaauugu	scaffold5:83942868..83942922:+	PH3	scaffold5	+	83942868	83942922
scaffold5_696005	264.1	75 +/- 3%	-	565	562	0	3	no	-	-	-	-	ugugugucauuuaauugu	uagaaauuugaauccccaua	uagaaauuugaauccccauauaaugucugagaagacugugugucauuuaauugu	scaffold5:83942868..83942922:+	DI1	scaffold5	+	83942868	83942922
scaffold5_317339	2.4	76 +/- 2%	-	162	161	0	1	yes	-	-	-	-	ugaugugagacugucuguucug	uggagcggacggcgacgucu	ugaugugagacugucuguucuguggagcggacggcgacgucu	scaffold5:93488647..93488689:+	IST2	scaffold5	+	93488647	93488689
scaffold5_702457	2.4	75 +/- 3%	-	265	263	0	2	yes	-	-	-	-	ugaugugagacugucuguucug	uggagcggacggcgacgucua	ugaugugagacugucuguucuguggagcggacggcgacgucua	scaffold5:93488647..93488690:+	DI1	scaffold5	+	93488647	93488690
scaffold5_481350	435.6	87 +/- 2%	-	878	786	0	92	no	-	-	-	-	cgcucuuaacgugauuugcuugc	uaguauuucaguuuuagagaga	uaguauuucaguuuuagagagauuguguacucgcucuuaacgugauuugcuugc	scaffold5:93544119..93544173:+	HL3	scaffold5	+	93544119	93544173
scaffold5_382192	744.6	68 +/- 3%	-	1484	1248	0	236	no	-	-	-	-	gcucuuaacgugauuugcuugc	uaguauuucaguuuuagagaga	uaguauuucaguuuuagagagauuguguacucgcucuuaacgugauuugcuugc	scaffold5:93544119..93544173:+	IST1	scaffold5	+	93544119	93544173
scaffold5_703002	14.9	75 +/- 3%	-	104	101	0	3	no	-	-	-	-	uuaaaugugacaaaugugau	caucaauucauucauucugau	caucaauucauucauucugauauaaaaccauuuaaaugugacaaaugugau	scaffold5:94176631..94176682:+	DI1	scaffold5	+	94176631	94176682
scaffold5_738530	21.3	70 +/- 4%	-	105	102	0	3	no	-	-	-	-	uuaaaugugacaaauguga	aucaauucauucauucugaua	aucaauucauucauucugauauaaaaccauuuaaaugugacaaauguga	scaffold5:94176632..94176681:+	EC2	scaffold5	+	94176632	94176681
scaffold5_703003	32.5	75 +/- 3%	-	115	112	0	3	no	-	-	-	-	uuaaaugugacaaaugugau	ucacaaucuaguacucuuaaaa	uuaaaugugacaaaugugauuuuagauguucacaaucuaguacucuuaaaa	scaffold5:94176830..94176881:+	DI1	scaffold5	+	94176830	94176881
scaffold5_631251	13.1	76 +/- 4%	-	77	76	0	1	no	-	-	-	-	uuaaaugugacaaaugugau	cacaaucuaguacucuuaaaagg	uuaaaugugacaaaugugauuuuagauguucacaaucuaguacucuuaaaagg	scaffold5:94176830..94176883:+	EC1	scaffold5	+	94176830	94176883
scaffold5_703005	44.7	75 +/- 3%	-	115	112	0	3	no	-	-	-	-	uuaaaugugacaaaugugau	ucacaaucuaguacucuuaaaa	uuaaaugugacaaaugugauuuuagauguucacaaucuaguacucuuaaaa	scaffold5:94177168..94177219:+	DI1	scaffold5	+	94177168	94177219
scaffold5_631253	25.3	76 +/- 4%	-	77	76	0	1	no	-	-	-	-	uuaaaugugacaaaugugau	cacaaucuaguacucuuaaaagg	uuaaaugugacaaaugugauuuuagauguucacaaucuaguacucuuaaaagg	scaffold5:94177168..94177221:+	EC1	scaffold5	+	94177168	94177221
scaffold5_633918	66.2	78 +/- 3%	-	197	194	0	3	no	-	-	-	-	acaguuggaauuuauaaacguua	uacuuuauuuuuaucuuuauuuau	acaguuggaauuuauaaacguuauuacuuacuuuauuuuuaucuuuauuuau	scaffold5:97461536..97461588:+	PL2	scaffold5	+	97461536	97461588
scaffold5_818292	140.6	70 +/- 3%	-	343	339	0	4	no	-	-	-	-	acaguuggaauuuauaaacguua	cuuuauuuuuaucuuuauuuau	acaguuggaauuuauaaacguuauuacuuacuuuauuuuuaucuuuauuuau	scaffold5:97461536..97461588:+	DI2	scaffold5	+	97461536	97461588
scaffold5_665898	163.5	69 +/- 3%	-	391	372	0	19	no	-	-	-	-	acaguuggaauuuauaaacguua	uacuuuauuuuuaucuuuauuuau	acaguuggaauuuauaaacguuauuacuuacuuuauuuuuaucuuuauuuau	scaffold5:97461536..97461588:+	PDii3	scaffold5	+	97461536	97461588
scaffold5_693449	194.9	75 +/- 2%	-	412	409	0	3	no	-	-	-	-	uuaaaugugacaaauguga	ucaaaagucaucaguuaaggcacuc	ucaaaagucaucaguuaaggcacucuugucuaaagcccuuuaaaugugacaaauguga	scaffold5:100589633..100589691:+	PL3	scaffold5	+	100589633	100589691
scaffold5_707029	42.7	75 +/- 3%	-	113	112	0	1	no	-	-	-	-	uuaaaugugacaaaugugau	ucaaaagucaucaguuaaggcacuc	ucaaaagucaucaguuaaggcacucuugucuaaagcccuuuaaaugugacaaaugugau	scaffold5:100589633..100589692:+	DI1	scaffold5	+	100589633	100589692
scaffold5_663681	901.8	48 +/- 4%	-	1794	1787	0	7	no	-	-	-	-	ugugacaaaugugauuauucaug	ugguaaucuccaaacacaucag	ugugacaaaugugauuauucaugcgcucaacgugguaaucuccaaacacaucag	scaffold5:100860618..100860672:+	PH2	scaffold5	+	100860618	100860672
scaffold5_461267	1080.4	58 +/- 3%	-	2145	2134	0	11	no	-	-	-	-	ugugacaaaugugauuauucaug	ugguaaucuccaaacacaucagu	ugugacaaaugugauuauucaugcgcucaacgugguaaucuccaaacacaucagu	scaffold5:100860618..100860673:+	AMP3	scaffold5	+	100860618	100860673
scaffold5_390469	135.5	68 +/- 3%	-	264	259	0	5	yes	-	-	-	-	ccacuaucgacuuuuaucauc	ugauaaaaguugauagugug	ccacuaucgacuuuuaucaucugucaagaaaucagugauaaaaguugauagugug	scaffold5:4138934..4138989:-	IST1	scaffold5	-	4138934	4138989
scaffold5_498335	128.3	67 +/- 3%	-	250	249	0	1	yes	-	-	-	-	ccacuaucgacuuuuaucauc	gauaaaaguugauagugu	ccacuaucgacuuuuaucaucugucaagaaaucagugauaaaaguugauagugu	scaffold5:4138935..4138989:-	AMP2	scaffold5	-	4138935	4138989
scaffold5_689400	225.9	76 +/- 2%	-	483	398	84	1	no	-	-	-	-	uaugaucugcugcucuaag	uggaaauacauauuguaauu	uggaaauacauauuguaauuaucuuucuaguugguauuguaaaauuuuuuaugaucugcugcucuaag	scaffold5:7281053..7281121:-	PL1	scaffold5	-	7281053	7281121
scaffold5_671676	416.6	76 +/- 4%	-	857	805	47	5	no	-	-	-	-	uaugaucugcugcucuaa	uggaaauacauauuguaauuauc	uggaaauacauauuguaauuaucuuucuaguugguauuguaaaauuuuuuaugaucugcugcucuaa	scaffold5:7281054..7281121:-	EC3	scaffold5	-	7281054	7281121
scaffold5_734216	33.7	74 +/- 4%	-	73	72	0	1	yes	-	-	-	-	uguguguaugugugugua	auauuuauauauauauauaug	auauuuauauauauauauauguguguguaugugugugua	scaffold5:9771147..9771186:-	GA2	scaffold5	-	9771147	9771186
scaffold5_647020	26.8	76 +/- 4%	-	59	58	0	1	yes	-	-	-	-	guguguguaugugugugu	cauauuuauauauauauauau	cauauuuauauauauauauauguguguguaugugugugu	scaffold5:9771148..9771187:-	EC1	scaffold5	-	9771148	9771187
scaffold5_504511	97.6	60 +/- 3%	-	205	181	0	24	no	-	-	-	-	cagacuugucaacgagccgag	gccgagcuugagcacaguauuuga	cagacuugucaacgagccgagccgugccgagccgagccgagcuugagcacaguauuuga	scaffold5:13031475..13031534:-	AMP1	scaffold5	-	13031475	13031534
scaffold5_709211	376.0	75 +/- 2%	-	751	731	0	20	no	-	-	-	-	ccgagcuugagcacaguauuuga	ucagacuugucaacgagccgag	ucagacuugucaacgagccgagccgugccgagccgagccgagcuugagcacaguauuuga	scaffold5:13031475..13031535:-	PL3	scaffold5	-	13031475	13031535
scaffold5_726264	224.1	75 +/- 3%	-	439	430	8	1	yes	-	-	-	-	ucaguuaguagccuugguugg	uucggcuucacuaucugcug	ucaguuaguagccuugguuggcgaaagcuguagagaggcacaacccucucaugaagcucggccuucggcuucacuaucugcug	scaffold5:18199706..18199789:-	DI1	scaffold5	-	18199706	18199789
scaffold5_686216	392.1	69 +/- 3%	-	776	772	3	1	no	-	-	-	-	ucaguuaguagccuugguugg	uucggcuucacuaucugcug	ucaguuaguagccuugguuggcgaaagcuguagagaggcacaacccucucaugaagcucggccuucggcuucacuaucugcug	scaffold5:18199706..18199789:-	PDii3	scaffold5	-	18199706	18199789
scaffold5_754339	31.0	72 +/- 3%	-	62	37	0	25	yes	-	-	-	-	uaguguguauccuugaagaacc	uuuuucauugacguaugcucgg	uaguguguauccuugaagaaccuuauaugguuuuucauugacguaugcucgg	scaffold5:28325189..28325241:-	PDii2	scaffold5	-	28325189	28325241
scaffold5_630861	120.3	72 +/- 3%	-	237	156	0	81	yes	-	-	-	-	uuuuucauugacguaugcucgg	uaguguguauccuugaagaacc	uaguguguauccuugaagaaccuuauaugguuuuucauugacguaugcucgg	scaffold5:28325189..28325241:-	SMA1	scaffold5	-	28325189	28325241
scaffold5_663592	265.7	76 +/- 4%	-	639	608	0	31	no	-	-	-	-	ucacaggagaugaaauaggagc	ucaaguuuuacggcagcgag	ucaaguuuuacggcagcgaggacacucacaggagaugaaauaggagc	scaffold5:40472521..40472568:-	EC1	scaffold5	-	40472521	40472568
scaffold5_482454	1000.9	58 +/- 3%	-	2081	1909	0	172	no	-	-	-	-	ucacaggagaugaaauaggagc	ucaaguuuuacggcagcgag	ucaaguuuuacggcagcgaggacacucacaggagaugaaauaggagc	scaffold5:40472521..40472568:-	AMP3	scaffold5	-	40472521	40472568
scaffold5_550232	155.1	82 +/- 3%	-	422	368	0	54	no	-	-	-	-	ucacaggagaugaaauaggagc	ucaaguuuuacggcagcgag	ucaaguuuuacggcagcgaggacacucacaggagaugaaauaggagc	scaffold5:40472521..40472568:-	GA3	scaffold5	-	40472521	40472568
scaffold5_526814	767.9	87 +/- 2%	-	1624	1525	0	99	no	-	-	-	-	ucacaggagaugaaauaggagc	ucaaguuuuacggcagcgag	ucaaguuuuacggcagcgaggacacucacaggagaugaaauaggagc	scaffold5:40472521..40472568:-	HL2	scaffold5	-	40472521	40472568
scaffold5_371381	1.0	88 +/- 2%	-	625	615	0	10	yes	-	-	-	-	ccaguuaguagccuugguugg	cggcuucacucucugcugaucag	ccaguuaguagccuugguuggcgaaagcuggagaggcgcaacccucucaugaagcucagccuucggcuucacucucugcugaucag	scaffold5:46216176..46216262:-	PH3	scaffold5	-	46216176	46216262
scaffold5_432027	1.6	89 +/- 1%	-	320	302	1	17	yes	-	-	-	-	ccaguuaguagccuugguugg	cggcuucacucucugcugaucag	ccaguuaguagccuugguuggcgaaagcuggagaggcgcaacccucucaugaagcucagccuucggcuucacucucugcugaucag	scaffold5:46216176..46216262:-	HL1	scaffold5	-	46216176	46216262
scaffold5_756753	1.0	76 +/- 3%	-	196	146	1	49	yes	-	-	-	-	ccaguuaguagccuugguugg	cggcuucacucucugcugaucag	ccaguuaguagccuugguuggcgaaagcuggagaggcgcaacccucucaugaagcucagccuucggcuucacucucugcugaucag	scaffold5:46216176..46216262:-	GA2	scaffold5	-	46216176	46216262
scaffold5_520409	51515.5	60 +/- 3%	-	101050	101047	0	3	yes	-	-	-	-	uuucauugauguaugcuuugg	uugugugcaucuuugaaaaaaccu	uugugugcaucuuugaaaaaaccugauauggguuuucauugauguaugcuuugg	scaffold5:49304553..49304607:-	AMP1	scaffold5	-	49304553	49304607
scaffold5_707581	1080.6	74 +/- 4%	-	2124	2123	0	1	yes	-	-	-	-	uuucauugauguaugcuuugg	uugugugcaucuuugaaaaaac	uugugugcaucuuugaaaaaaccugauauggguuuucauugauguaugcuuugg	scaffold5:49304553..49304607:-	DI3	scaffold5	-	49304553	49304607
scaffold5_486555	70.0	58 +/- 3%	-	142	141	0	1	yes	-	-	-	-	uaggauugaaugcuaauugug	caacuaguuuuccauuucca	uaggauugaaugcuaauuguggcacaaagagacauaauugagucacaacuaguuuuccauuucca	scaffold5:49399464..49399529:-	AMP3	scaffold5	-	49399464	49399529
scaffold5_642182	28.2	72 +/- 3%	-	61	59	1	1	yes	-	-	-	-	uaggauugaaugcuaauugug	caacuaguuuuccauuucca	uaggauugaaugcuaauuguggcacaaagagacauaauugagucacaacuaguuuuccauuucca	scaffold5:49399464..49399529:-	SMA1	scaffold5	-	49399464	49399529
scaffold5_512018	20.7	87 +/- 2%	-	40	31	0	9	yes	-	-	-	-	ugccaaauauuuggaaucgau	cuuuccaaauauuuggcaauu	ugccaaauauuuggaaucgauuugcaaauccuuuccaaauauuuggcaauu	scaffold5:49604193..49604244:-	HL3	scaffold5	-	49604193	49604244
scaffold5_707753	25.5	74 +/- 4%	-	50	33	0	17	yes	-	-	-	-	cuuuccaaauauuuggcaauu	uugccaaauauuuggaaucgau	uugccaaauauuuggaaucgauuugcaaauccuuuccaaauauuuggcaauu	scaffold5:49604193..49604245:-	DI3	scaffold5	-	49604193	49604245
scaffold5_581857	282.3	77 +/- 3%	-	551	550	0	1	yes	-	-	-	-	caucaaaagguucucgucug	gacgggcaucuuuuugacgua	gacgggcaucuuuuugacguauaucaaaugauauacaucaaaagguucucgucug	scaffold5:54603616..54603671:-	PDi1	scaffold5	-	54603616	54603671
scaffold5_422973	383.8	67 +/- 3%	-	750	749	0	1	yes	-	-	-	-	caucaaaagguucucgucug	agacgggcaucuuuuugacgu	agacgggcaucuuuuugacguauaucaaaugauauacaucaaaagguucucgucug	scaffold5:54603616..54603672:-	IST3	scaffold5	-	54603616	54603672
scaffold5_523001	517.9	60 +/- 3%	-	1013	1012	0	1	yes	-	-	-	-	caucaaaagguucucgucug	agacgggcaucuuuuuga	agacgggcaucuuuuugacguauaucaaaugauauacaucaaaagguucucgucug	scaffold5:54603616..54603672:-	AMP1	scaffold5	-	54603616	54603672
scaffold5_560803	13.4	82 +/- 3%	-	60	43	16	1	no	-	-	-	-	guggacugauccucugaugauuu	uccucugaugauuuauacaacuga	uccucugaugauuuauacaacugauauauuaccuauguuauauuaauuuacgugaugcuagaaaguaguggacugauccucugaugauuu	scaffold5:64267632..64267722:-	GA3	scaffold5	-	64267632	64267722
scaffold5_776727	58.3	72 +/- 3%	-	148	89	55	4	no	-	-	-	-	guggacugauccucugaugauuu	uccucugaugauuuauacaacugau	uccucugaugauuuauacaacugauauauuaccuauguuauauuaauuuacgugaugcuagaaaguaguggacugauccucugaugauuu	scaffold5:64267632..64267722:-	PDii2	scaffold5	-	64267632	64267722
scaffold5_653354	12.6	72 +/- 3%	-	23	22	0	1	yes	-	-	-	-	guauucagcggugcucauaa	ccagcgccgcugaauaccaga	ccagcgccgcugaauaccagaggaaucgaaauguacugguauucagcggugcucauaa	scaffold5:71482338..71482396:-	SMA1	scaffold5	-	71482338	71482396
scaffold5_514406	15.1	86 +/- 2%	-	28	19	0	9	yes	-	-	-	-	cccagcgccgcugaauaccaga	ugguauucagcggugcucau	cccagcgccgcugaauaccagaggaaucgaaauguacugguauucagcggugcucau	scaffold5:71482340..71482397:-	PH1	scaffold5	-	71482340	71482397
scaffold5_516258	11271.2	86 +/- 2%	-	22108	17656	0	4452	yes	-	-	-	-	uucuucauugauguaugcuuug	uaguguguaucuuugaagaa	uaguguguaucuuugaagaaccuuauuaugguucuucauugauguaugcuuug	scaffold5:76542482..76542535:-	PH1	scaffold5	-	76542482	76542535
scaffold5_729500	8287.8	76 +/- 2%	-	16256	11354	0	4902	yes	-	-	-	-	uucuucauugauguaugcuuug	uaguguguaucuuugaagaa	uaguguguaucuuugaagaaccuuauuaugguucuucauugauguaugcuuug	scaffold5:76542482..76542535:-	PL1	scaffold5	-	76542482	76542535
scaffold5_430170	16456.7	67 +/- 3%	-	32279	24046	0	8233	yes	-	-	-	-	uucuucauugauguaugcuuug	uaguguguaucuuugaagaa	uaguguguaucuuugaagaaccuuauuaugguucuucauugauguaugcuuug	scaffold5:76542482..76542535:-	IST3	scaffold5	-	76542482	76542535
scaffold5_531998	19691.9	60 +/- 3%	-	38625	27436	0	11189	yes	-	-	-	-	uucuucauugauguaugcuuug	uaguguguaucuuugaagaa	uaguguguaucuuugaagaaccuuauuaugguucuucauugauguaugcuuug	scaffold5:76542482..76542535:-	AMP1	scaffold5	-	76542482	76542535
scaffold5_424636	5608.6	79 +/- 3%	-	11001	8330	0	2671	yes	-	-	-	-	uucuucauugauguaugcuuug	uaguguguaucuuugaagaa	uaguguguaucuuugaagaaccuuauuaugguucuucauugauguaugcuuug	scaffold5:76542482..76542535:-	SMA2	scaffold5	-	76542482	76542535
scaffold5_519621	11.0	86 +/- 2%	-	28	16	0	12	no	-	-	-	-	guggguccauagcucagug	uccggcugggcccuaauuuuu	guggguccauagcucaguggcagagcauuuugacugcagaucaagaguggucgcuugguucuggaacuccggcugggcccuaauuuuu	scaffold5:85673653..85673741:-	PH1	scaffold5	-	85673653	85673741
scaffold5_788895	26.5	72 +/- 3%	-	51	21	0	30	yes	-	-	-	-	guggguccauagcucagu	uccggcugggcccuaauuuu	guggguccauagcucaguggcagagcauuuugacugcagaucaagaguggucgcuugguucuggaacuccggcugggcccuaauuuu	scaffold5:85673654..85673741:-	PDii2	scaffold5	-	85673654	85673741
scaffold5_779957	15.7	74 +/- 4%	-	51	50	0	1	no	-	-	-	-	uccggcugggcccuaauuuu	aucaagaggucgcugguuc	aucaagaggucgcugguucguauccggcugggcccuaauuuu	scaffold5:85685896..85685938:-	GA2	scaffold5	-	85685896	85685938
scaffold5_788901	12.1	72 +/- 3%	-	42	41	0	1	no	-	-	-	-	auccggcugggcccuaauuuu	aucaagaggucgcugguu	aucaagaggucgcugguucguauccggcugggcccuaauuuu	scaffold5:85685896..85685938:-	PDii2	scaffold5	-	85685896	85685938
scaffold5_751693	13.0	75 +/- 2%	-	47	46	0	1	no	-	-	-	-	uccggcugggcccuaauuuu	gaucaagaggucgcuggu	gaucaagaggucgcugguucguauccggcugggcccuaauuuu	scaffold5:85685896..85685939:-	PL3	scaffold5	-	85685896	85685939
scaffold5_523949	1207.4	86 +/- 2%	-	2376	1427	0	949	yes	-	-	-	-	uaguguguaucuuugaauaa	uuucauugauguaugcuucga	uaguguguaucuuugaauaaccuuauaugguuuuucauugauguaugcuucga	scaffold5:95280029..95280082:-	PH1	scaffold5	-	95280029	95280082
scaffold5_539800	3779.9	60 +/- 3%	-	7422	5467	0	1955	yes	-	-	-	-	uuucauugauguaugcuucga	uaguguguaucuuugaauaacc	uaguguguaucuuugaauaaccuuauaugguuuuucauugauguaugcuucga	scaffold5:95280029..95280082:-	AMP1	scaffold5	-	95280029	95280082
scaffold5_451078	2279.7	90 +/- 2%	-	4471	3926	0	545	yes	-	-	-	-	uagcaauucaguuuuagagagag	cgcucuuaacgugauuugcuugc	uagcaauucaguuuuagagagagguuuuguucucgcucuuaacgugauuugcuugc	scaffold5:101344925..101344981:-	HL1	scaffold5	-	101344925	101344981
scaffold5_727674	1031.6	48 +/- 4%	-	2023	1746	0	277	yes	-	-	-	-	uagcaauucaguuuuagagagag	gcucuuaacgugauuugcuugc	uagcaauucaguuuuagagagagguuuuguucucgcucuuaacgugauuugcuugc	scaffold5:101344925..101344981:-	PH2	scaffold5	-	101344925	101344981
scaffold5_761784	66.7	75 +/- 2%	-	168	167	0	1	no	-	-	-	-	ugugacaaaugugauuauucaug	ugguaaucuccaaacacaucag	ugugacaaaugugauuauucaugcucucaacgugguaaucuccaaacacaucag	scaffold5:102014334..102014388:-	PL3	scaffold5	-	102014334	102014388
scaffold5_769642	54.0	67 +/- 3%	-	143	140	0	3	no	-	-	-	-	ugugacaaaugugauuauucaug	ugguaaucuccaaacacauc	ugugacaaaugugauuauucaugcucucaacgugguaaucuccaaacacauc	scaffold5:102014336..102014388:-	PDii1	scaffold5	-	102014336	102014388
scaffold5_776384	14.0	75 +/- 3%	-	87	30	56	1	no	-	-	-	-	ugugacaaaugugauuauu	uuucauguucucaacgua	uuucauguucucaacguagcagucucaaaacucaucaguuaaagcacucugguauaaagccuuugaaaugugacaaaugugauuauu	scaffold5:102291549..102291636:-	DI1	scaffold5	-	102291549	102291636
scaffold5_698956	44.6	78 +/- 3%	-	147	58	88	1	no	-	-	-	-	ugugacaaaugugauuauu	uuuucauguucucaacgu	uuuucauguucucaacguagcagucucaaaacucaucaguuaaagcacucugguauaaagccuuugaaaugugacaaaugugauuauu	scaffold5:102291549..102291637:-	PL2	scaffold5	-	102291549	102291637
scaffold5_540593	1564.3	67 +/- 3%	-	3103	3087	5	11	no	-	-	-	-	ugugacaaaugugauuauucaug	ucucaaaacucaucuguuaag	ucucaaaacucaucuguuaaggcacucugguauaaagccuuuuaacugugacaaaugugauuauucaug	scaffold5:102730055..102730124:-	AMP2	scaffold5	-	102730055	102730124
scaffold5_423842	1003.4	68 +/- 3%	-	2013	2001	7	5	no	-	-	-	-	ugugacaaaugugauuauucaug	uuagucucaaaacucaucu	uuagucucaaaacucaucuguuaaggcacucugguauaaagccuuuuaacugugacaaaugugauuauucaug	scaffold5:102730055..102730128:-	IST1	scaffold5	-	102730055	102730128
scaffold5_486351	276.1	73 +/- 3%	-	562	558	1	3	no	-	-	-	-	ugugacaaaugugauuauucaug	ugaaaacacaucaguuaacgcacuc	ugaaaacacaucaguuaacgcacucugguauaaagccauuuacaugugacaaaugugauuauucaug	scaffold5:102730559..102730626:-	SMA3	scaffold5	-	102730559	102730626
scaffold5_439122	488.7	67 +/- 3%	-	979	977	1	1	no	-	-	-	-	ugugacaaaugugauuauucaug	ugaaaacacaucaguuaacgcacu	ugaaaacacaucaguuaacgcacucugguauaaagccauuuacaugugacaaaugugauuauucaug	scaffold5:102730559..102730626:-	IST3	scaffold5	-	102730559	102730626
scaffold5_605471	537.5	77 +/- 3%	-	1088	1081	0	7	no	-	-	-	-	ucacaggagaugaaauaggagc	ucaaguuuuacggcugcgagaacag	ucaaguuuuacggcugcgagaacagucacaggagaugaaauaggagc	scaffold5:106505153..106505200:-	PDi1	scaffold5	-	106505153	106505200
scaffold5_778791	486.5	75 +/- 3%	-	996	990	0	6	no	-	-	-	-	ucacaggagaugaaauaggagc	ucaaguuuuacggcugcgaga	ucaaguuuuacggcugcgagaacagucacaggagaugaaauaggagc	scaffold5:106505153..106505200:-	DI1	scaffold5	-	106505153	106505200
scaffold5_390901	842.2	89 +/- 2%	-	1666	1664	0	2	no	-	-	-	-	cuucauugauauaugcuuagg	uagugugugucuuugaccaa	uagugugugucuuugaccaaccuuguuaugguucuucauugauauaugcuuagg	scaffold5:112026863..112026917:-	PH3	scaffold5	-	112026863	112026917
scaffold5_742731	227.1	74 +/- 4%	-	452	298	0	154	yes	-	-	-	-	cuucauugauauaugcuuagg	uagugugugucuuugaccaa	uagugugugucuuugaccaaccuuguuaugguucuucauugauauaugcuuagg	scaffold5:112026863..112026917:-	DI3	scaffold5	-	112026863	112026917
scaffold6_610414	1630.7	77 +/- 3%	-	3208	3207	0	1	no	-	-	-	-	guccugucacggucgcca	uggcugguaggggaacuuaac	guccugucacggucgccacguagaauugguggcugguaggggaacuuaac	scaffold6:5285625..5285675:+	PDi1	scaffold6	+	5285625	5285675
scaffold6_583330	548.3	82 +/- 3%	-	1085	1084	0	1	no	-	-	-	-	guccugucacggucgcca	guggcugguaggggaacuuaacu	guccugucacggucgccacguagaauugguggcugguaggggaacuuaacu	scaffold6:5285625..5285676:+	GA3	scaffold6	+	5285625	5285676
scaffold6_787141	16.0	67 +/- 3%	-	45	39	3	3	no	-	-	-	-	cggagagauuguuugagaaa	uucucaaauaaaaaauuugucgca	uucucaaauaaaaaauuugucgcauuucaaucuaaaggacuacaaauaaugaguuuauucaugcugcggagagauuguuugagaaa	scaffold6:18435317..18435403:+	PDii1	scaffold6	+	18435317	18435403
scaffold6_744513	142.2	48 +/- 4%	-	292	287	4	1	no	-	-	-	-	ugcggagagauuguuugagaaag	ucucaaauaaaaaauuuguc	ucucaaauaaaaaauuugucgcauuucaaucuaaaggacuacaaauaaugaguuuauucaugcugcggagagauuguuugagaaag	scaffold6:18435318..18435404:+	PH2	scaffold6	+	18435318	18435404
scaffold6_762802	171.2	76 +/- 2%	-	346	328	0	18	no	-	-	-	-	gaggaauccauuuuguuugcgua	uguauucugauugguugcucg	uguauucugauugguugcucgucugaggaauccauuuuguuugcgua	scaffold6:20426183..20426230:+	PL1	scaffold6	+	20426183	20426230
scaffold6_755496	68.3	74 +/- 4%	-	168	148	0	20	no	-	-	-	-	gaggaauccauuuuguuugcgua	uguauucugauugguugcucg	uguauucugauugguugcucgucugaggaauccauuuuguuugcgua	scaffold6:20426183..20426230:+	DI3	scaffold6	+	20426183	20426230
scaffold6_557163	45.0	60 +/- 3%	-	102	94	0	8	no	-	-	-	-	gaggaauccauuuuguuugcgua	uguauucugauugguugcucg	uguauucugauugguugcucgucugaggaauccauuuuguuugcgua	scaffold6:20426183..20426230:+	AMP1	scaffold6	+	20426183	20426230
scaffold6_826165	18.1	72 +/- 3%	-	33	26	0	7	yes	-	-	-	-	ucugacugcuuguagccgaauu	uccggcugccagcaauuuggaug	uccggcugccagcaauuuggaugcugcauaaugcaguucugacugcuuguagccgaauu	scaffold6:28790060..28790119:+	PDii2	scaffold6	+	28790060	28790119
scaffold6_503079	11.9	73 +/- 3%	-	21	20	0	1	yes	-	-	-	-	guucugacugcuuguagccg	ggcugccagcaauuuggaugc	ggcugccagcaauuuggaugcugcauaaugcaguucugacugcuuguagccg	scaffold6:28790063..28790115:+	SMA3	scaffold6	+	28790063	28790115
scaffold6_560257	239.6	67 +/- 3%	-	479	429	21	29	no	-	-	-	-	ucgacucccggcuugcgcaau	gcgcaggugguguagcgg	gcgcaggugguguagcgguagcauagcagccuuccaagcuguugauccuggaucgacucccggcuugcgcaau	scaffold6:34375394..34375467:+	AMP2	scaffold6	+	34375394	34375467
scaffold6_454851	142.2	67 +/- 3%	-	288	262	7	19	no	-	-	-	-	ucgacucccggcuugcgcaau	gcgcaggugguguagcgg	gcgcaggugguguagcgguagcauagcagccuuccaagcuguugauccuggaucgacucccggcuugcgcaau	scaffold6:34375394..34375467:+	IST3	scaffold6	+	34375394	34375467
scaffold6_454855	142.2	67 +/- 3%	-	288	262	7	19	no	-	-	-	-	ucgacucccggcuugcgcaau	gcgcaggugguguagcgg	gcgcaggugguguagcgguagcauagcagccuuccaagcuguugauccuggaucgacucccggcuugcgcaau	scaffold6:34376582..34376655:+	IST3	scaffold6	+	34376582	34376655
scaffold6_560265	239.6	67 +/- 3%	-	479	429	21	29	no	-	-	-	-	ucgacucccggcuugcgcaau	gcgcaggugguguagcgg	gcgcaggugguguagcgguagcauagcagccuuccaagcuguugauccuggaucgacucccggcuugcgcaau	scaffold6:34376582..34376655:+	AMP2	scaffold6	+	34376582	34376655
scaffold6_568655	318.5	67 +/- 3%	-	625	618	0	7	yes	-	-	-	-	acacuaucgacuuuuaucaccg	augauaaaaaucgauagugg	acacuaucgacuuuuaucaccgauuucuugccagaugauaaaaaucgauagugg	scaffold6:54840759..54840813:+	AMP2	scaffold6	+	54840759	54840813
scaffold6_369835	224.7	72 +/- 3%	-	441	434	0	7	yes	-	-	-	-	acacuaucgacuuuuaucaccg	augauaaaaaucgauaguggaa	acacuaucgacuuuuaucaccgauuucuugccagaugauaaaaaucgauaguggaa	scaffold6:54840759..54840815:+	IST2	scaffold6	+	54840759	54840815
scaffold6_540315	120.3	58 +/- 3%	-	254	173	70	11	no	-	-	-	-	uggagacagguacagagaag	aucagcuuucuccagguca	uggagacagguacagagaagcuagaggcaaaauacgcguugaacacaucagcuuucuccagguca	scaffold6:70514159..70514224:+	AMP3	scaffold6	+	70514159	70514224
scaffold6_450561	136.7	68 +/- 3%	-	279	240	36	3	no	-	-	-	-	uggagacagguacagagaag	aucagcuuucuccagguca	uggagacagguacagagaagcuagaggcaaaauacgcguugaacacaucagcuuucuccagguca	scaffold6:70514159..70514224:+	IST1	scaffold6	+	70514159	70514224
scaffold6_793283	51.1	76 +/- 2%	-	128	125	2	1	no	-	-	-	-	ccagaaaguaucuccuccgu	cggaacagauacauauuggaaac	ccagaaaguaucuccuccgucccccucucgcuguaacguaccccauaaucagaccccauuaucacgauaaacucggaacagauacauauuggaaac	scaffold6:73469779..73469875:+	PL1	scaffold6	+	73469779	73469875
scaffold6_781507	91.9	69 +/- 3%	-	208	206	0	2	no	-	-	-	-	ccagaaaguaucuccuccguc	cggaacagauacauauuggaaac	ccagaaaguaucuccuccgucccccucucgcuguaacguaccccauaaucagaccccauuaucacgauaaacucggaacagauacauauuggaaac	scaffold6:73469779..73469875:+	PDii3	scaffold6	+	73469779	73469875
scaffold6_546369	33.4	58 +/- 3%	-	67	41	25	1	yes	-	-	-	-	uacucacgugcgcaaucaucucguu	gcgagaggcauagcagugagu	gcgagaggcauagcagugaguuacuuuguuaaauauugacaauuguugauuacuugacacgauuacucacgugcgcaaucaucucguu	scaffold6:87672354..87672442:+	AMP3	scaffold6	+	87672354	87672442
scaffold6_524535	13.6	73 +/- 3%	-	28	14	13	1	yes	-	-	-	-	uacucacgugcgcaaucaucucguu	gagaggcauagcagugagu	gagaggcauagcagugaguuacuuuguuaaauauugacaauuguugauuacuugacacgauuacucacgugcgcaaucaucucguu	scaffold6:87672356..87672442:+	SMA3	scaffold6	+	87672356	87672442
scaffold6_861115	55.8	72 +/- 3%	-	145	138	0	7	no	-	-	-	-	uagauguaguuuuuaauuugg	ccauaggauaaaaacucguugaga	uagauguaguuuuuaauuuggaaucgaaugaacuaguggauccauaggauaaaaacucguugaga	scaffold6:89588104..89588169:+	PDii2	scaffold6	+	89588104	89588169
scaffold6_649579	27.7	77 +/- 3%	-	90	89	0	1	no	-	-	-	-	uagauguaguuuuuaauuugg	auaggauaaaaacucguugaga	uagauguaguuuuuaauuuggaaucgaaugaacuaguggauccauaggauaaaaacucguugaga	scaffold6:89588104..89588169:+	PDi1	scaffold6	+	89588104	89588169
scaffold6_784191	143.0	48 +/- 4%	-	316	315	0	1	no	-	-	-	-	uagauguaguuuuuaauuug	gauaaaaacucguugagaua	uagauguaguuuuuaauuuggaaucgaaugaacuaguggauccauaggauaaaaacucguugagaua	scaffold6:89588104..89588171:+	PH2	scaffold6	+	89588104	89588171
scaffold6_583381	724.7	67 +/- 3%	-	1432	1300	106	26	no	-	-	-	-	ucgagccuggguacugucac	gacaguaugguguagugg	gacaguaugguguagugguuaucacgucugccucacacgcagaagguccccaagucgagccuggguacugucac	scaffold6:92547267..92547341:+	AMP2	scaffold6	+	92547267	92547341
scaffold6_830101	117.0	67 +/- 3%	-	240	180	51	9	no	-	-	-	-	ucgagccuggguacugucac	gacaguaugguguagugg	gacaguaugguguagugguuaucacgucugccucacacgcagaagguccccaagucgagccuggguacugucac	scaffold6:92547267..92547341:+	PDii1	scaffold6	+	92547267	92547341
scaffold6_785919	44.6	48 +/- 4%	-	97	86	0	11	no	-	-	-	-	ugacaguaugguguagug	guucgagccuggguacugu	ugacaguaugguguagugguuaucaaggcugccuaacacgcagaagguaaccaguucgagccuggguacugu	scaffold6:92568620..92568692:+	PH2	scaffold6	+	92568620	92568692
scaffold6_754497	10.7	78 +/- 3%	-	23	17	3	3	yes	-	-	-	-	ugacaguaugguguagug	guucgagccuggguacugu	ugacaguaugguguagugguuaucaaggcugccuaacacgcagaagguaaccaguucgagccuggguacugu	scaffold6:92568620..92568692:+	PL2	scaffold6	+	92568620	92568692
scaffold6_785925	48.4	48 +/- 4%	-	97	86	0	11	yes	-	-	-	-	ugacaguaugguguagug	guucgagccuggguacugu	ugacaguaugguguagugguuaucaaggcugccuaacacgcagaagguaaccaguucgagccuggguacugu	scaffold6:92570241..92570313:+	PH2	scaffold6	+	92570241	92570313
scaffold6_754501	10.7	78 +/- 3%	-	23	17	3	3	yes	-	-	-	-	ugacaguaugguguagug	guucgagccuggguacugu	ugacaguaugguguagugguuaucaaggcugccuaacacgcagaagguaaccaguucgagccuggguacugu	scaffold6:92570241..92570313:+	PL2	scaffold6	+	92570241	92570313
scaffold6_583420	37.5	67 +/- 3%	-	73	66	1	6	yes	-	-	-	-	ucgagccuggguacugucaa	gacaguaagguguagugg	gacaguaagguguagugguuaucacgucugccucacacgcagaagguaaccaguucgagccuggguacugucaa	scaffold6:92583380..92583454:+	AMP2	scaffold6	+	92583380	92583454
scaffold6_575142	22.8	87 +/- 2%	-	44	35	6	3	yes	-	-	-	-	ucgagccuggguacugucaa	gacaguaagguguagugg	gacaguaagguguagugguuaucacgucugccucacacgcagaagguaaccaguucgagccuggguacugucaa	scaffold6:92583380..92583454:+	HL3	scaffold6	+	92583380	92583454
scaffold6_830148	1.1	72 +/- 2%	-	170	154	14	2	yes	-	-	-	-	ucgagccuggguacugucaauuuu	gacaguaagguguagugg	gacaguaagguguagugguuaucacgucugccucacacgcagaagguaaccaguucgagccuggguacugucaauuuu	scaffold6:92583380..92583458:+	PDii1	scaffold6	+	92583380	92583458
scaffold6_785997	51.1	48 +/- 4%	-	102	86	4	12	yes	-	-	-	-	ugacaguaugguguagug	guucgaaccuggguacug	ugacaguaugguguagugguuaucgucugccucccacacgcagaagguccccaguucgaaccuggguacug	scaffold6:92636727..92636798:+	PH2	scaffold6	+	92636727	92636798
scaffold6_583477	25.0	67 +/- 3%	-	57	16	15	26	no	-	-	-	-	ucgaaccuggguacugucaa	gacaguaugguguagugg	gacaguaugguguagugguuaucgucugccucccacacgcagaagguccccaguucgaaccuggguacugucaa	scaffold6:92636728..92636802:+	AMP2	scaffold6	+	92636728	92636802
scaffold6_830201	13.0	67 +/- 3%	-	26	12	5	9	yes	-	-	-	-	ucgaaccuggguacugucaa	gacaguaugguguagugg	gacaguaugguguagugguuaucgucugccucccacacgcagaagguccccaguucgaaccuggguacugucaa	scaffold6:92636728..92636802:+	PDii1	scaffold6	+	92636728	92636802
scaffold6_474135	12.2	67 +/- 3%	-	24	7	6	11	yes	-	-	-	-	ucgaaccuggguacugucaa	gacaguaugguguagugg	gacaguaugguguagugguuaucgucugccucccacacgcagaagguccccaguucgaaccuggguacugucaa	scaffold6:92636728..92636802:+	IST3	scaffold6	+	92636728	92636802
scaffold6_795521	606.8	74 +/- 4%	-	1240	1147	0	93	no	-	-	-	-	ugcaaaccauguauggucgaca	ucgccuuuacuaugauuguuggauc	ucgccuuuacuaugauuguuggaucugcaaaccauguauggucgaca	scaffold6:92881637..92881684:+	DI3	scaffold6	+	92881637	92881684
scaffold6_853375	1204.3	74 +/- 4%	-	2412	2291	0	121	no	-	-	-	-	ugcaaaccauguauggucgaca	ucgccuuuacuaugauuguuggauc	ucgccuuuacuaugauuguuggaucugcaaaccauguauggucgaca	scaffold6:92881637..92881684:+	GA2	scaffold6	+	92881637	92881684
scaffold6_881415	1559.7	70 +/- 4%	-	3109	2943	0	166	no	-	-	-	-	ugcaaaccauguauggucgaca	ucgccuuuacuaugauuguuggauc	ucgccuuuacuaugauuguuggaucugcaaaccauguauggucgaca	scaffold6:92881637..92881684:+	EC2	scaffold6	+	92881637	92881684
scaffold6_795522	686.4	74 +/- 4%	-	1348	1147	200	1	yes	-	-	-	-	ugcaaaccauguauggucgaca	ucgaaaucaguuugcauucuu	ugcaaaccauguauggucgacauuuggaguuauuucugauucuuaucauuuuaaacagucagugaacuuucuaugucgaaaucaguuugcauucuu	scaffold6:92881662..92881758:+	DI3	scaffold6	+	92881662	92881758
scaffold6_822576	518.7	75 +/- 2%	-	1019	825	193	1	yes	-	-	-	-	ugcaaaccauguauggucgaca	ucgaaaucaguuugcauucuu	ugcaaaccauguauggucgacauuuggaguuauuucugauucuuaucauuuuaaacagucagugaacuuucuaugucgaaaucaguuugcauucuu	scaffold6:92881662..92881758:+	PL3	scaffold6	+	92881662	92881758
scaffold6_791669	514.1	69 +/- 3%	-	1054	1053	0	1	no	-	-	-	-	ugcaaaccauguauggucgaca	ucgucuuuacuauguuuguugg	ucgucuuuacuauguuuguuggaucugcaaaccauguauggucgaca	scaffold6:92888998..92889045:+	PDii3	scaffold6	+	92888998	92889045
scaffold6_795569	533.5	74 +/- 4%	-	1092	1088	0	4	no	-	-	-	-	ugcaaaccauguauggucgaca	ucgucuuuacuauguuuguuggauc	ucgucuuuacuauguuuguuggaucugcaaaccauguauggucgaca	scaffold6:92888998..92889045:+	DI3	scaffold6	+	92888998	92889045
scaffold6_795589	533.5	74 +/- 4%	-	1092	1088	0	4	no	-	-	-	-	ugcaaaccauguauggucgaca	ucgucuuuacuauguuuguuggauc	ucgucuuuacuauguuuguuggaucugcaaaccauguauggucgaca	scaffold6:92892160..92892207:+	DI3	scaffold6	+	92892160	92892207
scaffold6_791689	514.1	69 +/- 3%	-	1054	1053	0	1	no	-	-	-	-	ugcaaaccauguauggucgaca	ucgucuuuacuauguuuguugg	ucgucuuuacuauguuuguuggaucugcaaaccauguauggucgaca	scaffold6:92892160..92892207:+	PDii3	scaffold6	+	92892160	92892207
scaffold6_791697	514.1	69 +/- 3%	-	1054	1053	0	1	no	-	-	-	-	ugcaaaccauguauggucgaca	ucgucuuuacuauguuuguugg	ucgucuuuacuauguuuguuggaucugcaaaccauguauggucgaca	scaffold6:92893939..92893986:+	PDii3	scaffold6	+	92893939	92893986
scaffold6_795599	533.5	74 +/- 4%	-	1092	1088	0	4	no	-	-	-	-	ugcaaaccauguauggucgaca	ucgucuuuacuauguuuguuggauc	ucgucuuuacuauguuuguuggaucugcaaaccauguauggucgaca	scaffold6:92893939..92893986:+	DI3	scaffold6	+	92893939	92893986
scaffold6_791707	514.1	69 +/- 3%	-	1054	1053	0	1	no	-	-	-	-	ugcaaaccauguauggucgaca	ucgucuuuacuauguuuguugg	ucgucuuuacuauguuuguuggaucugcaaaccauguauggucgaca	scaffold6:92895042..92895089:+	PDii3	scaffold6	+	92895042	92895089
scaffold6_795609	533.5	74 +/- 4%	-	1092	1088	0	4	no	-	-	-	-	ugcaaaccauguauggucgaca	ucgucuuuacuauguuuguuggauc	ucgucuuuacuauguuuguuggaucugcaaaccauguauggucgaca	scaffold6:92895042..92895089:+	DI3	scaffold6	+	92895042	92895089
scaffold6_651443	71.5	77 +/- 3%	-	153	97	54	2	yes	-	-	-	-	ugcaaaccauguauggucg	gauuauuuagguuugauuccu	gauuauuuagguuugauuccucaaccuuuaguuauucuugcaaucauguuuuucaauauuuuauauuuuuugucuuuacuaugauuguuggaucugcaaaccauguauggucg	scaffold6:92904477..92904590:+	PDi1	scaffold6	+	92904477	92904590
scaffold6_853505	223.9	74 +/- 4%	-	452	360	91	1	yes	-	-	-	-	ugcaaaccauguauggucg	uuauuuagguuugauuccu	uuauuuagguuugauuccucaaccuuuaguuauucuugcaaucauguuuuucaauauuuuauauuuuuugucuuuacuaugauuguuggaucugcaaaccauguauggucg	scaffold6:92904479..92904590:+	GA2	scaffold6	+	92904479	92904590
scaffold6_881569	187.2	70 +/- 4%	-	380	259	118	3	yes	-	-	-	-	ugcaaaccauguauggucg	uuauuuagguuugauuccu	uuauuuagguuugauuccucaaccuuuaguuauucuugcaaucauguuuuucaauauuuuauauuuuuugucuuuacuaugauuguuggaucugcaaaccauguauggucg	scaffold6:92904479..92904590:+	EC2	scaffold6	+	92904479	92904590
scaffold6_832570	41.3	67 +/- 3%	-	91	85	0	6	no	-	-	-	-	gcuauguggaguucugcgaagagug	aucuugacgaguuuauguggcg	gcuauguggaguucugcgaagagugagauuaaggcgaugagaggaacuaaugacaacaugcuuccaccacaucuugacgaguuuauguggcg	scaffold6:96148229..96148321:+	PDii1	scaffold6	+	96148229	96148321
scaffold6_420288	13.5	89 +/- 2%	-	36	30	0	6	no	-	-	-	-	gcuauguggaguucugcgaagagug	aucuugacgaguuuauguggcg	gcuauguggaguucugcgaagagugagauuaaggcgaugagaggaacuaaugacaacaugcuuccaccacaucuugacgaguuuauguggcg	scaffold6:96148229..96148321:+	PH3	scaffold6	+	96148229	96148321
scaffold6_728552	120.3	72 +/- 3%	-	237	156	0	81	yes	-	-	-	-	uuuuucauugacguaugcucgg	uaguguguauccuugaagaacc	uaguguguauccuugaagaaccuuauaugguuuuucauugacguaugcucgg	scaffold6:100900082..100900134:+	SMA1	scaffold6	+	100900082	100900134
scaffold6_868464	31.0	72 +/- 3%	-	62	37	0	25	yes	-	-	-	-	uaguguguauccuugaagaacc	uuuuucauugacguaugcucgg	uaguguguauccuugaagaaccuuauaugguuuuucauugacguaugcucgg	scaffold6:100900082..100900134:+	PDii2	scaffold6	+	100900082	100900134
scaffold6_602385	15.4	87 +/- 2%	-	30	29	0	1	yes	-	-	-	-	uugccaaauauuuggaaucgau	ucccuuucaaauauuugccaau	uugccaaauauuuggaaucgauuugcaaaucccuuucaaauauuugccaau	scaffold6:102947830..102947881:+	HL2	scaffold6	+	102947830	102947881
scaffold6_587675	22.4	67 +/- 3%	-	44	43	0	1	yes	-	-	-	-	ugccaaauauuuggaaucgau	cccuuucaaauauuugccaau	ugccaaauauuuggaaucgauuugcaaaucccuuucaaauauuugccaau	scaffold6:102947831..102947881:+	AMP2	scaffold6	+	102947831	102947881
scaffold6_656759	13.7	77 +/- 3%	-	27	25	0	2	yes	-	-	-	-	ugccaaauauuuggaaucgau	ucccuuucaaauauuugccaau	ugccaaauauuuggaaucgauuugcaaaucccuuucaaauauuugccaau	scaffold6:102947831..102947881:+	PDi1	scaffold6	+	102947831	102947881
scaffold6_851234	18.3	75 +/- 3%	-	51	49	0	2	no	-	-	-	-	gguuaagauacugugggacuuca	uugucucgcucaauguuaaac	gguuaagauacugugggacuucaacauccagacgugcauucuucuagcagugaaugguugguuuuguugucucgcucaauguuaaac	scaffold6:4906968..4907055:-	DI1	scaffold6	-	4906968	4907055
scaffold6_766228	12.3	78 +/- 3%	-	35	33	0	2	no	-	-	-	-	gguuaagauacugugggacu	gucucgcucaauguuaaac	gguuaagauacugugggacuucaacauccagacgugcauucuucuagcagugaaugguugguuuuguugucucgcucaauguuaaac	scaffold6:4906968..4907055:-	PL2	scaffold6	-	4906968	4907055
scaffold6_537735	81.8	73 +/- 3%	-	169	160	8	1	no	-	-	-	-	cggguuugaaugucucgucaucu	ugauugaagcauacugccucgguaga	cggguuugaaugucucgucaucugaccaccgaugagaaacuuugcgucggccuuugaaaugauugaagcauacugccucgguaga	scaffold6:11942671..11942756:-	SMA3	scaffold6	-	11942671	11942756
scaffold6_559587	110.3	58 +/- 3%	-	225	218	6	1	no	-	-	-	-	cggguuugaaugucucgucaucu	ugauugaagcauacugccucggu	cggguuugaaugucucgucaucugaccaccgaugagaaacuuugcgucggccuuugaaaugauugaagcauacugccucggu	scaffold6:11942674..11942756:-	AMP3	scaffold6	-	11942674	11942756
scaffold6_801271	116.9	48 +/- 4%	-	238	204	33	1	no	-	-	-	-	cggguuugaaugucucgucaucu	ugauugaagcauacugccucg	cggguuugaaugucucgucaucugaccaccgaugagaaacuuugcgucggccuuugaaaugauugaagcauacugccucg	scaffold6:11942676..11942756:-	PH2	scaffold6	-	11942676	11942756
scaffold6_871057	57.3	74 +/- 4%	-	121	116	4	1	no	-	-	-	-	cggguuugaaugucucgucaucu	ugauugaagcauacugcc	cggguuugaaugucucgucaucugaccaccgaugagaaacuuugcgucggccuuugaaaugauugaagcauacugcc	scaffold6:11942679..11942756:-	GA2	scaffold6	-	11942679	11942756
scaffold6_390068	592.2	72 +/- 3%	-	1169	1153	0	16	yes	-	-	-	-	ugauacgauaguuucuaguaga	accuaguacuauugcaugauac	ugauacgauaguuucuaguagauuaauauucaccuaguacuauugcaugauac	scaffold6:20350262..20350315:-	IST2	scaffold6	-	20350262	20350315
scaffold6_591200	534.2	87 +/- 2%	-	1054	1049	0	5	yes	-	-	-	-	ugauacgauaguuucuaguaga	accuaguacuauugcaugauac	ugauacgauaguuucuaguagauuaauauucaccuaguacuauugcaugauac	scaffold6:20350262..20350315:-	HL3	scaffold6	-	20350262	20350315
scaffold6_584582	2719.3	86 +/- 2%	-	5360	5359	0	1	no	-	-	-	-	uagcaauucaguuuuagagagag	uugcucuuaacguggcuuguuug	uagcaauucaguuuuagagagagauuuuguucuugcucuuaacguggcuuguuug	scaffold6:21545378..21545433:-	PH1	scaffold6	-	21545378	21545433
scaffold6_599506	7635.5	67 +/- 3%	-	15003	15002	0	1	no	-	-	-	-	uagcaauucaguuuuagagagag	uugcucuuaacguggcuuguu	uagcaauucaguuuuagagagagauuuuguucuugcucuuaacguggcuuguu	scaffold6:21545380..21545433:-	AMP2	scaffold6	-	21545380	21545433
scaffold6_390853	95.6	72 +/- 3%	-	190	163	0	27	yes	-	-	-	-	uuuuucauugacguaugcucgg	uaguguguauccuugcagaaccu	uaguguguauccuugcagaaccuuauaugguuuuucauugacguaugcucgg	scaffold6:22901433..22901485:-	IST2	scaffold6	-	22901433	22901485
scaffold6_808127	11.9	48 +/- 4%	-	26	25	0	1	yes	-	-	-	-	uuuuucauugacguaugcucgg	uaguguguauccuugcagaacc	uaguguguauccuugcagaaccuuauaugguuuuucauugacguaugcucgg	scaffold6:22901433..22901485:-	PH2	scaffold6	-	22901433	22901485
scaffold6_592353	34.9	87 +/- 2%	-	71	56	0	15	yes	-	-	-	-	uuuuucauugacguaugcucgg	uaguguguauccuugcagaaccu	uaguguguauccuugcagaaccuuauaugguuuuucauugacguaugcucgg	scaffold6:22901433..22901485:-	HL3	scaffold6	-	22901433	22901485
scaffold6_894343	119.5	74 +/- 4%	-	233	231	0	2	yes	-	-	-	-	auaccggagguauggcucuau	ugagacaugccugcgguauagc	ugagacaugccugcgguauagccuuuacccaauaucuaguugcuauaccggagguauggcucuau	scaffold6:53017420..53017485:-	GA2	scaffold6	-	53017420	53017485
scaffold6_791073	34.9	78 +/- 3%	-	67	65	0	2	yes	-	-	-	-	auaccggagguauggcucuau	ugagacaugccugcgguauagc	ugagacaugccugcgguauagccuuuacccaauaucuaguugcuauaccggagguauggcucuau	scaffold6:53017420..53017485:-	PL2	scaffold6	-	53017420	53017485
scaffold6_478608	24.3	68 +/- 3%	-	64	36	0	28	no	-	-	-	-	gauguagauaggcuguacaug	cuagcagcagagagagcauuc	cuagcagcagagagagcauucaacuuaaauggagauguagauaggcuguacaug	scaffold6:54624588..54624642:-	IST1	scaffold6	-	54624588	54624642
scaffold6_760997	13.7	72 +/- 3%	-	60	38	0	22	no	-	-	-	-	gauguagauaggcuguacaug	cuagcagcagagagagcauu	cuagcagcagagagagcauucaacuuaaauggagauguagauaggcuguacaug	scaffold6:54624588..54624642:-	SMA1	scaffold6	-	54624588	54624642
scaffold6_683555	1187.0	77 +/- 3%	-	2381	2380	0	1	no	-	-	-	-	uaguguguaucuuugaggaa	guucauuguuguaugcuuggg	uaguguguaucuuugaggaacuuuauauuguuguguucauuguuguaugcuuggg	scaffold6:55010462..55010517:-	PDi1	scaffold6	-	55010462	55010517
scaffold6_823363	162.9	48 +/- 4%	-	379	378	0	1	no	-	-	-	-	uaguguguaucuuugaggaa	uguucauuguuguaugcuug	uaguguguaucuuugaggaacuuuauauuguuguguucauuguuguaugcuug	scaffold6:55010464..55010517:-	PH2	scaffold6	-	55010464	55010517
scaffold6_794049	34.5	78 +/- 3%	-	81	79	0	2	no	-	-	-	-	uccauuggucuguguggaucc	guccacacucccgauugugg	uccauuggucuguguggauccuauacuaccacuucucaaguccacacucccgauugugg	scaffold6:58959236..58959295:-	PL2	scaffold6	-	58959236	58959295
scaffold6_512977	31.4	90 +/- 2%	-	75	71	0	4	no	-	-	-	-	uccauuggucuguguggaucc	guccacacucccgauugug	uccauuggucuguguggauccuauacuaccacuucucaaguccacacucccgauugug	scaffold6:58959237..58959295:-	HL1	scaffold6	-	58959237	58959295
scaffold6_873927	65.0	67 +/- 3%	-	141	139	0	2	no	-	-	-	-	uccauuggucuguguggaucc	guccacacucccgauugug	uccauuggucuguguggauccuauacuaccacuucucaaguccacacucccgauugug	scaffold6:58959237..58959295:-	PDii1	scaffold6	-	58959237	58959295
scaffold6_685187	25.8	77 +/- 3%	-	64	62	0	2	no	-	-	-	-	uccauuggucuguguggaucc	guccacacucccgauugu	uccauuggucuguguggauccuauacuaccacuucucaaguccacacucccgauugu	scaffold6:58959238..58959295:-	PDi1	scaffold6	-	58959238	58959295
scaffold6_824151	36.0	76 +/- 4%	-	84	78	0	6	no	-	-	-	-	uccauuggucuguguggaucc	guccacacucccgauugu	uccauuggucuguguggauccuauacuaccacuucucaaguccacacucccgauugu	scaffold6:58959238..58959295:-	EC3	scaffold6	-	58959238	58959295
scaffold6_897663	38.0	74 +/- 4%	-	88	85	0	3	no	-	-	-	-	uccauuggucuguguggaucc	guccacacucccgauugu	uccauuggucuguguggauccuauacuaccacuucucaaguccacacucccgauugu	scaffold6:58959238..58959295:-	GA2	scaffold6	-	58959238	58959295
scaffold6_1025007	44.1	70 +/- 3%	-	100	96	0	4	no	-	-	-	-	uccauuggucuguguggaucc	guccacacucccgauugu	uccauuggucuguguggauccuauacuaccacuucucaaguccacacucccgauugu	scaffold6:58959238..58959295:-	DI2	scaffold6	-	58959238	58959295
scaffold6_502226	14382.4	67 +/- 3%	-	28214	24105	0	4109	yes	-	-	-	-	uucuucauugauguaugcuuug	uaguuuauaucuuugaagaacc	uaguuuauaucuuugaagaaccuuguuaugguucuucauugauguaugcuuug	scaffold6:70619219..70619272:-	IST3	scaffold6	-	70619219	70619272
scaffold6_581430	15946.5	58 +/- 3%	-	31282	27417	0	3865	yes	-	-	-	-	uucuucauugauguaugcuuug	uaguuuauaucuuugaagaacc	uaguuuauaucuuugaagaaccuuguuaugguucuucauugauguaugcuuug	scaffold6:70619219..70619272:-	AMP3	scaffold6	-	70619219	70619272
scaffold6_503467	99.1	67 +/- 3%	-	216	134	70	12	no	-	-	-	-	ugauaaaagucgauagugug	acuaaaacuagucgaauagcu	ugauaaaagucgauagugugaacauucuaucugcuuuuuuaucagcugauaaaagucgauagucugaacaguacuaaaacuagucgaauagcu	scaffold6:74833246..74833339:-	IST3	scaffold6	-	74833246	74833339
scaffold6_634307	29.7	87 +/- 2%	-	80	59	20	1	no	-	-	-	-	ugauaaaagucgauagugug	acuaaaacuagucgaauagcu	ugauaaaagucgauagugugaacauucuaucugcuuuuuuaucagcugauaaaagucgauagucugaacaguacuaaaacuagucgaauagcu	scaffold6:74833246..74833339:-	HL2	scaffold6	-	74833246	74833339
scaffold6_883934	264.6	67 +/- 3%	-	612	594	1	17	no	-	-	-	-	uuagauacuguauuccaaacgcc	cuguuuaugaagucuuuauaaca	uuagauacuguauuccaaacgccaucuugcgaaccuugcuguuuaugaagucuuuauaaca	scaffold6:77739372..77739433:-	PDii1	scaffold6	-	77739372	77739433
scaffold6_847264	244.4	74 +/- 4%	-	580	565	2	13	no	-	-	-	-	uuagauacuguauuccaaacgcc	cuguuuaugaagucuuuauaaca	uuagauacuguauuccaaacgccaucuugcgaaccuugcuguuuaugaagucuuuauaaca	scaffold6:77739372..77739433:-	DI3	scaffold6	-	77739372	77739433
scaffold6_864240	682.1	76 +/- 2%	-	1335	1305	0	30	yes	-	-	-	-	caucaaaagguucucgucug	gacgagcaucuuuuugacgua	gacgagcaucuuuuugacguauaucaaaugauauacaucaaaagguucucgucug	scaffold6:95998663..95998718:-	PL1	scaffold6	-	95998663	95998718
scaffold6_509960	388.0	67 +/- 3%	-	758	749	0	9	yes	-	-	-	-	caucaaaagguucucgucug	agacgagcaucuuuuugacgua	agacgagcaucuuuuugacguauaucaaaugauauacaucaaaagguucucgucug	scaffold6:95998663..95998719:-	IST3	scaffold6	-	95998663	95998719
scaffold6_952128	90.2	70 +/- 4%	-	270	269	0	1	no	-	-	-	-	guguguguguugugugua	uuacaaauauaauaaauau	uuacaaauauaauaaauauuuauauaauauuaaaauguguguguguugugugua	scaffold6:100530782..100530836:-	EC2	scaffold6	-	100530782	100530836
scaffold6_703090	5.1	77 +/- 3%	-	103	102	0	1	no	-	-	-	-	guguguguguugugugua	uuacaaauauaauaaauau	uuacaaauauaauaaauauuuauauaauauuaaaauguguguguguugugugua	scaffold6:100530782..100530836:-	PDi1	scaffold6	-	100530782	100530836
scaffold6_896844	72.4	67 +/- 3%	-	235	233	0	2	no	-	-	-	-	guguguguguugugugua	auuuacaaauauaauaaau	auuuacaaauauaauaaauauuuauauaauauuaaaauguguguguguugugugua	scaffold6:100530782..100530838:-	PDii1	scaffold6	-	100530782	100530838
scaffold6_632360	150.9	60 +/- 3%	-	389	388	0	1	no	-	-	-	-	uguguguguguugugugu	uuacaaauauaauaaauau	uuacaaauauaauaaauauuuauauaauauuaaaauguguguguguugugugu	scaffold6:100530783..100530836:-	AMP1	scaffold6	-	100530783	100530836
scaffold7_871818	76.9	76 +/- 2%	-	189	184	0	5	no	-	-	-	-	uagauguaguuuuuaauuugg	cgaaugaacuaggugcggagu	uagauguaguuuuuaauuuggaaucgaaugaacuaggugcggagu	scaffold7:587..632:+	PL1	scaffold7	+	587	632
scaffold7_851203	148.6	48 +/- 4%	-	317	315	1	1	no	-	-	-	-	uagauguaguuuuuaauuug	gauaaaaacucguugagaua	uagauguaguuuuuaauuuggaaucgaaugaacuaggugcggaguccauaggauaaaaacucguugagaua	scaffold7:587..658:+	PH2	scaffold7	+	587	658
scaffold7_707985	67.7	77 +/- 3%	-	138	117	0	21	no	-	-	-	-	ugcagucaaagugagcucuaggg	ugagcagcuuggccuggcgcacu	ugagcagcuuggccuggcgcacugugcagucaaagugagcucuaggg	scaffold7:393403..393450:+	PDi1	scaffold7	+	393403	393450
scaffold7_495765	290.5	68 +/- 3%	-	576	555	0	21	no	-	-	-	-	ugcagucaaagugagcucuaggg	ugagcagcuuggccuggcgcacu	ugagcagcuuggccuggcgcacugugcagucaaagugagcucuaggg	scaffold7:393403..393450:+	IST1	scaffold7	+	393403	393450
scaffold7_501629	3.2	69 +/- 3%	-	108	56	38	14	yes	-	-	-	-	uuuagacgugacauucgcucg	ugagcgaaugucacgucuaaac	ugagcgaaugucacgucuaaacacucaaaacacgcgacauucucuacuugaaugucgcguguuuugggcguuuagacgugacauucgcucg	scaffold7:12548368..12548459:+	IST1	scaffold7	+	12548368	12548459
scaffold7_1071330	76.4	70 +/- 3%	-	145	55	31	59	yes	-	-	-	-	ugagcgaaugucacgucuaaac	gacgugacauucgcucguug	ugagcgaaugucacgucuaaacacucaaaacacgcgacauucucuacuugaaugucgcguguuuugggcguuuagacgugacauucgcucguug	scaffold7:12548368..12548462:+	DI2	scaffold7	+	12548368	12548462
scaffold7_502851	2.5	74 +/- 2%	-	120	119	0	1	yes	-	-	-	-	gcaacaucacuuguaagcuug	uuacagaugauguuugcaaccuu	uuacagaugauguuugcaaccuuugcaacaucacuuguaagcuug	scaffold7:15441973..15442018:+	IST1	scaffold7	+	15441973	15442018
scaffold7_644179	2.5	68 +/- 2%	-	107	103	0	4	yes	-	-	-	-	gcaacaucacuuguaagcuug	uuacagaugauguuugcaaccuuu	uuacagaugauguuugcaaccuuugcaacaucacuuguaagcuug	scaffold7:15441973..15442018:+	AMP1	scaffold7	+	15441973	15442018
scaffold7_787512	37.5	76 +/- 3%	-	128	120	2	6	no	-	-	-	-	cccuucacucguuuuucaau	aaagaaaacgccgcugaagcucu	cccuucacucguuuuucaaucguucuuguauugcugcugauuacaucuugacucucaaccuuccaacagucauugcucaacaaagaaaacgccgcugaagcucu	scaffold7:38670794..38670898:+	PDi3	scaffold7	+	38670794	38670898
scaffold7_929850	91.1	67 +/- 3%	-	233	216	12	5	no	-	-	-	-	cccuucacucguuuuucaau	aaagaaaacgccgcugaagcucu	cccuucacucguuuuucaaucguucuuguauugcugcugauuacaucuugacucucaaccuuccaacagucauugcucaacaaagaaaacgccgcugaagcucu	scaffold7:38670794..38670898:+	PDii1	scaffold7	+	38670794	38670898
scaffold7_651048	859.4	67 +/- 3%	-	1740	1717	17	6	no	-	-	-	-	ccuucacucguuuuucaaucg	caaagaaaacgccgcugaagc	ccuucacucguuuuucaaucguucuuguauugcugcugauuacaucuugacucucaaccuuccaacagucauugcucaacaaagaaaacgccgcugaagc	scaffold7:38670795..38670895:+	AMP2	scaffold7	+	38670795	38670895
scaffold7_510592	469.3	68 +/- 3%	-	975	954	20	1	no	-	-	-	-	cuucacucguuuuucaaucg	aaagaaaacgccgcugaagcuc	cuucacucguuuuucaaucguucuuguauugcugcugauuacaucuugacucucaaccuuccaacagucauugcucaacaaagaaaacgccgcugaagcuc	scaffold7:38670796..38670897:+	IST1	scaffold7	+	38670796	38670897
scaffold7_847574	1.5	79 +/- 2%	-	411	380	0	31	yes	-	-	-	-	uuugaaagcgcguuucugg	uggcgcgaggaauggacu	uuugaaagcgcguuucuggaaacguuccguguaguggaacaaagcacgaggaagcguagaggggaauggcgcgaggaauggacu	scaffold7:43658688..43658772:+	PL2	scaffold7	+	43658688	43658772
scaffold7_653434	1.6	76 +/- 2%	-	1092	847	6	239	yes	-	-	-	-	uuugaaagcgcguuucugg	gaauggcgcgaggaauggacu	uuugaaagcgcguuucuggaaacguuccguguaguggaacaaagcacgaggaagcguagaggggaauggcgcgaggaauggacu	scaffold7:43658688..43658772:+	AMP2	scaffold7	+	43658688	43658772
scaffold7_883518	2.3	50 +/- 3%	-	103	101	0	2	yes	-	-	-	-	gcaguaaugauguuaguagaga	ugcuggcaucauuacuguuc	gcaguaaugauguuaguagagacgauucugcugcagaauguguagcugcuggcaucauuacuguuc	scaffold7:48497051..48497117:+	PH2	scaffold7	+	48497051	48497117
scaffold7_529166	2.3	80 +/- 2%	-	120	111	8	1	yes	-	-	-	-	gcaguaaugauguuaguagag	gcuggcaucauuacuguucu	gcaguaaugauguuaguagagacgauucugcugcagaauguguagcugcuggcaucauuacuguucu	scaffold7:48497051..48497118:+	SMA2	scaffold7	+	48497051	48497118
scaffold7_734798	208.5	77 +/- 3%	-	406	393	6	7	yes	-	-	-	-	gcaguaaugauguuaguagag	ugcuggcaucauuacuguucu	gcaguaaugauguuaguagagacgauucugcugcagaauguguagcugcuggcaucauuacuguucu	scaffold7:48497051..48497118:+	PDi1	scaffold7	+	48497051	48497118
scaffold7_896814	2.3	74 +/- 3%	-	231	224	4	3	yes	-	-	-	-	gcaguaaugauguuaguagaga	ugcuggcaucauuacuguucu	gcaguaaugauguuaguagagacgauucugcugcagaauguguagcugcuggcaucauuacuguucu	scaffold7:48497051..48497118:+	DI3	scaffold7	+	48497051	48497118
scaffold7_648386	2.3	87 +/- 2%	-	252	247	2	3	yes	-	-	-	-	gcaguaaugauguuaguagaga	ugcuggcaucauuacuguucuu	gcaguaaugauguuaguagagacgauucugcugcagaauguguagcugcuggcaucauuacuguucuu	scaffold7:48497051..48497119:+	HL3	scaffold7	+	48497051	48497119
scaffold7_655356	2.3	73 +/- 2%	-	305	293	6	6	yes	-	-	-	-	gcaguaaugauguuaguagaga	cuggcaucauuacuguucuuc	gcaguaaugauguuaguagagacgauucugcugcagaauguguagcugcuggcaucauuacuguucuuc	scaffold7:48497051..48497120:+	AMP2	scaffold7	+	48497051	48497120
scaffold7_427744	2.3	76 +/- 2%	-	449	443	5	1	yes	-	-	-	-	gcaguaaugauguuaguagag	cuggcaucauuacuguucuuc	gcaguaaugauguuaguagagacgauucugcugcagaauguguagcugcuggcaucauuacuguucuuc	scaffold7:48497051..48497120:+	IST2	scaffold7	+	48497051	48497120
scaffold7_972358	2.3	73 +/- 2%	-	632	622	2	8	yes	-	-	-	-	gcaguaaugauguuaguagaga	ggcaucauuacuguucuuca	gcaguaaugauguuaguagagacgauucugcugcagaauguguagcugcuggcaucauuacuguucuuca	scaffold7:48497051..48497121:+	PDii2	scaffold7	+	48497051	48497121
scaffold7_675923	334.9	87 +/- 2%	-	654	648	0	6	yes	-	-	-	-	caucaaaagguucucgucug	agacgagcaucuuuuugacgu	agacgagcaucuuuuugacguauaucaaaugauauacaucaaaagguucucgucug	scaffold7:54508567..54508623:+	HL2	scaffold7	+	54508567	54508623
scaffold7_908309	682.2	76 +/- 2%	-	1335	1305	0	30	yes	-	-	-	-	caucaaaagguucucgucug	gacgagcaucuuuuugacgua	gacgagcaucuuuuugacguauaucaaaugauauacaucaaaagguucucgucug	scaffold7:54508568..54508623:+	PL1	scaffold7	+	54508568	54508623
scaffold7_655250	15.8	86 +/- 2%	-	27	21	0	6	yes	-	-	-	-	acaacgcuaauuaucucgggu	cccgagauaauuagcguugug	acaacgcuaauuaucucgggugguuagacccgagauaauuagcguugug	scaffold7:81335730..81335779:+	PH1	scaffold7	+	81335730	81335779
scaffold7_523414	14.3	68 +/- 3%	-	24	16	0	8	yes	-	-	-	-	acaacgcuaauuaucucgggu	ccgagauaauuagcguuguga	acaacgcuaauuaucucgggugguuagacccgagauaauuagcguuguga	scaffold7:81335730..81335780:+	IST1	scaffold7	+	81335730	81335780
scaffold7_628864	11.7	58 +/- 3%	-	19	14	0	5	yes	-	-	-	-	acaacgcuaauuaucucgggu	ccgagauaauuagcguugugacgu	acaacgcuaauuaucucgggugguuagacccgagauaauuagcguugugacgu	scaffold7:81335730..81335783:+	AMP3	scaffold7	+	81335730	81335783
scaffold7_917730	497.9	69 +/- 3%	-	974	973	0	1	yes	-	-	-	-	caucaaaagguucucgucug	ugacgaucaucuuuuugacgu	ugacgaucaucuuuuugacguauaucaaaugauauacaucaaaagguucucgucug	scaffold7:94549449..94549505:+	PDii3	scaffold7	+	94549449	94549505
scaffold7_755960	282.3	77 +/- 3%	-	551	550	0	1	yes	-	-	-	-	caucaaaagguucucgucug	ugacgaucaucuuuuugacgua	ugacgaucaucuuuuugacguauaucaaaugauauacaucaaaagguucucgucug	scaffold7:94549449..94549505:+	PDi1	scaffold7	+	94549449	94549505
scaffold7_674637	1985.1	67 +/- 3%	-	3961	1144	2813	4	no	-	-	-	-	cauuccauucugcuugacaag	uuucacucggauaguaaugaucc	uuucacucggauaguaaugauccuuguuguauuaucuuucuugacaucucaaaagcguuugaucgucuccuucauuccauucugcuugacaag	scaffold7:99021174..99021267:+	AMP2	scaffold7	+	99021174	99021267
scaffold7_439872	634.5	72 +/- 3%	-	1305	420	878	7	no	-	-	-	-	cauuccauucugcuugacaag	ucacucggauaguaaugaucc	ucacucggauaguaaugauccuuguuguauuaucuuucuugacaucucaaaagcguuugaucgucuccuucauuccauucugcuugacaag	scaffold7:99021176..99021267:+	IST2	scaffold7	+	99021176	99021267
scaffold7_993635	30.7	74 +/- 4%	-	72	70	1	1	no	-	-	-	-	cgcuuauugaccgucuuguagca	guccaagaucauggugugaug	cgcuuauugaccgucuuguagcagauuuuccgcaaguauuuaguacggaggagauguccaagaucauggugugaug	scaffold7:362206..362282:-	GA2	scaffold7	-	362206	362282
scaffold7_819055	85.2	76 +/- 3%	-	179	177	0	2	no	-	-	-	-	cgcuuauugaccgucuuguagc	ccaagaucauggugugaug	cgcuuauugaccgucuuguagcagauuuuccgcaaguauuuaguacggaggagauguccaagaucauggugugaug	scaffold7:362206..362282:-	PDi3	scaffold7	-	362206	362282
scaffold7_819105	83.6	76 +/- 3%	-	179	177	0	2	no	-	-	-	-	cgcuuauugaccgucuuguagc	ccaagaucauggugugaug	cgcuuauugaccgucuuguagcagauuuuccgcaaguauuuaguacggagagauguccaagaucauggugugaug	scaffold7:385179..385254:-	PDi3	scaffold7	-	385179	385254
scaffold7_993681	29.1	74 +/- 4%	-	72	70	1	1	no	-	-	-	-	cgcuuauugaccgucuuguagca	guccaagaucauggugugaug	cgcuuauugaccgucuuguagcagauuuuccgcaaguauuuaguacggagagauguccaagaucauggugugaug	scaffold7:385179..385254:-	GA2	scaffold7	-	385179	385254
scaffold7_843394	221.1	72 +/- 3%	-	456	454	0	2	no	-	-	-	-	aggaccaaguagacaagugcu	ugcuaaaaucaagaugguug	ugcuaaaaucaagaugguugaccgaggaccaaguagacaagugcu	scaffold7:870509..870554:-	SMA1	scaffold7	-	870509	870554
scaffold7_678859	2933.5	60 +/- 3%	-	5789	5677	0	112	no	-	-	-	-	aggaccaaguagacaagugcu	gugcuaaaaucaagaugguug	gugcuaaaaucaagaugguugaccgaggaccaaguagacaagugcu	scaffold7:870509..870555:-	AMP1	scaffold7	-	870509	870555
scaffold7_613889	301.5	73 +/- 3%	-	626	259	339	28	no	-	-	-	-	ucuacugacacuuaugagucu	uccucauuuucuuguuugug	uccucauuuucuuguuuguggugccuucaaucuuccuaaugucugcuggaaugcgcucgacucuacugacacuuaugagucu	scaffold7:1495834..1495916:-	SMA3	scaffold7	-	1495834	1495916
scaffold7_529133	1901.3	68 +/- 3%	-	3764	1393	2084	287	no	-	-	-	-	ucuacugacacuuaugagucu	uccucauuuucuuguuugug	uccucauuuucuuguuuguggugccuucaaucuuccuaaugucugcuggaaugcgcucgacucuacugacacuuaugagucu	scaffold7:1495834..1495916:-	IST1	scaffold7	-	1495834	1495916
scaffold7_679159	1163.1	60 +/- 3%	-	2316	637	1327	352	no	-	-	-	-	ucuacugacacuuaugagucu	guccucauuuucuuguuugug	guccucauuuucuuguuuguggugccuucaaucuuccuaaugucugcuggaaugcgcucgacucuacugacacuuaugagucu	scaffold7:1495834..1495917:-	AMP1	scaffold7	-	1495834	1495917
scaffold7_810524	37.0	76 +/- 4%	-	103	94	0	9	no	-	-	-	-	uuguaaauuucuuugauggaagg	cuauaaaacccacaggaagaaacga	uuguaaauuucuuugauggaaggucaacucacauuuauguuguaccuauaaaacccacaggaagaaacga	scaffold7:3456278..3456348:-	GA1	scaffold7	-	3456278	3456348
scaffold7_1006734	12.0	72 +/- 3%	-	54	51	0	3	no	-	-	-	-	uuguaaauuucuuugauggaagg	cuauaaaacccacaggaagaaac	uuguaaauuucuuugauggaaggucaacucacauuuauguuguaccuauaaaacccacaggaagaaac	scaffold7:3456280..3456348:-	PDii2	scaffold7	-	3456280	3456348
scaffold7_878420	45.6	76 +/- 4%	-	120	115	0	5	no	-	-	-	-	uuguaaauuucuuugauggaagg	uauaaaacccacaggaag	uuguaaauuucuuugauggaaggucaacucacauuuauguuguaccuauaaaacccacaggaag	scaffold7:3456284..3456348:-	EC1	scaffold7	-	3456284	3456348
scaffold7_945112	681.0	76 +/- 2%	-	1333	1305	0	28	yes	-	-	-	-	caucaaaagguucucgucug	gacgagcaucuuuuugacgua	gacgagcaucuuuuugacguauaccaaaugauauacaucaaaagguucucgucug	scaffold7:14193417..14193472:-	PL1	scaffold7	-	14193417	14193472
scaffold7_768175	286.8	77 +/- 3%	-	569	550	0	19	yes	-	-	-	-	caucaaaagguucucgucug	agacgagcaucuuuuugacgua	agacgagcaucuuuuugacguauaccaaaugauauacaucaaaagguucucgucug	scaffold7:14193417..14193473:-	PDi1	scaffold7	-	14193417	14193473
scaffold7_555006	387.8	67 +/- 3%	-	758	749	0	9	yes	-	-	-	-	caucaaaagguucucgucug	agacgagcaucuuuuugacgua	agacgagcaucuuuuugacguauaccaaaugauauacaucaaaagguucucgucug	scaffold7:14193417..14193473:-	IST3	scaffold7	-	14193417	14193473
scaffold7_682821	558.9	67 +/- 3%	-	1094	1077	0	17	yes	-	-	-	-	caucaaaagguucucgucug	agacgagcaucuuuuugacgua	agacgagcaucuuuuugacguauaccaaaugauauacaucaaaagguucucgucug	scaffold7:14193417..14193473:-	AMP2	scaffold7	-	14193417	14193473
scaffold7_556731	146.5	67 +/- 3%	-	300	287	2	11	no	-	-	-	-	aucacgucagggucacca	ugauucuagcgaacaagaga	aucacgucagggucaccauguagaaucacuggggugauucuagcgaacaagaga	scaffold7:19671868..19671922:-	IST3	scaffold7	-	19671868	19671922
scaffold7_895981	160.3	75 +/- 3%	-	327	300	1	26	no	-	-	-	-	aucacgucagggucacca	ugauucuagcgaacaagag	aucacgucagggucaccauguagaaucacuggggugauucuagcgaacaagag	scaffold7:19671869..19671922:-	PDi2	scaffold7	-	19671869	19671922
scaffold7_971345	40.5	75 +/- 2%	-	92	78	0	14	no	-	-	-	-	uccucguggugauuggacgugguuc	uugacgucaucaucuucccg	uccucguggugauuggacgugguucuauugacgucaucaucuucccg	scaffold7:23561700..23561747:-	PL3	scaffold7	-	23561700	23561747
scaffold7_496479	80.3	89 +/- 2%	-	170	139	0	31	no	-	-	-	-	uccucguggugauuggacgugguuc	uugacgucaucaucuucccg	uccucguggugauuggacgugguucuauugacgucaucaucuucccg	scaffold7:23561700..23561747:-	PH3	scaffold7	-	23561700	23561747
scaffold7_942065	41.4	74 +/- 4%	-	83	75	7	1	yes	-	-	-	-	ugguuucuuaucuuaauugg	auuauagcgaacaaugug	auuauagcgaacaaugugauaggauaauuuugaaauaauuugaauuccuccaaugugguuucuuaucuuaauugg	scaffold7:23572495..23572570:-	DI3	scaffold7	-	23572495	23572570
scaffold7_577905	33.7	90 +/- 2%	-	68	58	4	6	yes	-	-	-	-	ugguuucuuaucuuaauugg	auuauagcgaacaaugug	auuauagcgaacaaugugauaggauaauuuugaaauaauuugaauuccuccaaugugguuucuuaucuuaauugg	scaffold7:23572495..23572570:-	HL1	scaffold7	-	23572495	23572570
scaffold7_544530	1916.2	68 +/- 3%	-	3771	2759	1010	2	no	-	-	-	-	ucuugauucguuauuaccgcc	gccguaauacgccucgccguc	ucuugauucguuauuaccgccucucugacgaugagcgcaaaucuuuuggccuucguccccgccgccguaauacgccucgccguc	scaffold7:41977866..41977950:-	IST1	scaffold7	-	41977866	41977950
scaffold7_654376	2062.7	58 +/- 3%	-	4058	3159	898	1	no	-	-	-	-	ucuugauucguuauuaccgcc	gccguaauacgccucgccguc	ucuugauucguuauuaccgccucucugacgaugagcgcaaaucuuuuggccuucguccccgccgccguaauacgccucgccguc	scaffold7:41977866..41977950:-	AMP3	scaffold7	-	41977866	41977950
scaffold7_949098	31.0	69 +/- 3%	-	102	100	0	2	no	-	-	-	-	guguauguguguuguguu	uauaauaaauauauauauaaua	uauaauaaauauauauauaauauaaaauguguguauguguguuguguu	scaffold7:43015247..43015295:-	PDii3	scaffold7	-	43015247	43015295
scaffold7_1023426	38.2	74 +/- 4%	-	116	115	0	1	no	-	-	-	-	guguauguguguuguguu	uauaauaaauauauauauaau	uauaauaaauauauauauaauauaaaauguguguauguguguuguguu	scaffold7:43015247..43015295:-	GA2	scaffold7	-	43015247	43015295
scaffold7_938298	47.4	76 +/- 4%	-	134	133	0	1	no	-	-	-	-	guguauguguguuguguu	uauaauaaauauauauauaaua	uauaauaaauauauauauaauauaaaauguguguauguguguuguguu	scaffold7:43015247..43015295:-	EC3	scaffold7	-	43015247	43015295
scaffold7_844072	39.9	76 +/- 3%	-	112	111	0	1	yes	-	-	-	-	guguauguguguuguguu	uauaauaaauauauauauaau	uauaauaaauauauauauaauauaaaauguguguauguguguuguguu	scaffold7:43015247..43015295:-	PDi3	scaffold7	-	43015247	43015295
scaffold7_951991	26.6	69 +/- 3%	-	53	23	0	30	yes	-	-	-	-	cuuuccaaauauuuggcaauu	ugccaaauauuuggaaucgau	ugccaaauauuuggaaucgauuugcaaauccuuuccaaauauuuggcaauu	scaffold7:48464217..48464268:-	PDii3	scaffold7	-	48464217	48464268
scaffold7_1171219	40.6	70 +/- 3%	-	80	42	0	38	yes	-	-	-	-	cuuuccaaauauuuggcaauu	uuugccaaauauuuggaaucga	uuugccaaauauuuggaaucgauuugcaaauccuuuccaaauauuuggcaauu	scaffold7:48464217..48464270:-	DI2	scaffold7	-	48464217	48464270
scaffold7_564505	12.6	79 +/- 3%	-	25	9	0	16	yes	-	-	-	-	ccuuuccaaauauuuggcaau	uuugccaaauauuuggaaucga	uuugccaaauauuuggaaucgauuugcaaauccuuuccaaauauuuggcaau	scaffold7:48464218..48464270:-	SMA2	scaffold7	-	48464218	48464270
scaffold7_1044964	1070.7	72 +/- 3%	-	2101	2092	0	9	yes	-	-	-	-	aguaguaguaguaguagu	uaguaguaguaguaguauu	aguaguaguaguaguaguaguaguaguaguaguaguaguaguaguaguaguaguaguaguaguaguaguaguauu	scaffold7:56867141..56867216:-	PDii2	scaffold7	-	56867141	56867216
scaffold7_911418	740.9	76 +/- 4%	-	1455	1453	0	2	yes	-	-	-	-	aguaguaguaguaguagu	uaguaguaguaguaguaguau	aguaguaguaguaguaguaguaguaguaguaguaguaguaguaguaguaguaguaguaguaguaguaguau	scaffold7:56867142..56867213:-	EC1	scaffold7	-	56867142	56867213
scaffold7_996600	2.1	75 +/- 2%	-	146	137	0	9	yes	-	-	-	-	uuguuacuauuuaucggccaga	uggggcggcguguagcauugcug	uggggcggcguguagcauugcugguauuuguuacuauuuaucggccaga	scaffold7:62573846..62573895:-	PL3	scaffold7	-	62573846	62573895
scaffold7_1035688	1.8	76 +/- 3%	-	173	162	0	11	yes	-	-	-	-	uguuacuauuuaucggccaga	uggggcggcguguagcauug	uggggcggcguguagcauugcugguauuuguuacuauuuaucggccaga	scaffold7:62573846..62573895:-	GA2	scaffold7	-	62573846	62573895
scaffold7_1016984	17.8	67 +/- 3%	-	36	18	0	18	yes	-	-	-	-	cauauauauauauauauaua	guguguguguguguuuaaag	cauauauauauauauauauauauuuguguguguguguguuuaaag	scaffold7:77832000..77832045:-	PDii1	scaffold7	-	77832000	77832045
scaffold7_983124	11.7	76 +/- 2%	-	24	19	0	5	yes	-	-	-	-	cauauauauauauauauaua	guguguguguguguuuaaa	cauauauauauauauauauauauuuguguguguguguguuuaaa	scaffold7:77832001..77832045:-	PL1	scaffold7	-	77832001	77832045
scaffold7_1029556	17.3	75 +/- 3%	-	42	25	12	5	no	-	-	-	-	guggauugcaucacaagacuuucgg	uaaagugguauggugcacagaga	guggauugcaucacaagacuuucggcuacuugagaacuggccgggaaacuccccaggccucaacgucauagaaaauuaaagugguauggugcacagaga	scaffold7:79313906..79314005:-	DI1	scaffold7	-	79313906	79314005
scaffold7_852916	16.7	76 +/- 4%	-	41	34	4	3	no	-	-	-	-	guggauugcaucacaagacuuuc	uaaagugguauggugcacag	guggauugcaucacaagacuuucggcuacuugagaacuggccgggaaacuccccaggccucaacgucauagaaaauuaaagugguauggugcacag	scaffold7:79313909..79314005:-	GA1	scaffold7	-	79313909	79314005
scaffold8_1095567	64.4	70 +/- 4%	-	185	184	0	1	no	-	-	-	-	guguugugugugugugug	uuacaaauauaauaaauau	uuacaaauauaauaaauauauauaauauuaaaauguguaauuguguugugugugugugug	scaffold8:3718430..3718490:+	EC2	scaffold8	+	3718430	3718490
scaffold8_722765	122.5	60 +/- 3%	-	299	298	0	1	no	-	-	-	-	guguugugugugugugug	uuacaaauauaauaaauau	uuacaaauauaauaaauauauauaauauuaaaauguguaauuguguugugugugugugug	scaffold8:3718430..3718490:+	AMP1	scaffold8	+	3718430	3718490
scaffold8_1020738	23.2	75 +/- 2%	-	69	57	0	12	no	-	-	-	-	gcucgaauaaacguuuaucuauc	uacuuguuaauuuuuguauaccc	uacuuguuaauuuuuguauacccgcucgaauaaacguuuaucuauc	scaffold8:4342190..4342236:+	PL3	scaffold8	+	4342190	4342236
scaffold8_1073630	17.9	72 +/- 3%	-	75	66	0	9	no	-	-	-	-	gcucgaauaaacguuuaucuauc	uacuuguuaauuuuuguauaccc	uacuuguuaauuuuuguauacccgcucgaauaaacguuuaucuauc	scaffold8:4342190..4342236:+	PDii2	scaffold8	+	4342190	4342236
scaffold8_983998	163.5	69 +/- 3%	-	391	372	0	19	no	-	-	-	-	acaguuggaauuuauaaacguua	uacuuuauuuuuaucuuuauuuau	acaguuggaauuuauaaacguuauuacuuacuuuauuuuuaucuuuauuuau	scaffold8:5813054..5813106:+	PDii3	scaffold8	+	5813054	5813106
scaffold8_1211112	140.6	70 +/- 3%	-	343	339	0	4	no	-	-	-	-	acaguuggaauuuauaaacguua	cuuuauuuuuaucuuuauuuau	acaguuggaauuuauaaacguuauuacuuacuuuauuuuuaucuuuauuuau	scaffold8:5813054..5813106:+	DI2	scaffold8	+	5813054	5813106
scaffold8_938500	66.2	78 +/- 3%	-	197	194	0	3	no	-	-	-	-	acaguuggaauuuauaaacguua	uacuuuauuuuuaucuuuauuuau	acaguuggaauuuauaaacguuauuacuuacuuuauuuuuaucuuuauuuau	scaffold8:5813054..5813106:+	PL2	scaffold8	+	5813054	5813106
scaffold8_879316	1580.4	76 +/- 3%	-	3107	2214	0	893	yes	-	-	-	-	uguuauuuaauaaucaguggaau	ucugcuauuguuacauaacugc	uguuauuuaauaaucaguggaaucacacauucugcuauuguuacauaacugc	scaffold8:13909118..13909170:+	PDi3	scaffold8	+	13909118	13909170
scaffold8_656936	1591.5	73 +/- 3%	-	3138	2545	0	593	no	-	-	-	-	uguuauuuaauaaucaguggaau	ucugcuauuguuacauaacugc	uguuauuuaauaaucaguggaaucacacauucugcuauuguuacauaacugc	scaffold8:13909118..13909170:+	SMA3	scaffold8	+	13909118	13909170
scaffold8_525368	14.3	89 +/- 2%	-	38	35	0	3	no	-	-	-	-	guucagacuaucgacuuuuauca	uaaaaaagcagauagagu	guucagacuaucgacuuuuaucagcagauaaaaaagcagauagagu	scaffold8:20910753..20910799:+	PH3	scaffold8	+	20910753	20910799
scaffold8_817588	62.3	77 +/- 3%	-	134	129	0	5	no	-	-	-	-	guucagacuaucgacuuuuauca	uaaaaaagcagauagagu	guucagacuaucgacuuuuaucagcagauaaaaaagcagauagagu	scaffold8:20910753..20910799:+	PDi1	scaffold8	+	20910753	20910799
scaffold8_1080539	186.9	74 +/- 4%	-	381	307	0	74	no	-	-	-	-	aucacgucagggucacca	ugauucuagcgaacaagag	aucacgucagggucaccauguagaaucacgggugauucuagcgaacaagag	scaffold8:37446275..37446326:+	GA2	scaffold8	+	37446275	37446326
scaffold8_1093387	459.1	72 +/- 3%	-	915	874	0	41	no	-	-	-	-	aucacgucagggucacca	ugauucuagcgaacaagag	aucacgucagggucaccauguagaaucacgggugauucuagcgaacaagag	scaffold8:37446275..37446326:+	PDii2	scaffold8	+	37446275	37446326
scaffold8_892083	156.1	76 +/- 3%	-	309	307	0	2	yes	-	-	-	-	uuguguguaucuuugaauaacc	uuuuucacugauguauacuuugg	uuguguguaucuuugaauaaccuuaaaugguuuuucacugauguauacuuugg	scaffold8:38703999..38704052:+	PDi3	scaffold8	+	38703999	38704052
scaffold8_1116511	147.0	70 +/- 4%	-	291	181	0	110	yes	-	-	-	-	uuucacugauguauacuuugg	uuguguguaucuuugaauaacc	uuguguguaucuuugaauaaccuuaaaugguuuuucacugauguauacuuugg	scaffold8:38703999..38704052:+	EC2	scaffold8	+	38703999	38704052
scaffold8_738385	119.5	60 +/- 3%	-	262	257	0	5	no	-	-	-	-	gaggaauuagcuuugcggaga	aucagaaaguugaauucc	gaggaauuagcuuugcggagacguaaggauacaugaccagaccaaucagaaaguugaauucc	scaffold8:42500178..42500240:+	AMP1	scaffold8	+	42500178	42500240
scaffold8_827683	42.5	77 +/- 3%	-	111	109	0	2	no	-	-	-	-	gaggaauuagcuuugcggagacg	aucagaaaguugaauucc	gaggaauuagcuuugcggagacguaaggauacaugaccagaccaaucagaaaguugaauucc	scaffold8:42500178..42500240:+	PDi1	scaffold8	+	42500178	42500240
scaffold8_1000754	14286.5	48 +/- 4%	-	28055	28054	0	1	no	-	-	-	-	uggauuguauauaccaagugugug	acacaucuuugggaaaauu	acacaucuuugggaaaauucaaauuacuuuggauuguauauaccaagugugug	scaffold8:55175916..55175969:+	PH2	scaffold8	+	55175916	55175969
scaffold8_1026654	380.3	76 +/- 2%	-	776	775	0	1	no	-	-	-	-	uggauuguauauaccaagugugug	caucuuugggaaaauucaaauuac	caucuuugggaaaauucaaauuacuuuggauuguauauaccaagugugug	scaffold8:55175919..55175969:+	PL1	scaffold8	+	55175919	55175969
scaffold8_840813	142.6	77 +/- 3%	-	289	279	4	6	no	-	-	-	-	agaauauugagcgcguuguuga	uaucagugcagcuaaaccuuuc	agaauauugagcgcguuguugaugcugucgaacagcaaccagagaccucacagcauagacuaucagugcagcuaaaccuuuc	scaffold8:69192465..69192547:+	PDi1	scaffold8	+	69192465	69192547
scaffold8_1071135	130.8	67 +/- 3%	-	266	264	1	1	no	-	-	-	-	agaauauugagcgcguuguuga	uaucagugcagcuaaaccuuucug	agaauauugagcgcguuguugaugcugucgaacagcaaccagagaccucacagcauagacuaucagugcagcuaaaccuuucug	scaffold8:69192465..69192549:+	PDii1	scaffold8	+	69192465	69192549
scaffold8_1034861	45.7	76 +/- 2%	-	99	97	0	2	no	-	-	-	-	agaauauugagcgcguuguuga	uaucagugcagcuaaaccuuucug	agaauauugagcgcguuguugaugcugucgaacagcaaccagagaccucacagcauagacuaucagugcagcuaaaccuuucug	scaffold8:69192465..69192549:+	PL1	scaffold8	+	69192465	69192549
scaffold8_974119	92.8	76 +/- 4%	-	213	212	0	1	no	-	-	-	-	guguugugugugugugug	acauguauuuacaaaaua	acauguauuuacaaaauaauaauaaaauauauauagaauaaauuuguguugugugugugugug	scaffold8:73365977..73366040:+	EC1	scaffold8	+	73365977	73366040
scaffold8_843071	55.6	77 +/- 3%	-	140	139	0	1	no	-	-	-	-	guguugugugugugugug	cauguauuuacaaaauaauaau	cauguauuuacaaaauaauaauaaaauauauauagaauaaauuuguguugugugugugugug	scaffold8:73365978..73366040:+	PDi1	scaffold8	+	73365978	73366040
scaffold8_586394	162.3	68 +/- 3%	-	318	307	0	11	yes	-	-	-	-	augauaaaagucgauagugg	cuaucgacuuuuaucaccg	cuaucgacuuuuaucaccgauuucuugacagaugauaaaagucgauagugg	scaffold8:73667085..73667136:+	IST1	scaffold8	+	73667085	73667136
scaffold8_752900	127.1	60 +/- 3%	-	249	229	0	20	yes	-	-	-	-	augauaaaagucgauagugg	cuaucgacuuuuaucaccgau	cuaucgacuuuuaucaccgauuucuugacagaugauaaaagucgauagugg	scaffold8:73667085..73667136:+	AMP1	scaffold8	+	73667085	73667136
scaffold8_1079898	125.7	67 +/- 3%	-	265	229	4	32	no	-	-	-	-	ucaacgucauuuuucaauaucugcc	ucagaugucaaaauguguuga	ucagaugucaaaauguguugacguucuuggauuuuuucuuauaaaucggauauauuuuucggauuuuuggucucaacgucauuuuucaauaucugcc	scaffold8:83710041..83710138:+	PDii1	scaffold8	+	83710041	83710138
scaffold8_1145894	163.4	70 +/- 4%	-	339	292	6	41	no	-	-	-	-	ucaacgucauuuuucaauaucugcc	ucagaugucaaaauguguuga	ucagaugucaaaauguguugacguucuuggauuuuuucuuauaaaucggauauauuuuucggauuuuuggucucaacgucauuuuucaauaucugcc	scaffold8:83710041..83710138:+	EC2	scaffold8	+	83710041	83710138
scaffold8_615482	13.5	67 +/- 3%	-	22	14	3	5	yes	-	-	-	-	ucacaucgccuuggugguuaga	uaaccacaaaggcgaugugacg	ucacaucgccuuggugguuagacuugcauuuuaccaaaaugucacauuuugguaaaauugcaagucuaaccacaaaggcgaugugacg	scaffold8:92974275..92974363:+	IST3	scaffold8	+	92974275	92974363
scaffold8_757142	34.4	67 +/- 3%	-	63	28	4	31	yes	-	-	-	-	uaaccacaaaggcgaugugacg	ucacaucgccuuggugguuaga	ucacaucgccuuggugguuagacuugcauuuuaccaaaaugucacauuuugguaaaauugcaagucuaaccacaaaggcgaugugacg	scaffold8:92974275..92974363:+	AMP2	scaffold8	+	92974275	92974363
scaffold8_612722	19.6	79 +/- 3%	-	34	18	3	13	yes	-	-	-	-	ucacaucgccuuggugguuaga	uaaccacaaaggcgaugugacg	ucacaucgccuuggugguuagacuugcauuuuaccaaaaugucacauuuugguaaaauugcaagucuaaccacaaaggcgaugugacg	scaffold8:92974275..92974363:+	SMA2	scaffold8	+	92974275	92974363
scaffold8_1273766	22.6	70 +/- 3%	-	51	48	0	3	no	-	-	-	-	guguguguguguguugau	ucugcacuaccgcaccuaga	guguguguguguguugauagauucugcacuaccgcaccuaga	scaffold8:139873..139915:-	DI2	scaffold8	-	139873	139915
scaffold8_985518	23.8	76 +/- 4%	-	53	51	0	2	no	-	-	-	-	guguguguguguguugau	ucugcacuaccgcaccuaga	guguguguguguguugauagauucugcacuaccgcaccuaga	scaffold8:139873..139915:-	EC1	scaffold8	-	139873	139915
scaffold8_1134681	390.9	72 +/- 3%	-	809	804	0	5	no	-	-	-	-	uuucauugauguauacuuugg	uuauguguaucuuugaauaacc	uuauguguaucuuugaauaaccuuauaucguuuuucauugauguauacuuugg	scaffold8:6726532..6726585:-	PDii2	scaffold8	-	6726532	6726585
scaffold8_747869	1567.5	86 +/- 2%	-	3117	3113	0	4	no	-	-	-	-	uuucauugauguauacuuugg	uuauguguaucuuugaauaacc	uuauguguaucuuugaauaaccuuauaucguuuuucauugauguauacuuugg	scaffold8:6726532..6726585:-	PH1	scaffold8	-	6726532	6726585
scaffold8_766721	177.8	60 +/- 3%	-	411	410	0	1	no	-	-	-	-	uggcugugcuguuguucuca	guguuuacaacccuccuucc	uggcugugcuguuguucucagugaucacauucuuucucuucucuguguuuacaacccuccuucc	scaffold8:11503165..11503229:-	AMP1	scaffold8	-	11503165	11503229
scaffold8_497709	69.2	72 +/- 3%	-	198	194	0	4	no	-	-	-	-	uggcugugcuguuguucuca	guguuuacaacccuccuucc	uggcugugcuguuguucucagugaucacauucuuucucuucucuguguuuacaacccuccuucc	scaffold8:11503165..11503229:-	IST2	scaffold8	-	11503165	11503229
scaffold8_1058411	62.2	76 +/- 2%	-	152	147	0	5	no	-	-	-	-	uucuucauugguguaugcuuugg	uaguguguaucuuugauaaacc	uaguguguaucuuugauaaaccuuauuaugguucuucauugguguaugcuuugg	scaffold8:14555496..14555550:-	PL1	scaffold8	-	14555496	14555550
scaffold8_764681	376.7	67 +/- 3%	-	769	748	0	21	no	-	-	-	-	cuucauugguguaugcuuugg	uaguguguaucuuugauaaacc	uaguguguaucuuugauaaaccuuauuaugguucuucauugguguaugcuuugg	scaffold8:14555496..14555550:-	AMP2	scaffold8	-	14555496	14555550
scaffold8_993972	1.2	79 +/- 3%	-	155	80	0	75	yes	-	-	-	-	caaguuccugcaagcaguag	ugggcagagagcauguggugagc	ugggcagagagcauguggugagccaaguuccugcaagcaguag	scaffold8:15159352..15159395:-	EC1	scaffold8	-	15159352	15159395
scaffold8_1109474	1.2	78 +/- 2%	-	143	78	0	65	yes	-	-	-	-	caaguuccugcaagcaguag	ugggcagagagcauguggugagc	ugggcagagagcauguggugagccaaguuccugcaagcaguag	scaffold8:15159352..15159395:-	DI1	scaffold8	-	15159352	15159395
scaffold8_788050	2.9	73 +/- 2%	-	276	275	0	1	yes	-	-	-	-	gaagggcucagcaaagaggaaag	uuugcugagcccuuuucc	gaagggcucagcaaagaggaaagacaucaaagauuucuuugcugagcccuuuucc	scaffold8:67433217..67433272:-	AMP2	scaffold8	-	67433217	67433272
scaffold8_1031880	2.9	75 +/- 3%	-	177	174	0	3	yes	-	-	-	-	gaagggcucagcaaagaggaaag	ucuuugcugagcccuuuuc	gaagggcucagcaaagaggaaagacaucaaagauuucuuugcugagcccuuuuc	scaffold8:67433218..67433272:-	PDi2	scaffold8	-	67433218	67433272
scaffold8_1186851	14.3	72 +/- 3%	-	25	17	0	8	yes	-	-	-	-	uuaaaucguguaguuaagacg	cuuaacuacacgauuuaauc	cuuaacuacacgauuuaaucggcccgacuuaaucggcccgauuaaaucguguaguuaagacg	scaffold8:86204223..86204285:-	PDii2	scaffold8	-	86204223	86204285
scaffold8_1043364	11.9	75 +/- 3%	-	20	14	1	5	yes	-	-	-	-	uuaaaucguguaguuaagacg	ucuuaacuacacgauuuaauc	ucuuaacuacacgauuuaaucggcccgacuuaaucggcccgauuaaaucguguaguuaagacg	scaffold8:86204223..86204286:-	PDi2	scaffold8	-	86204223	86204286
scaffold8_1097999	16.1	74 +/- 4%	-	52	51	0	1	no	-	-	-	-	uggccgauagaauuuaauacauua	gcuaauauaaauuuuaaucuua	gcuaauauaaauuuuaaucuuaggaacgcagaaauuauauuuuuguggccgauagaauuuaauacauua	scaffold8:92806167..92806236:-	DI3	scaffold8	-	92806167	92806236
scaffold8_1133743	55.8	75 +/- 2%	-	123	120	0	3	no	-	-	-	-	uggccgauagaauuuaauacauua	gcuaauauaaauuuuaaucuuagga	gcuaauauaaauuuuaaucuuaggaacgcagaaauuauauuuuuguggccgauagaauuuaauacauua	scaffold8:92806167..92806236:-	PL3	scaffold8	-	92806167	92806236
scaffold8_1046789	45.1	75 +/- 3%	-	102	95	0	7	no	-	-	-	-	uggccgauagaauuuaauacauua	gcuaauauaaauuuuaaucuuagga	gcuaauauaaauuuuaaucuuaggaacgcagaaauuauauuuuuguggccgauagaauuuaauacauua	scaffold8:92806167..92806236:-	PDi2	scaffold8	-	92806167	92806236
scaffold8_1145423	71.8	67 +/- 3%	-	147	141	0	6	yes	-	-	-	-	uggccgauagaauuuaauacauua	gcuaauauaaauuuuaaucuuagga	gcuaauauaaauuuuaaucuuaggaacgcagaaauuauauuuuuguggccgauagaauuuaauacauua	scaffold8:92806167..92806236:-	PDii1	scaffold8	-	92806167	92806236
scaffold8_1191501	82.1	72 +/- 3%	-	171	142	25	4	no	-	-	-	-	guccugcgguggucgcca	ugacucugcagaagguuua	guccugcgguggucgccauguagaaucgguggcugguaagacuuagcuagaaacucgauugacucugcagaagguuua	scaffold8:93636824..93636902:-	PDii2	scaffold8	-	93636824	93636902
scaffold8_673873	45.4	90 +/- 2%	-	99	96	2	1	no	-	-	-	-	guccugcgguggucgcca	ugacucugcagaagguuu	guccugcgguggucgccauguagaaucgguggcugguaagacuuagcuagaaacucgauugacucugcagaagguuu	scaffold8:93636825..93636902:-	HL1	scaffold8	-	93636825	93636902
