	provisional id	miRDeep2 score	estimated probability that the miRNA candidate is a true positive	rfam alert	total read count	mature read count	loop read count	star read count	significant randfold p-value	miRBase miRNA	example miRBase miRNA with the same seed	UCSC browser	NCBI blastn	consensus mature sequence	consensus star sequence	consensus precursor sequence	precursor coordinate	Library	chr	positions	start	end	overlaps
0	scaffold1_66	19.2	82 +/- 3%	-	49	44	3	2	no	-	-	-	-	augacucuguggugcaacggu	guucgaaacacgucagggu	augacucuguggugcaacgguagcgcgucugaguccagaucagaagguugcguguucgaaacacgucagggu	scaffold1:150841..150913:+	GA3	scaffold1	150841..150913	150841	150913	0
1	scaffold1_466	155.5	77 +/- 3%	-	318	313	0	5	no	-	-	-	-	gauauucacaggaaauugaccaaug	gugcagauuuuauguguauacc	gugcagauuuuauguguauaccaaguaucauaauggaacauucccggagauauucacaggaaauugaccaaug	scaffold1:824094..824167:+	PDi1	scaffold1	824094..824167	824094	824167	0
2	scaffold1_82511	18.3	75 +/- 2%	-	36	34	1	1	yes	-	-	-	-	caaucacuagucuaaccgugg	gugguuagacaugcaauucuu	gugguuagacaugcaauucuuucaaacgugauagaucacuuuugaaacaaucacuagucuaaccgugg	scaffold1:1691959..1692027:-	PL3	scaffold1	1691959..1692027	1691959	1692027	0
3	scaffold1_75796	43.5	78 +/- 3%	-	94	61	0	33	no	-	-	-	-	augacucuguggcgcaacg	cacgucagggucaaauuuu	augacucuguggcgcaacgguagcgcgucugacuccagaucagaaaguugcguguccgaaucacgucagggucaaauuuu	scaffold1:2486133..2486213:-	PL2	scaffold1	2486133..2486213	2486133	2486213	0
4	scaffold1_2301	0.5	76 +/- 2%	-	165	162	0	3	yes	-	-	-	-	uuaauggguaucgcgcucgauug	uagugcuagcagugaaggagcaa	uagugcuagcagugaaggagcaaagcuuaauggguaucgcgcucgauug	scaffold1:4481021..4481070:+	PDi1	scaffold1	4481021..4481070	4481021	4481070	0
5	scaffold1_1471	4938.5	68 +/- 3%	-	9686	6093	0	3593	yes	-	-	-	-	uaguguguaucuuugaggaacc	uucuucauugauuuaugcuuug	uaguguguaucuuugaggaaccuuguugugguucuucauugauuuaugcuuug	scaffold1:4509128..4509181:+	IST1	scaffold1	4509128..4509181	4509128	4509181	0
6	scaffold1_1305	146.3	72 +/- 3%	-	298	96	201	1	no	-	-	-	-	guugcacagcuguuuacuucg	aggagggcgaggaacugg	guugcacagcuguuuacuucgacgucgacgagcuggagggcauauauggcaaacuugccggggauuguuuggaugugaugcagaaggagggcgaggaacugg	scaffold1:4798819..4798921:+	IST2	scaffold1	4798819..4798921	4798819	4798921	0
7	scaffold1_59593	10.1	87 +/- 2%	-	29	22	6	1	no	-	-	-	-	ugauuucaaagaccagguugaag	uugacaauaucccagagaaa	uugacaauaucccagagaaacaggugaauacaccaucaucucagaguuuugaggaguggucgccugauuucaaagaccagguugaag	scaffold1:5500300..5500387:-	HL3	scaffold1	5500300..5500387	5500300	5500387	0
8	scaffold1_3331	35.7	67 +/- 3%	-	127	63	62	2	no	-	-	-	-	ugacagaauugacgugaacuuu	gugguuugauuauguaaaa	ugacagaauugacgugaacuuucggauaucgugagaucuuuucagcaagaagccuagaguugugaccaggauaagaauguauugaagugguuugauuauguaaaa	scaffold1:5593441..5593546:+	PDii1	scaffold1	5593441..5593546	5593441	5593546	0
9	scaffold1_79954	10.4	76 +/- 4%	-	27	24	0	3	yes	-	-	-	-	gccaaguguuggauuguuu	uugucaacaacauuuggu	uugucaacaacauuugguuaaacagguacuagccaaguguuggauuguuu	scaffold1:6020781..6020831:-	EC3	scaffold1	6020781..6020831	6020781	6020831	0
10	scaffold1_4625	12.1	70 +/- 3%	-	51	50	0	1	no	-	-	-	-	ucguuucguauucugaacaauauu	cugguucggauaugcccaau	cugguucggauaugcccaauguauagaacucguuucguauucugaacaauauu	scaffold1:6276101..6276154:+	DI2	scaffold1	6276101..6276154	6276101	6276154	0
11	scaffold1_4626	34.1	70 +/- 4%	-	103	98	4	1	no	-	-	-	-	ugucuagaauuccaggauugaag	gcugucuggaauuccagaguuuaaaa	ugucuagaauuccaggauugaagauauauuuagaauugaaauuaacgcugucuggaauuccagaguuuaaaa	scaffold1:6836299..6836371:+	EC2	scaffold1	6836299..6836371	6836299	6836371	0
12	scaffold1_61551	161.3	67 +/- 3%	-	333	332	0	1	no	-	-	-	-	cagacuugucaacgagccgag	ccgagcuugagcagaguauuuga	cagacuugucaacgagccgagccgagcuugagcagaguauuuga	scaffold1:7617659..7617703:-	AMP2	scaffold1	7617659..7617703	7617659	7617703	0
13	scaffold1_5824	611.7	72 +/- 3%	-	1197	1196	0	1	yes	-	-	-	-	caucaaaagguucucgucug	gacgagcaucguuuugacgua	gacgagcaucguuuugacguauaucaaaugauauacaucaaaagguucucgucug	scaffold1:8940735..8940790:+	PDii2	scaffold1	8940735..8940790	8940735	8940790	0
14	scaffold1_62270	0.8	64 +/- 2%	-	154	139	14	1	yes	-	-	-	-	ugacaggaugcugaugugaua	aguugguuucuuguuuuggug	ugacaggaugcugaugugauaacucuuuaaucuuguuguuuucuuuugaugguuugguuguuaguugguuucuuguuuuggug	scaffold1:9156272..9156355:-	AMP1	scaffold1	9156272..9156355	9156272	9156355	0
15	scaffold1_77132	11.1	72 +/- 3%	-	19	15	0	4	yes	-	-	-	-	uucaaaguagccccgcucuac	agagcggggcuacuuugaac	agagcggggcuacuuugaacuauuuuuuauuucuuuucaaaguagccccgcucuac	scaffold1:9636561..9636617:-	SMA1	scaffold1	9636561..9636617	9636561	9636617	0
16	scaffold1_50894	46.1	67 +/- 3%	-	114	99	0	15	no	-	-	-	-	uuuguuagagaacggguugcu	uuacuuuuucuacaaugaaauu	uuacuuuuucuacaaugaaauuggcgaacuaccgaucuucauuuguuuuguuagagaacggguugcu	scaffold1:9881192..9881259:-	IST3	scaffold1	9881192..9881259	9881192	9881259	0
17	scaffold1_4458	650.5	60 +/- 3%	-	1328	1278	0	50	no	-	-	-	-	uuggaguuuggauuaggaaag	gacaaugaccagaggcaagug	uuggaguuuggauuaggaaagugugcgacauugacaaugaccagaggcaagug	scaffold1:10706099..10706152:+	AMP1	scaffold1	10706099..10706152	10706099	10706152	0
18	scaffold1_49650	36.9	68 +/- 3%	-	68	56	2	10	yes	-	-	-	-	uuaaaucguguaguuaagacg	cuuaacuacacgauuuaaucg	uuaaaucguguaguuaagacgcagcuccaauuuugucgggugggaaaguuggagcuccgucuuaacuacacgauuuaaucg	scaffold1:11464105..11464186:-	IST1	scaffold1	11464105..11464186	11464105	11464186	0
19	scaffold1_63230	58.0	60 +/- 3%	-	216	215	0	1	no	-	-	-	-	uuuuugaauucaaaaauguuu	ucauuuuagauucaaaaug	uuuuugaauucaaaaauguuuucaaauaaauaagauucaauuucucauaaauuauuccaauaaaucauuuuagauucaaaaug	scaffold1:11493362..11493445:-	AMP1	scaffold1	11493362..11493445	11493362	11493445	0
20	scaffold1_4793	19.4	67 +/- 3%	-	40	39	0	1	yes	-	-	-	-	uuuuugaauucaaaaaug	uuuuugaauucaaaaaugaua	uuuuugaauucaaaaaugauauaggaauaacuuaugagaaauugaaucuauuucuuauuugaaaacauuuuugaauucaaaaaug	scaffold1:11507763..11507848:+	AMP2	scaffold1	11507763..11507848	11507763	11507848	0
21	scaffold1_64394	18.5	60 +/- 3%	-	53	48	1	4	no	-	-	-	-	uaaaugcagguucauggcuug	aaaccacuacuacugcauuua	uaaaugcagguucauggcuugguucaaggacccucaaauugcuccugaugugugccuaaaccacuacuacugcauuua	scaffold1:14118730..14118808:-	AMP1	scaffold1	14118730..14118808	14118730	14118808	0
22	scaffold1_9268	97.4	75 +/- 2%	-	189	165	23	1	yes	-	-	-	-	gagcuuuccucaggacucuagcu	uuccugcugguauccaucuc	uuccugcugguauccaucucagcucggggaacucaccaguucccagggagucugagcuuuccucaggacucuagcu	scaffold1:14331473..14331549:+	PL3	scaffold1	14331473..14331549	14331473	14331549	0
23	scaffold1_9883	21.1	72 +/- 3%	-	82	74	7	1	no	-	-	-	-	cauuuaaugaaaucgaaguu	cucuggguuaucauuaaccaaaag	cucuggguuaucauuaaccaaaaguuacagcagucaaccacucauaauacacaggaacuugaacaagcaguuggucauacauuuaaugaaaucgaaguu	scaffold1:14454443..14454542:+	PDii2	scaffold1	14454443..14454542	14454443	14454542	0
24	scaffold1_66171	23.5	87 +/- 2%	-	43	27	8	8	yes	-	-	-	-	ucggcucguugacaagucug	agacuugucaacgagccgagcu	agacuugucaacgagccgagcuucuaacaauccgagccgagccgagcuuggaaaugucggcucguugacaagucug	scaffold1:14834526..14834602:-	HL2	scaffold1	14834526..14834602	14834526	14834602	0
25	scaffold1_5484	10.4	79 +/- 3%	-	40	39	0	1	no	-	-	-	-	uuaguugauucauguacuugu	aguauauugcauugauaaugg	uuaguugauucauguacuuguuauccaagcuuuugcuguaguuaguauauugcauugauaaugg	scaffold1:15677753..15677817:+	SMA2	scaffold1	15677753..15677817	15677753	15677817	0
26	scaffold1_4575	7632.5	72 +/- 3%	-	15007	7810	0	7197	no	-	-	-	-	uaguguguaucuuugcaaaacc	uuuuucauugauucauacuugg	uaguguguaucuuugcaaaacccuauucaauuuuucauugauucauacuugg	scaffold1:15943964..15944016:+	IST2	scaffold1	15943964..15944016	15943964	15944016	0
27	scaffold1_6961	455.9	60 +/- 3%	-	1003	560	420	23	no	-	-	-	-	uacacauugaaggauuuagcu	aaaguuuuugauaaagguuau	aaaguuuuugauaaagguuaugcaccaaacuggacugaagaaauauuuauuauugauaaauuaaaauuaacagacccuaaaacauacacauugaaggauuuagcu	scaffold1:16012159..16012264:+	AMP1	scaffold1	16012159..16012264	16012159	16012264	0
28	scaffold1_58101	830.4	73 +/- 3%	-	1628	1544	0	84	yes	-	-	-	-	uuuuucauugauguaugcuugg	uaguguguauccuugaagaacc	uaguguguauccuugaagaaccuuauaugguuuuucauugauguaugcuugg	scaffold1:16021243..16021295:-	SMA3	scaffold1	16021243..16021295	16021243	16021295	0
29	scaffold1_5722	91.9	67 +/- 3%	-	254	253	0	1	no	-	-	-	-	aggaauguuauuuauguggau	uuaacagguaacuacagaggu	aggaauguuauuuauguggauguacaaaagacucuuuaguaagaaaucagugucauuuaacagguaacuacagaggu	scaffold1:16054927..16055004:+	IST3	scaffold1	16054927..16055004	16054927	16055004	0
30	scaffold1_108398	35.8	70 +/- 3%	-	81	80	0	1	no	-	-	-	-	ucaguaguuauucgacguugaag	ucaccggaagguuagcgauucuac	ucaguaguuauucgacguugaagacggucauauuuuaugguauggcugaaauggcagauuuuucaccggaagguuagcgauucuac	scaffold1:16884659..16884745:-	DI2	scaffold1	16884659..16884745	16884659	16884745	0
31	scaffold1_67620	14.1	87 +/- 2%	-	43	11	21	11	no	-	-	-	-	cccgagauaauuagcgaugug	ucauugauuauuauuauua	ucauugauuauuauuauuauuauuacaguuagacuagugauugguucaaaagugaucugucacauuugaagaauugcacgucuaaacacccgagauaauuagcgaugug	scaffold1:18009040..18009149:-	HL2	scaffold1	18009040..18009149	18009040	18009149	0
32	scaffold1_8175	36.4	87 +/- 2%	-	78	77	0	1	no	-	-	-	-	aucagacuugucaacgagccg	ccgagcaugagcacaguauuuga	aucagacuugucaacgagccgagcuucuaacgagcugagccgagcaugagcacaguauuuga	scaffold1:18217315..18217377:+	HL3	scaffold1	18217315..18217377	18217315	18217377	0
33	scaffold1_66394	53.4	60 +/- 3%	-	129	55	73	1	no	-	-	-	-	guuuauuugguuuugaugc	ucaaaaucaacucaacuaucu	guuuauuugguuuugaugcagauuccaucgaacuguuccagucuuaccugaccaaucgcuaccaaugugucaaaaucaacucaacuaucu	scaffold1:18423900..18423990:-	AMP1	scaffold1	18423900..18423990	18423900	18423990	0
34	scaffold1_70785	22.6	82 +/- 3%	-	46	45	0	1	yes	-	-	-	-	ugaugaugaugaugaugaugaug	uaugaugaugaugaugaugauga	uaugaugaugaugaugaugaugaugaugaugaugaugaugaugaugaugaugaugaugaugaugaug	scaffold1:18599635..18599702:-	GA3	scaffold1	18599635..18599702	18599635	18599702	0
35	scaffold1_64313	89.3	86 +/- 2%	-	182	179	0	3	yes	-	-	-	-	ucugcuauuguuauguaacugc	aguuauuuaauaaucuguagaau	aguuauuuaauaaucuguagaauaacacauucugcuauuguuauguaacugc	scaffold1:19738077..19738129:-	PH1	scaffold1	19738077..19738129	19738077	19738129	0
36	scaffold1_54570	37.6	67 +/- 3%	-	106	104	0	2	no	-	-	-	-	uuucugacauuugaugaccu	guucauugaucuuaguuaca	uuucugacauuugaugaccugagagauguucauugaucuuaguuaca	scaffold1:19834953..19835000:-	IST3	scaffold1	19834953..19835000	19834953	19835000	0
37	scaffold1_8379	34.6	58 +/- 3%	-	81	80	0	1	no	-	-	-	-	ucggcucguugacaagucu	cgagcagagccgagccgau	cgagcagagccgagccgauccuggaaauuucggcucguugacaagucu	scaffold1:20547267..20547315:+	AMP3	scaffold1	20547267..20547315	20547267	20547315	0
38	scaffold1_54812	29.3	67 +/- 3%	-	69	68	0	1	no	-	-	-	-	uuucuuguuagugacugg	uuguuacuauuuaaaggcca	uuguuacuauuuaaaggccagaccucacgcuuuucuuguuagugacugg	scaffold1:20656388..20656437:-	IST3	scaffold1	20656388..20656437	20656388	20656437	0
39	scaffold1_43579	12.7	72 +/- 3%	-	22	18	0	4	yes	-	-	-	-	gauuucuucgugaucgucaca	augacgaucacaaggaaau	augacgaucacaaggaaaucgaagcgcacgauuucuucgugaucgucaca	scaffold1:21440315..21440365:-	IST2	scaffold1	21440315..21440365	21440315	21440365	0
40	scaffold1_9638	82.2	67 +/- 3%	-	177	174	1	2	no	-	-	-	-	gcucggcucguugacaagucu	ggcucguuuugggcucguugc	ggcucguuuugggcucguugcguaucaaauacuguguuuaaguucggcucggcucagcucggcucguugacaagucu	scaffold1:21924490..21924567:+	AMP2	scaffold1	21924490..21924567	21924490	21924567	0
41	scaffold1_67443	82.2	67 +/- 3%	-	177	174	1	2	no	-	-	-	-	gcucggcucguugacaagucu	ggcucguuuugggcucguugc	ggcucguuuugggcucguugcguaucaaauacuguguuuaaguucggcucggcucagcucggcucguugacaagucu	scaffold1:21925959..21926036:-	AMP2	scaffold1	21925959..21926036	21925959	21926036	0
42	scaffold1_14991	42.3	72 +/- 3%	-	110	108	1	1	no	-	-	-	-	ggcaaaagaauauuugauugg	caacgauacauugacuug	ggcaaaagaauauuugauugguccauucuuuauugagggucgaaugggcagccaacgauacauugacuug	scaffold1:22188278..22188348:+	PDii2	scaffold1	22188278..22188348	22188278	22188348	0
43	scaffold1_67908	72.8	60 +/- 3%	-	166	99	1	66	no	-	-	-	-	ucauucaaagauuuuaugugg	acacaaaauuuaaaggagccg	ucauucaaagauuuuauguggcgagccgagcugagccuaacuuacacaaaauuuaaaggagccg	scaffold1:22521607..22521671:-	AMP1	scaffold1	22521607..22521671	22521607	22521671	0
44	scaffold1_10014	17.4	67 +/- 3%	-	31	22	0	9	yes	-	-	-	-	uuccauaguacaaagagcuga	gcucuuuguacuauggaaauc	gcucuuuguacuauggaaaucuaaaaacgucagcuguuuguaagccgauuuucaggauuuccauaguacaaagagcuga	scaffold1:23103097..23103176:+	AMP2	scaffold1	23103097..23103176	23103097	23103176	0
45	scaffold1_15059	233.4	75 +/- 2%	-	473	471	0	2	no	-	-	-	-	uacaacuacacauaucugg	cagaaguuucagugugcagugguggc	uacaacuacacauaucuggaauauauacaguuccagaaguuucagugugcagugguggc	scaffold1:23408932..23408991:+	PL3	scaffold1	23408932..23408991	23408932	23408991	0
46	scaffold1_15067	233.4	75 +/- 2%	-	473	471	0	2	no	-	-	-	-	uacaacuacacauaucugg	cagaaguuucagugugcagugguggc	uacaacuacacauaucuggaauauauacaguuccagaaguuucagugugcagugguggc	scaffold1:23410018..23410077:+	PL3	scaffold1	23410018..23410077	23410018	23410077	0
47	scaffold1_14847	99.9	48 +/- 4%	-	209	188	0	21	no	-	-	-	-	ugagcugguauuacaucuaag	uagguaguuguugagcug	uagguaguuguugagcuggagaaagauuugcagguuuuugagcugguauuacaucuaag	scaffold1:23423845..23423904:+	PH2	scaffold1	23423845..23423904	23423845	23423904	0
48	scaffold1_14884	80.4	48 +/- 4%	-	159	104	53	2	yes	-	-	-	-	uagcaaacgcgacagcagug	ugcgaguucguguugcauaaaa	uagcaaacgcgacagcaguggacuggccgauaacaagaacuagguaccugcugccccaggccagacuaugcgaguucguguugcauaaaa	scaffold1:23427371..23427461:+	PH2	scaffold1	23427371..23427461	23427371	23427461	0
49	scaffold1_9235	18.3	90 +/- 2%	-	33	19	0	14	yes	-	-	-	-	cagacuugucaacgagccgag	ggcucguugacaagucugg	cagacuugucaacgagccgagccgagccgagauugaaaauaucggcucguugacaagucugg	scaffold1:23882898..23882960:+	HL1	scaffold1	23882898..23882960	23882898	23882960	0
50	scaffold1_68666	137.1	67 +/- 3%	-	346	345	0	1	no	-	-	-	-	uuugauuucauuaaguucucu	acucgcuuugaugauguca	uuugauuucauuaaguucucuaauucucacuccacucgcuuugaugauguca	scaffold1:25090474..25090526:-	AMP2	scaffold1	25090474..25090526	25090474	25090526	0
51	scaffold1_16022	14.2	75 +/- 2%	-	35	32	0	3	yes	-	-	-	-	uauauauauauagagagagaga	ucuuuguuuaaauauauauauauau	ucuuuguuuaaauauauauauauauauauauauauauauagagagagaga	scaffold1:25120315..25120365:+	PL3	scaffold1	25120315..25120365	25120315	25120365	0
52	scaffold1_81505	10.4	76 +/- 3%	-	26	21	0	5	yes	-	-	-	-	cauauauauauauauauaua	uauauauauauauauauugg	cauauauauauauauauauauauauauauauauauauauauugg	scaffold1:25163103..25163147:-	PDi3	scaffold1	25163103..25163147	25163103	25163147	0
53	scaffold1_13942	55.4	72 +/- 3%	-	123	91	1	31	no	-	-	-	-	uguguuauuguagaucggcuu	ucaauguacaaaacaaaugcg	ucaauguacaaaacaaaugcggaagaauuuucaucccauguugaauaaaguuuuucaaugugcuucaagaguuguguuauuguagaucggcuu	scaffold1:25691897..25691990:+	SMA1	scaffold1	25691897..25691990	25691897	25691990	0
54	scaffold1_88647	16.1	78 +/- 3%	-	60	59	0	1	no	-	-	-	-	ugucaguaauuuuacagcgg	ucugaauacgauuucuacauauuuu	ucugaauacgauuucuacauauuuuucccagcaauugucaguaauuuuacagcgg	scaffold1:25880924..25880979:-	PL2	scaffold1	25880924..25880979	25880924	25880979	0
55	scaffold1_98820	35.6	75 +/- 3%	-	70	63	0	7	yes	-	-	-	-	uauauauauauauaugugugugug	uauacauguauauauauauauaua	uauacauguauauauauauauauauauauauauauauauauauauaugugugugug	scaffold1:26202145..26202201:-	DI1	scaffold1	26202145..26202201	26202145	26202201	0
56	scaffold1_54470	52.7	68 +/- 3%	-	100	98	1	1	yes	-	-	-	-	ucacuagucuaaccguggccu	ccacgguuagacuagcgauug	ccacgguuagacuagcgauugguuacaaagugauaauuagacaugugaaucuaccaaaaugugacagaucacuuuucagcaaaucacuagucuaaccguggccu	scaffold1:26373751..26373855:-	IST1	scaffold1	26373751..26373855	26373751	26373855	0
57	scaffold1_94017	213.7	69 +/- 3%	-	450	447	0	3	no	-	-	-	-	uuuuucagugaaaauguauugug	caagauaugaauuugagcgcgcuu	caagauaugaauuugagcgcgcuuuguuggugaaauuucccuaccaaugaccauauuucaagcuauaauaauagugcuuuuucagugaaaauguauugug	scaffold1:26401918..26402018:-	PDii3	scaffold1	26401918..26402018	26401918	26402018	0
58	scaffold1_16585	251.9	48 +/- 4%	-	518	513	0	5	no	-	-	-	-	ugcucuuuauuuuauacag	uguauaauagggaaauuc	ugcucuuuauuuuauacaggagagagucggugucacuguauaauagggaaauuc	scaffold1:26631869..26631923:+	PH2	scaffold1	26631869..26631923	26631869	26631923	0
59	scaffold1_94362	102.9	48 +/- 4%	-	232	231	0	1	no	-	-	-	-	uaguaagugagauaucaugucug	gucauuucuauuaaucauuua	gucauuucuauuaaucauuuauuucgauuguaucguauuaguaagugagauaucaugucug	scaffold1:26888899..26888960:-	PH2	scaffold1	26888899..26888960	26888899	26888960	0
60	scaffold1_99593	18.1	75 +/- 3%	-	61	15	39	7	no	-	-	-	-	auccgacuuugugaaaug	uguaauucaugaaaccuccuccac	auccgacuuugugaaauggucuucagcgcucaugauauuucucucaugcaaguugucugguccauguaauucaugaaaccuccuccac	scaffold1:27208976..27209064:-	DI1	scaffold1	27208976..27209064	27208976	27209064	0
61	scaffold1_11827	2757.7	60 +/- 3%	-	5413	5412	0	1	yes	-	-	-	-	uaguuuauaucuuugaagaacc	uucuucauugauguaucuuug	uaguuuauaucuuugaagaaccuuguuaugguucuucauugauguaucuuug	scaffold1:27720422..27720474:+	AMP1	scaffold1	27720422..27720474	27720422	27720474	0
62	scaffold1_11830	101.3	60 +/- 3%	-	228	222	5	1	no	-	-	-	-	uucuuccuuaucauauuagug	ucugguaucgauaguagc	ucugguaucgauaguagcauuaauaauccuuccauucauuuccacaggaauuacguuucuuccuuaucauauuagug	scaffold1:27734387..27734464:+	AMP1	scaffold1	27734387..27734464	27734387	27734464	0
63	scaffold1_17853	10.9	75 +/- 3%	-	32	30	0	2	yes	-	-	-	-	ucacuuucaccaauaaug	auucguuggggagcauauu	ucacuuucaccaauaaugucaguggaauuccgcuuaauucguuggggagcauauu	scaffold1:27876476..27876531:+	DI1	scaffold1	27876476..27876531	27876476	27876531	0
64	scaffold1_10114	38.7	67 +/- 3%	-	87	85	0	2	no	-	-	-	-	ggugguuagucgugcaau	ucucuagucuagccguggccu	ggugguuagucgugcaaugccuucaaaugugaaagaucacuuuuuaaccaaucucuagucuagccguggccu	scaffold1:28110372..28110444:+	IST3	scaffold1	28110372..28110444	28110372	28110444	0
65	scaffold1_70438	58.2	67 +/- 3%	-	164	160	0	4	no	-	-	-	-	uauauauuguuguaaagag	uuucauagcgucuaugua	uuucauagcgucuauguagaauauauauauauauauauauuguuguaaagag	scaffold1:28638926..28638978:-	AMP2	scaffold1	28638926..28638978	28638926	28638978	0
66	scaffold1_95406	196.9	48 +/- 4%	-	402	396	4	2	no	-	-	-	-	ugaacuguuuuucaagcaug	guuugaaaucuuucagagua	guuugaaaucuuucagaguagcugucuuuguuucagcaaugugaaauuuuauuugagauuacuuugaacuguuuuucaagcaug	scaffold1:28714570..28714654:-	PH2	scaffold1	28714570..28714654	28714570	28714654	0
67	scaffold1_66404	33.2	58 +/- 3%	-	73	62	10	1	no	-	-	-	-	uaugauguuugacaaguccug	gaaauacaggcguuauucca	gaaauacaggcguuauuccaggugaacgaggcgguagcccugcacuucacaucuggaaccauuggcaguaugauguuugacaaguccug	scaffold1:29420855..29420944:-	AMP3	scaffold1	29420855..29420944	29420855	29420944	0
68	scaffold1_18218	14.8	74 +/- 4%	-	41	38	0	3	no	-	-	-	-	ucgaaucccaccucugucag	gcagaaguggccgagugg	gcagaaguggccgagugguguaaggcgcuaguuugaaggcacuaguaucuucggguucgaaucccaccucugucag	scaffold1:29679199..29679275:+	DI3	scaffold1	29679199..29679275	29679199	29679275	0
69	scaffold1_68626	50.3	86 +/- 2%	-	98	95	0	3	yes	-	-	-	-	ucaguuuuuccauguuucgg	gaaaucauaggaaaggcuagaaug	gaaaucauaggaaaggcuagaaugaucauuaacauucaguuuuuccauguuucgg	scaffold1:29864851..29864906:-	PH1	scaffold1	29864851..29864906	29864851	29864906	0
70	scaffold1_18502	37.8	69 +/- 3%	-	72	71	0	1	yes	-	-	-	-	auguaugcuaauuugaacgaugug	ugcguucagacgugcaucuuuuug	ugcguucagacgugcaucuuuuugauguaugcuaauuugaacgaugug	scaffold1:30012282..30012330:+	PDii3	scaffold1	30012282..30012330	30012282	30012330	0
71	scaffold1_56914	11.3	79 +/- 3%	-	36	10	24	2	no	-	-	-	-	caucucuuggggaaagaaucc	cauucacuccagaggugcucu	cauucacuccagaggugcucuguucaucaacaaucuccccagcagugauccuuggguuuugguuuacuugucgaacuauuuucuguucaucucuuggggaaagaaucc	scaffold1:31558579..31558687:-	SMA2	scaffold1	31558579..31558687	31558579	31558687	0
72	scaffold1_13372	470.6	60 +/- 3%	-	999	395	597	7	no	-	-	-	-	cugccgaauaucucaacacug	ugcugauuucuguaguaccuu	cugccgaauaucucaacacuguaaucgcccacguauuaauugccuuuaugcuguucugcccauucaaugcugauuucuguaguaccuu	scaffold1:31968397..31968485:+	AMP1	scaffold1	31968397..31968485	31968397	31968485	0
73	scaffold1_11142	2133.4	79 +/- 3%	-	4190	3411	0	779	yes	-	-	-	-	uuucauugauguauacuuugg	uuguguguaucuuugaauaacc	uuguguguaucuuugaauaaccuuauaugguuuuucauugauguauacuuugg	scaffold1:32918210..32918263:+	SMA2	scaffold1	32918210..32918263	32918210	32918263	0
74	scaffold1_109177	17.7	70 +/- 4%	-	59	58	0	1	no	-	-	-	-	ggaagauguagcgcugau	caauguuguauuuuucuuuau	ggaagauguagcgcugauguugguaauagcuugggaauaauacuuggaagaacuugagucaauguuguauuuuucuuuau	scaffold1:32925770..32925850:-	EC2	scaffold1	32925770..32925850	32925770	32925850	0
75	scaffold1_23056	18.7	72 +/- 3%	-	99	98	0	1	no	-	-	-	-	ugugacaaaugugauuauucaug	uaguaaucucaaaacucauc	ugugacaaaugugauuauucauguucucgacguaguaaucucaaaacucauc	scaffold1:34696632..34696684:+	PDii2	scaffold1	34696632..34696684	34696632	34696684	0
76	scaffold1_21167	50.7	74 +/- 4%	-	123	120	2	1	no	-	-	-	-	uuaaaugugacaaaugugau	ucgaaacucaucaguugaagcauuc	uuaaaugugacaaaugugauuuucauguucucaacgugguaaucucgaaacucaucaguugaagcauuc	scaffold1:34794663..34794732:+	DI3	scaffold1	34794663..34794732	34794663	34794732	0
77	scaffold1_47753	79.6	72 +/- 3%	-	155	88	0	67	yes	-	-	-	-	auucuuuugucuauuaguca	acuaauagucaaaagagguuu	auucuuuugucuauuagucaaauaauuuuacuauagacaaguguuuugacuaauagucaaaagagguuu	scaffold1:39297872..39297941:-	IST2	scaffold1	39297872..39297941	39297872	39297941	0
78	scaffold1_100309	47.4	74 +/- 4%	-	110	53	56	1	no	-	-	-	-	cccuaaaguacaauaacgcca	gguagggauugggauuagggu	gguagggauugggauuaggguuagaguuuaauacccauuuuaugacgucacucaaaauggguccccuaaaguacaauaacgcca	scaffold1:39352425..39352509:-	DI3	scaffold1	39352425..39352509	39352425	39352509	0
79	scaffold1_23713	18.7	69 +/- 3%	-	45	42	0	3	no	-	-	-	-	cccaccucugucaauauuuu	guaucuucggaugcguggguucg	guaucuucggaugcguggguucgauucccaccucugucaauauuuu	scaffold1:39841737..39841783:+	PDii3	scaffold1	39841737..39841783	39841737	39841783	0
80	scaffold1_13366	15.4	68 +/- 3%	-	58	57	0	1	no	-	-	-	-	cauucgugagcguagaguaug	augcacuuguuuaugagu	augcacuuguuuaugagugaucaauuaacuauucaauaggcauucgugagcguagaguaug	scaffold1:41979659..41979720:+	IST1	scaffold1	41979659..41979720	41979659	41979720	0
81	scaffold1_102100	20.8	48 +/- 4%	-	78	77	0	1	no	-	-	-	-	ggaucuuugauuaugaug	agcauaauuuguggaucauuguaua	agcauaauuuguggaucauuguauaggaucuuugauuaugaug	scaffold1:43369432..43369475:-	PH2	scaffold1	43369432..43369475	43369432	43369475	0
82	scaffold1_25478	13.8	48 +/- 4%	-	51	49	0	2	no	-	-	-	-	ugguuuaugucuguauagaug	cacuuacuccacaguuuucag	ugguuuaugucuguauagauggauuuuugcuuaucaauuucaagaccacuuacuccacaguuuucag	scaffold1:43416151..43416218:+	PH2	scaffold1	43416151..43416218	43416151	43416218	0
83	scaffold1_110306	12.2	74 +/- 4%	-	23	22	0	1	yes	-	-	-	-	cauauauauauauauauaua	uauauauauauauauauguuug	cauauauauauauauauauauauauauauauauauauauauauauauauguuug	scaffold1:43512293..43512347:-	GA2	scaffold1	43512293..43512347	43512293	43512347	0
84	scaffold1_27299	25.9	67 +/- 3%	-	53	41	0	12	yes	-	-	-	-	gcguuauuguacuuuagggg	caguuugagugacgucauaaa	gcguuauuguacuuuaggggaaccaguuugagugacgucauaaa	scaffold1:43555084..43555128:+	PDii1	scaffold1	43555084..43555128	43555084	43555128	0
85	scaffold1_18181	111.3	60 +/- 3%	-	252	135	0	117	no	-	-	-	-	auucacugauuacaaaagaau	cuguuuaugauaugaauucc	auucacugauuacaaaagaaucaacuguuuaugauaugaauucc	scaffold1:43580112..43580156:+	AMP1	scaffold1	43580112..43580156	43580112	43580156	0
86	scaffold1_14248	10.0	68 +/- 3%	-	28	26	0	2	yes	-	-	-	-	ugaugaugaugaugaugaugauga	gaugaugaugaugaugaug	ugaugaugaugaugaugaugaugauuauagugaugacgaugaugauagaugaugaugaugaugaugaugaugaugaugaugaugaug	scaffold1:43852124..43852211:+	IST1	scaffold1	43852124..43852211	43852124	43852211	0
87	scaffold1_73734	21.5	86 +/- 2%	-	39	38	0	1	yes	-	-	-	-	ugccacacgauuagucuuu	gacuaacguguggcaccccaaa	ugccacacgauuagucuuuugacuauaguaaaaaaacuuuuuggacuauagccaaagacuaacguguggcaccccaaa	scaffold1:44709493..44709571:-	PH1	scaffold1	44709493..44709571	44709493	44709571	0
88	scaffold1_109385	61.6	67 +/- 3%	-	167	165	1	1	no	-	-	-	-	gcaaaugaugagaguaauu	auacuuuuauuuuagucgccu	auacuuuuauuuuagucgccuauuguuuuacuacauauuuuaauaguuugcaaaugaugagaguaauu	scaffold1:46085682..46085750:-	PDii1	scaffold1	46085682..46085750	46085682	46085750	0
89	scaffold1_109389	62.4	67 +/- 3%	-	166	165	0	1	no	-	-	-	-	gcaaaugaugagaguaauu	auacuuuuauuuuagucgccu	auacuuuuauuuuagucgccuauuguuuuacugcauauuuuaauaguuugcaaaugaugagaguaauu	scaffold1:46085996..46086064:-	PDii1	scaffold1	46085996..46086064	46085996	46086064	0
90	scaffold1_104433	113.5	48 +/- 4%	-	237	161	0	76	no	-	-	-	-	uaguguguaacuuugaugaacc	uuuuucauuguuguauacuugg	uaguguguaacuuugaugaaccuuauacaguuuuucauuguuguauacuugg	scaffold1:47259812..47259864:-	PH2	scaffold1	47259812..47259864	47259812	47259864	0
91	scaffold1_29218	27.1	67 +/- 3%	-	67	66	0	1	no	-	-	-	-	cccuaaaguacaauaacgcca	gcuuucuuuacuuuaggguug	cccuaaaguacaauaacgccacauuuccuuaugcuuucuuuacuuuaggguug	scaffold1:47427912..47427965:+	PDii1	scaffold1	47427912..47427965	47427912	47427965	0
92	scaffold1_111765	43.8	75 +/- 3%	-	123	122	0	1	no	-	-	-	-	guuguaguuauuagauauu	gugugauguagcaugaaauu	guuguaguuauuagauauuugugaucuaagugguuuguaacugcuaucaauugagugugauguagcaugaaauu	scaffold1:48090166..48090240:-	DI1	scaffold1	48090166..48090240	48090166	48090240	0
93	scaffold1_113645	10.3	74 +/- 4%	-	23	22	0	1	yes	-	-	-	-	cauauauauauauauauaua	acauuguauguguguguc	acauuguaugugugugucacuguauauguuaagacauaccaaagcucauauauauauauauauaua	scaffold1:48109344..48109410:-	GA2	scaffold1	48109344..48109410	48109344	48109410	0
94	scaffold1_114253	15.4	74 +/- 4%	-	29	26	0	3	yes	-	-	-	-	cauauauauauauauauaua	auauauauauauauauauggg	cauauauauauauauauauauauauauauauauauauauauauauauauauggg	scaffold1:49298491..49298545:-	GA2	scaffold1	49298491..49298545	49298491	49298545	0
95	scaffold1_101288	725.9	76 +/- 4%	-	1454	1453	0	1	no	-	-	-	-	aguaguaguaguaguagu	uaguaguaguaguauaag	aguaguaguaguaguaguaguaguaguaguaguauaag	scaffold1:49327116..49327154:-	EC1	scaffold1	49327116..49327154	49327116	49327154	0
96	scaffold1_29164	120.2	76 +/- 2%	-	263	218	44	1	no	-	-	-	-	gugcagcaggaauuagagaacuu	ugugauguuucuuuguacga	ugugauguuucuuuguacgaugaauggagaaggugacaacaucaucagagugagugcagcaggaauuagagaacuu	scaffold1:49362661..49362737:+	PL1	scaffold1	49362661..49362737	49362661	49362737	0
97	scaffold1_25394	105.0	76 +/- 4%	-	215	214	0	1	no	-	-	-	-	aucacgucagggucacca	guggccacggaagggugc	aucacgucagggucaccauuuagcaucggauggguggccacggaagggugc	scaffold1:49378310..49378361:+	GA1	scaffold1	49378310..49378361	49378310	49378361	0
98	scaffold1_15994	180.7	68 +/- 3%	-	380	359	3	18	no	-	-	-	-	ugagcagguuaguaaucgua	gaaaaacaaggcguucaaaga	ugagcagguuaguaaucguagagcaacuaggaagguuaccaugcugagaagaagaaaugaggugacgaauuucuggaaauacaaaacgaaaaacaaggcguucaaaga	scaffold1:49585572..49585680:+	IST1	scaffold1	49585572..49585680	49585572	49585680	0
99	scaffold1_110094	11.6	75 +/- 2%	-	22	4	0	18	yes	-	-	-	-	ugguauucagaggcgcucau	cccagcgccgcugaauaccaga	cccagcgccgcugaauaccagaggcaucaaaauuuacugguauucagaggcgcucau	scaffold1:49660053..49660110:-	PL3	scaffold1	49660053..49660110	49660053	49660110	0
100	scaffold1_106936	87.2	48 +/- 4%	-	183	176	6	1	no	-	-	-	-	ugcaaauaugggggugaaauug	uuuuaccacuauaguggcaaug	ugcaaauaugggggugaaauugggugaucuaugcaauauauuacagucacuaugggcaacaccucuaauuuuaccacuauaguggcaaug	scaffold1:50451800..50451890:-	PH2	scaffold1	50451800..50451890	50451800	50451890	0
101	scaffold1_32220	43.0	72 +/- 3%	-	107	76	19	12	no	-	-	-	-	uguuaaaagagaauuuggaauug	ccgucuuuauuguuuuggaua	uguuaaaagagaauuuggaauuggcuauggauauccgauauuuuacagguuuugguguaauuuaccaauuuugggucauuugccgucuuuauuguuuuggaua	scaffold1:50520655..50520758:+	PDii2	scaffold1	50520655..50520758	50520655	50520758	0
102	scaffold1_94985	14.5	76 +/- 4%	-	37	34	0	3	no	-	-	-	-	uguguuguggagaucggcuucggg	cgaagaggaaacaucauacugcccag	uguguuguggagaucggcuucgggcaggggcccauggaacaaccgaagaggaaacaucauacugcccag	scaffold1:51196181..51196250:-	GA1	scaffold1	51196181..51196250	51196181	51196250	0
103	scaffold1_113559	21.7	67 +/- 3%	-	59	38	0	21	no	-	-	-	-	uucuucuacacucaugucgaugg	uacacaaguaaggacguauacaaa	uacacaaguaaggacguauacaaauucuucuacacucaugucgaugg	scaffold1:52176315..52176362:-	PDii1	scaffold1	52176315..52176362	52176315	52176362	0
104	scaffold1_121587	27.7	70 +/- 4%	-	89	83	3	3	no	-	-	-	-	ucacucugaucgaaaacugcu	gcuuuugaucggcucccgca	ucacucugaucgaaaacugcuaucuucauuccgaucguaaugauccugguugcauuauccuuucuaaagcuuuugaucggcucccgca	scaffold1:52985905..52985993:-	EC2	scaffold1	52985905..52985993	52985905	52985993	0
105	scaffold1_114331	16.0	67 +/- 3%	-	48	42	0	6	no	-	-	-	-	ugguuuaugauuugcgcgccag	cgcuucgucaauuguuugcagaa	ugguuuaugauuugcgcgccagcaacguugcucgcuucgucaauuguuugcagaa	scaffold1:53412147..53412202:-	PDii1	scaffold1	53412147..53412202	53412147	53412202	0
106	scaffold1_34259	671.1	72 +/- 3%	-	1330	1321	7	2	no	-	-	-	-	ugaaagaagucaucacaug	auguaaugauuucguauccau	auguaaugauuucguauccauuucccuuaagaauauugaaagaagucaucacaug	scaffold1:53980705..53980760:+	PDii2	scaffold1	53980705..53980760	53980705	53980760	0
107	scaffold1_31505	32.3	48 +/- 4%	-	84	33	43	8	no	-	-	-	-	ugcauuucaauuccgcaag	ugucggaaguagugucacu	ugucggaaguagugucacugcucacuuguguaauucaaucaauucuuccuucacauuccugaauuuuccucuggguauugcauuucaauuccgcaag	scaffold1:54009227..54009324:+	PH2	scaffold1	54009227..54009324	54009227	54009324	0
108	scaffold1_31679	50.7	76 +/- 2%	-	158	154	3	1	no	-	-	-	-	ugacucauuaauacaaga	uguauuaccacgaucacu	uguauuaccacgaucacuaacaaauccaaaagcgauuuuuccccauuuugguacauugccauugacucauuaauacaaga	scaffold1:54020240..54020320:+	PL1	scaffold1	54020240..54020320	54020240	54020320	0
109	scaffold1_52035	14.2	72 +/- 3%	-	28	20	5	3	yes	-	-	-	-	gacgcccugaagauguaugcu	gcaugcagagauucuggguu	gacgcccugaagauguaugcuaguucuaggaagaugcugcagaagcaaguggaaacauuggagaaggcaugcagagauucuggguu	scaffold1:54646660..54646746:-	IST2	scaffold1	54646660..54646746	54646660	54646746	0
110	scaffold1_30245	111.0	78 +/- 3%	-	250	241	8	1	no	-	-	-	-	ugcauuugaauuuguaaguugucc	uaaacuauuaauucaauu	uaaacuauuaauucaauuaaaguuccuuccaguauuuuccacggggaauugcauuugaauuuguaaguugucc	scaffold1:55345849..55345922:+	PL2	scaffold1	55345849..55345922	55345849	55345922	0
111	scaffold1_32415	12.4	48 +/- 4%	-	31	18	0	13	no	-	-	-	-	ugucguggaggagaauug	uucguucaacuucugcagg	uucguucaacuucugcaggguugguugugcgacgugcggccgggcguugucguggaggagaauug	scaffold1:55538603..55538668:+	PH2	scaffold1	55538603..55538668	55538603	55538668	0
112	scaffold1_21842	43.2	58 +/- 3%	-	136	60	67	9	no	-	-	-	-	auaaaauauuuacuaagagag	ucaucaguugauuuuuaaug	ucaucaguugauuuuuaauguaguaaaacacucauaaauauacauuugcaaguuuauauuauacauaaaauauuuacuaagagag	scaffold1:56532510..56532595:+	AMP3	scaffold1	56532510..56532595	56532510	56532595	0
113	scaffold1_31506	23.5	78 +/- 3%	-	72	71	0	1	no	-	-	-	-	cugucuaauaauucgcaaacuccag	uggaugucucccuacgauug	uggaugucucccuacgauugaagaagcauaugcuuuagauuugagguuaaagcugucuaauaauucgcaaacuccag	scaffold1:57945029..57945106:+	PL2	scaffold1	57945029..57945106	57945029	57945106	0
114	scaffold1_67157	10.0	67 +/- 3%	-	35	34	0	1	no	-	-	-	-	ugacuauugaucuauacaugu	uugaaaugacuggauaguc	ugacuauugaucuauacauguaugaaauaauagaugcuugaaaugacuggauaguc	scaffold1:57989195..57989251:-	IST3	scaffold1	57989195..57989251	57989195	57989251	0
115	scaffold1_23962	82.3	67 +/- 3%	-	173	167	0	6	yes	-	-	-	-	aucaaacagcacuuaucgucc	gauauaauaucuguuuguac	aucaaacagcacuuaucguccuucagcaaaggauauaauaucuguuuguac	scaffold1:58837308..58837359:+	AMP2	scaffold1	58837308..58837359	58837308	58837359	0
116	scaffold1_24479	301.4	67 +/- 3%	-	672	271	290	111	no	-	-	-	-	uuuguuacuaucaaaugauuu	guuauauuuuguuggaauaa	uuuguuacuaucaaaugauuuagaugaaagaucuaauuuguuaagaaaaucuucaguauuuuuuaaguuauauuuuguuggaauaa	scaffold1:60419243..60419329:+	AMP2	scaffold1	60419243..60419329	60419243	60419329	0
117	scaffold1_82900	460.2	60 +/- 3%	-	926	695	189	42	no	-	-	-	-	uagcaauggcauggauagacu	augcuagaggccaauggaguu	uagcaauggcauggauagacuacaggaaggcguaugagagcauaucacauagguggguauugagaaugcuagaggccaauggaguu	scaffold1:60738844..60738930:-	AMP1	scaffold1	60738844..60738930	60738844	60738930	0
118	scaffold1_118693	544.8	67 +/- 3%	-	1086	1050	34	2	no	-	-	-	-	ugaaaaacgagugaaggg	uuggaggguugccagucaa	uuggaggguugccagucaacauguaauuagcagcaguacaagcaugauugaaaaacgagugaaggg	scaffold1:60766826..60766892:-	PDii1	scaffold1	60766826..60766892	60766826	60766892	0
119	scaffold1_83356	251.4	67 +/- 3%	-	525	522	0	3	no	-	-	-	-	uaguaguaguaguaguaguagu	aguaguuguaguaguaguagu	uaguaguaguaguaguaguaguaguaguuguaguaguuguaguaguaguaguuguaguaguaguagu	scaffold1:62074107..62074174:-	AMP2	scaffold1	62074107..62074174	62074107	62074174	0
120	scaffold1_19770	89.6	68 +/- 3%	-	208	207	0	1	no	-	-	-	-	ugacaaguuacguuuauuugg	accgucgucaaugugucaaaa	ugacaaguuacguuuauuuggauuugaugcugauuccaucgaauuuuuucagucuuauauaaccaaccgucgucaaugugucaaaa	scaffold1:63364344..63364430:+	IST1	scaffold1	63364344..63364430	63364344	63364430	0
121	scaffold1_75133	53.9	73 +/- 3%	-	169	22	146	1	no	-	-	-	-	gucagauaaucauuggaguuc	auucuauaucauuuugacauc	gucagauaaucauuggaguucacuaaauccacaauuuuccaagaaaguccucauucaucaucauaugacaagauacucauccagaauuaauucuauaucauuuugacauc	scaffold1:63729830..63729940:-	SMA3	scaffold1	63729830..63729940	63729830	63729940	0
122	scaffold1_37220	641.5	48 +/- 4%	-	1265	1242	2	21	no	-	-	-	-	gugaugaugaugugagacugucug	acguuaaacaacaggguauacgaag	acguuaaacaacaggguauacgaaggugcugccaugugugcuaugcacaugugggggcggugaugaugaugugagacugucug	scaffold1:65569047..65569130:+	PH2	scaffold1	65569047..65569130	65569047	65569130	0
123	scaffold1_84930	46.4	60 +/- 3%	-	90	83	5	2	yes	-	-	-	-	guggcuugggcacacauuggg	cuugauccaagccaagaaccu	guggcuugggcacacauugggagugauucaaggguccuugauccaagccaagaaccu	scaffold1:65884914..65884971:-	AMP1	scaffold1	65884914..65884971	65884914	65884971	0
124	scaffold1_70017	20.2	67 +/- 3%	-	37	35	0	2	yes	-	-	-	-	uuaccauaguacagagcggacc	uccgcuuuguacuaugguaaauu	uccgcuuuguacuaugguaaauuauuccaaguguccgcucuguacaccauauucgaauuuaccauaguacagagcggacc	scaffold1:67769974..67770054:-	IST3	scaffold1	67769974..67770054	67769974	67770054	0
125	scaffold1_96424	29.1	77 +/- 3%	-	56	31	0	25	yes	-	-	-	-	cuuuccaaauauuuggcaauu	uuugccaaauauuuggaaucga	uuugccaaauauuuggaaucgauuggcaaauccuuuccaaauauuuggcaauu	scaffold1:67908323..67908376:-	PDi1	scaffold1	67908323..67908376	67908323	67908376	0
126	scaffold1_39120	1021.4	48 +/- 4%	-	2037	2029	0	8	no	-	-	-	-	uccuucaugauauuauagug	uguauaauagggaaauuc	uguauaauagggaaauucgauucuuaaacgccuccuucaugauauuauagug	scaffold1:67931668..67931720:+	PH2	scaffold1	67931668..67931720	67931668	67931720	0
127	scaffold1_32910	208.5	77 +/- 3%	-	406	393	6	7	yes	-	-	-	-	gcaguaaugauguuaguagag	ugcuggcaucauuacuguucu	gcaguaaugauguuaguagagacgauucugcugcagaauguguagcugcuggcaucauuacuguucu	scaffold1:69313512..69313579:+	PDi1	scaffold1	69313512..69313579	69313512	69313579	0
128	scaffold1_23051	199.8	79 +/- 3%	-	422	374	47	1	no	-	-	-	-	uauguggauguacaaaggacu	guucuucuuuauguuuaaac	guucuucuuuauguuuaaacaugacauuucaaugaaaauuacuaaaaaagaaaaugaagaauuuaaaaauucaaaggaguguuauuuauguggauguacaaaggacu	scaffold1:69759893..69760000:+	SMA2	scaffold1	69759893..69760000	69759893	69760000	0
129	scaffold1_86849	258.2	67 +/- 3%	-	517	516	0	1	yes	-	-	-	-	uaguaguaguaguaguaguagu	gugguaguaguaguaguagu	gugguaguaguaguaguaguaguaagguaguaguaguaguaguaguaguaguagu	scaffold1:70214063..70214118:-	AMP2	scaffold1	70214063..70214118	70214063	70214118	0
130	scaffold1_87431	512.0	60 +/- 3%	-	1024	1020	1	3	no	-	-	-	-	uguaggagaacauuugggauu	agcgcgggugugaaacuc	agcgcgggugugaaacucggcgcaggaugacuggggaaagaugagacagaacgugaggcagcagcacuguaggagaacauuugggauu	scaffold1:71176603..71176691:-	AMP1	scaffold1	71176603..71176691	71176603	71176691	0
131	scaffold1_27827	101.0	58 +/- 3%	-	221	220	0	1	no	-	-	-	-	uuaagucaguuacauccagcc	uugcacugaguuaggaugggg	uuaagucaguuacauccagccuugaggguugcacugaguuaggaugggg	scaffold1:71664697..71664746:+	AMP3	scaffold1	71664697..71664746	71664697	71664746	0
132	scaffold1_22998	934.3	68 +/- 3%	-	1845	874	0	971	yes	-	-	-	-	ucaaagauuucuugaagcucg	gaaaagaaaucaaucgcuguu	ucaaagauuucuugaagcucggcgacggggaaaagaaaucaaucgcuguu	scaffold1:71798219..71798269:+	IST1	scaffold1	71798219..71798269	71798219	71798269	0
133	scaffold1_114824	11.5	75 +/- 3%	-	39	37	0	2	no	-	-	-	-	ugugaaagaaguuucaguguug	acgcaaucgacuuuugccuaugca	ugugaaagaaguuucaguguugcgaagaacauuaagucgccacaacgcaaucgacuuuugccuaugca	scaffold1:72235434..72235502:-	PDi2	scaffold1	72235434..72235502	72235434	72235502	0
134	scaffold1_82397	2958.0	58 +/- 3%	-	5812	3159	1649	1004	no	-	-	-	-	ucuugauucguuauuaccgcc	guugucugcgaucaagagucu	guugucugcgaucaagagucucaugaauccugauguguggucugaaggcgucuugauucguuauuaccgcc	scaffold1:72544223..72544294:-	AMP3	scaffold1	72544223..72544294	72544223	72544294	0
135	scaffold1_115076	17.5	75 +/- 3%	-	93	90	0	3	no	-	-	-	-	ucgcaaauuggaucuugauccuuu	auuucauuaaguucucuaau	ucgcaaauuggaucuugauccuuuuaauuucauuaaguucucuaau	scaffold1:72575294..72575340:-	PDi2	scaffold1	72575294..72575340	72575294	72575340	0
136	scaffold1_91166	65.7	87 +/- 2%	-	140	130	9	1	no	-	-	-	-	ucgacucccugcucguccaa	gggcgugcagcucaguggu	gggcgugcagcucagugguagagcguccgauucgcaugcggaaggucaagguucgacucccugcucguccaa	scaffold1:74182797..74182869:-	HL2	scaffold1	74182797..74182869	74182797	74182869	0
137	scaffold1_114512	631.2	78 +/- 3%	-	1261	551	677	33	no	-	-	-	-	gugaugcauacaaucgugu	cacguuucaaguuuauuacauuuag	cacguuucaaguuuauuacauuuagaucaaaugcagauuuuugcgauauaauacauuggaagaguugaacauugugugaugcauacaaucgugu	scaffold1:74577056..74577150:-	PL2	scaffold1	74577056..74577150	74577056	74577150	0
138	scaffold1_57539	83.3	72 +/- 3%	-	189	123	0	66	no	-	-	-	-	uccgguuuuccuaauugcaua	uuuauuagggaaauugaguu	uuuauuagggaaauugaguugaaauccgguuuuccuaauugcaua	scaffold1:74878675..74878720:-	IST2	scaffold1	74878675..74878720	74878675	74878720	0
139	scaffold1_42741	902.6	48 +/- 4%	-	1783	1782	0	1	no	-	-	-	-	uugacgucauucucuucccg	uggugauuggacgugguuc	uggugauuggacgugguuccauugacgucauucucuucccg	scaffold1:74990201..74990242:+	PH2	scaffold1	74990201..74990242	74990201	74990242	0
140	scaffold1_31071	142.8	67 +/- 3%	-	294	242	51	1	no	-	-	-	-	gcuuucuccaggucagagug	gcucagacuuggaaugaag	gcuuucuccaggucagagugaacagaaagaagauuccaucucaaauuggggagcucagacuuggaaugaag	scaffold1:75367048..75367119:+	AMP2	scaffold1	75367048..75367119	75367048	75367119	0
141	scaffold1_46827	50.0	72 +/- 3%	-	121	118	0	3	no	-	-	-	-	uaggauuucaguuuuagagagag	ccucuuaaugugauuugcuugc	uaggauuucaguuuuagagagagauuauguucuuccucuuaaugugauuugcuugc	scaffold1:75374465..75374521:+	PDii2	scaffold1	75374465..75374521	75374465	75374521	0
142	scaffold1_44368	42.2	75 +/- 2%	-	99	55	3	41	no	-	-	-	-	uggaucucuaaguugagggg	ucucaaccugauuagaagu	uggaucucuaaguugagggguugauuugguaaucagauagaacauaaccagcuuugcugaacaguuucucaaccugauuagaagu	scaffold1:76224158..76224243:+	PL3	scaffold1	76224158..76224243	76224158	76224243	0
143	scaffold1_133020	604.4	72 +/- 3%	-	1183	1182	0	1	yes	-	-	-	-	caucaaaagguucucgucug	gacgagcaucauuuugacgua	gacgagcaucauuuugacguaugcuaauuugaauauuauacaaaucaaaugauauacaucaaaagguucucgucug	scaffold1:76512232..76512308:-	PDii2	scaffold1	76512232..76512308	76512232	76512308	0
144	scaffold1_31328	33.1	60 +/- 3%	-	77	73	0	4	no	-	-	-	-	ugcuuccauuauuuuuagcca	caaaacaaauggggcgaauuu	caaaacaaauggggcgaauuuugcuuccauuauuuuuagcca	scaffold1:76553509..76553551:+	AMP1	scaffold1	76553509..76553551	76553509	76553551	0
145	scaffold1_115587	31.2	78 +/- 3%	-	75	74	0	1	no	-	-	-	-	uucauuguuagcauguuuugguu	cuuggagcgaaaaugaugaa	cuuggagcgaaaaugaugaacugaguuuuuuugcuuauucauuguuagcauguuuugguu	scaffold1:76915758..76915818:-	PL2	scaffold1	76915758..76915818	76915758	76915818	0
146	scaffold1_70665	49.3	68 +/- 3%	-	94	90	0	4	yes	-	-	-	-	caaaaguuguucguguagcaug	ugcuacacgaacgauuuucg	ugcuacacgaacgauuuucguugccaacaaaaaucgguggcaaaaguuguucguguagcaug	scaffold1:77043136..77043198:-	IST1	scaffold1	77043136..77043198	77043136	77043198	0
147	scaffold1_128820	1235.5	67 +/- 3%	-	2461	2459	0	2	no	-	-	-	-	aguaguaguaguaguagu	guaguaguaguaguaguau	aguaguaguaguaguaguaguaguaguaguaguaguau	scaffold1:77194116..77194154:-	PDii1	scaffold1	77194116..77194154	77194116	77194154	0
148	scaffold1_30040	57.9	58 +/- 3%	-	136	132	3	1	no	-	-	-	-	ugagauuacguugaacuguu	caagguaauaaaucaaagag	ugagauuacguugaacuguuuuuaaagcaugguguuuuaacaaaacgcaucgucaauuggaaugcugugugagacaagguaauaaaucaaagag	scaffold1:77697870..77697964:+	AMP3	scaffold1	77697870..77697964	77697870	77697964	0
149	scaffold1_84623	57.9	58 +/- 3%	-	136	132	3	1	no	-	-	-	-	ugagauuacguugaacuguu	caagguaauaaaucaaagag	ugagauuacguugaacuguuuuuaaagcaugguguuuuaacaaaacgcaucgucaauuggaaugcugugugagacaagguaauaaaucaaagag	scaffold1:77705327..77705421:-	AMP3	scaffold1	77705327..77705421	77705327	77705421	0
150	scaffold1_123759	22.4	69 +/- 3%	-	80	43	34	3	no	-	-	-	-	uucuguaagaagaaguuugga	cuuguuuucucauuagauaga	uucuguaagaagaaguuuggaauuuacuuauucucugaauacuuauuacccauggaaugaacaugcucuuguuuucucauuagauaga	scaffold1:79460677..79460765:-	PDii3	scaffold1	79460677..79460765	79460677	79460765	0
151	scaffold1_45771	792.0	76 +/- 2%	-	1566	1564	1	1	no	-	-	-	-	auccugcugacugcgcca	gcguuuauaguuuugggguuu	auccugcugacugcgccacuguuagaaaauugcauuggcuaggcguuuauaguuuugggguuu	scaffold1:80056259..80056322:+	PL1	scaffold1	80056259..80056322	80056259	80056322	0
152	scaffold1_44904	14.4	74 +/- 4%	-	26	24	1	1	yes	-	-	-	-	uguccagaucgucuagugg	ccuagucuggacaaauuuua	uguccagaucgucuagugguuagaacauugcguuguggacgcaauaacagguucgaauccuagucuggacaaauuuua	scaffold1:80579455..80579533:+	DI3	scaffold1	80579455..80579533	80579455	80579533	0
153	scaffold1_23655	20.6	89 +/- 2%	-	39	23	1	15	yes	-	-	-	-	gguucgaauccuggucuggacaa	guccagaucggcuagugguua	guccagaucggcuagugguuaggacauugcguuguggccgcaauaaccuagguucgaauccuggucuggacaa	scaffold1:80582386..80582459:+	PH3	scaffold1	80582386..80582459	80582386	80582459	0
154	scaffold1_45962	25.9	76 +/- 2%	-	49	31	0	18	yes	-	-	-	-	gguucgaauccuggucuggacaa	uguccagaucgucuagugg	uguccagaucgucuagugguugggacauugcguuguggccgcaauaacagguucgaauccuggucuggacaa	scaffold1:80607920..80607992:+	PL1	scaffold1	80607920..80607992	80607920	80607992	0
155	scaffold1_44972	10.5	74 +/- 4%	-	22	20	1	1	yes	-	-	-	-	uguccagaucgucuagugg	ucuggucugggcaaauuuu	uguccagaucgucuagugguuaagacauugcguuguggccccaauaacccagguucgaauucuggucugggcaaauuuu	scaffold1:80735526..80735605:+	DI3	scaffold1	80735526..80735605	80735526	80735605	0
156	scaffold1_50657	230.4	70 +/- 4%	-	482	56	354	72	no	-	-	-	-	cuccaucugcuaauccggcu	gcccguuuuuagugauuccuu	cuccaucugcuaauccggcugcuccacaauaugcucgauuuaacagugacuuucugucacuuaaugcugcucucucaucuucguugcccguuuuuagugauuccuu	scaffold1:80782865..80782971:+	EC2	scaffold1	80782865..80782971	80782865	80782971	0
157	scaffold1_74752	61.4	67 +/- 3%	-	161	160	0	1	no	-	-	-	-	gguugugcuguuguucucagu	ccuaaccuugacauucacccc	ccuaaccuugacauucacccccucuccuuugagucuuuuuccuuugauuucuguugagguugugcuguuguucucagu	scaffold1:80790429..80790507:-	IST3	scaffold1	80790429..80790507	80790429	80790507	0
158	scaffold1_30112	26.9	73 +/- 3%	-	64	59	4	1	no	-	-	-	-	ugcaucaggugaauuuggagg	ugacauucucaugaugacauuucuug	ugacauucucaugaugacauuucuuggacauuaacucaaucacgccccaaaaguaaaaguccaauggauuugcaucaggugaauuuggagg	scaffold1:80832559..80832650:+	SMA3	scaffold1	80832559..80832650	80832559	80832650	0
159	scaffold1_131435	62.9	75 +/- 3%	-	148	126	1	21	no	-	-	-	-	ucaagauguaauuagcag	ugcgauguuucuugggacga	ucaagauguaauuagcagcaguacagucaugauugaaaacgagugaagggugcgauguuucuugggacga	scaffold1:80924714..80924784:-	DI1	scaffold1	80924714..80924784	80924714	80924784	0
160	scaffold1_128787	11.0	75 +/- 2%	-	24	13	0	11	yes	-	-	-	-	uauauauauauauauaugcga	cauauauauauauauauaua	cauauauauauauauauauauauauauauauauauauauauauauauauaugcga	scaffold1:81125330..81125385:-	PL3	scaffold1	81125330..81125385	81125330	81125385	0
161	scaffold1_134383	12.0	74 +/- 4%	-	23	22	0	1	yes	-	-	-	-	cauauauauauauauauaua	uauauauauauauauaucugg	cauauauauauauauauauauauauauauauauauauaucugg	scaffold1:82136091..82136134:-	GA2	scaffold1	82136091..82136134	82136091	82136134	0
162	scaffold1_47377	34.1	76 +/- 2%	-	85	40	0	45	no	-	-	-	-	ugagcuugcuagcauuuccuucaac	uggguuuguguuaguuuaaacugc	ugagcuugcuagcauuuccuucaacacuuuguuggguuuguguuaguuuaaacugc	scaffold1:82288574..82288630:+	PL1	scaffold1	82288574..82288630	82288574	82288630	0
163	scaffold1_72606	11.8	68 +/- 3%	-	24	22	0	2	yes	-	-	-	-	uuguuuuucaauucguuguaca	uaugacggauagaaugaacaaua	uaugacggauagaaugaacaauaaguacauuuauuguuuuucaauucguuguaca	scaffold1:82682114..82682169:-	IST1	scaffold1	82682114..82682169	82682114	82682169	0
164	scaffold1_47263	1020.6	69 +/- 3%	-	2001	1388	316	297	yes	-	-	-	-	aguaguaguaguaguagu	uaguaguaguaguaguagu	aguaguaguaguaguaguaguaguaguaguaguauuaguaguaguaguaguaguaguaguaguaguauuauuaguaguauuaguaguaguaguaguagu	scaffold1:83291894..83291993:+	PDii3	scaffold1	83291894..83291993	83291894	83291993	0
165	scaffold1_44774	17.2	78 +/- 3%	-	44	43	0	1	no	-	-	-	-	uguguucccacuaucgacu	ucagaaguggccacgcug	ucagaaguggccacgcugcaggcguacggaguuuugaauucucgcaaaggcgugugaauuaaagguguguucccacuaucgacu	scaffold1:83871213..83871297:+	PL2	scaffold1	83871213..83871297	83871213	83871297	0
166	scaffold1_35225	420.4	60 +/- 3%	-	840	838	0	2	no	-	-	-	-	uggauuaggaaagugugcagc	gcagagauucuggguuggaau	gcagagauucuggguuggaauuuggauuaggaaagugugcagc	scaffold1:85172393..85172436:+	AMP1	scaffold1	85172393..85172436	85172393	85172436	0
167	scaffold1_49878	62.9	75 +/- 2%	-	157	156	0	1	no	-	-	-	-	ugcuguugcuacauuugagacauug	auguaaauggugaguuug	auguaaauggugaguuugcuagcauuuaucaauauaaaaguuugcuguugcuacauuugagacauug	scaffold1:85734289..85734356:+	PL3	scaffold1	85734289..85734356	85734289	85734356	0
168	scaffold1_59192	84.5	70 +/- 3%	-	187	78	107	2	no	-	-	-	-	uagcugaauuuaugccuuaugcug	agcaaagacaaaaaaauug	uagcugaauuuaugccuuaugcugauucuuuauaugaugauggauggauacuccaacaggacggagcaaccccgcacacgucagcaaagacaaaaaaauug	scaffold1:85874113..85874214:+	DI2	scaffold1	85874113..85874214	85874113	85874214	0
169	scaffold1_27669	194.2	68 +/- 3%	-	422	421	0	1	no	-	-	-	-	ccaauuuaaguuugcagcaag	aggcacaaaguucacaggua	ccaauuuaaguuugcagcaaguuuaacucuaagauuagugugaugaggcacaaaguucacaggua	scaffold1:85920840..85920905:+	IST1	scaffold1	85920840..85920905	85920840	85920905	0
170	scaffold1_44606	11.6	72 +/- 3%	-	36	35	0	1	no	-	-	-	-	ugacgucauuggaauauguuc	acagcuuugaaugaugaaguu	acagcuuugaaugaugaaguucagcauuguggguagggguguaucucugacgucauuggaauauguuc	scaffold1:86132678..86132746:+	SMA1	scaffold1	86132678..86132746	86132678	86132746	0
171	scaffold1_93747	10.7	60 +/- 3%	-	18	15	0	3	yes	-	-	-	-	uaccauaguacagagcggaca	guccgcucuguacuauggug	guccgcucuguacuauggugguaaauucgaauuugguguacagagcggacacuuggaauaauuuaccauaguacagagcggaca	scaffold1:86193510..86193594:-	AMP1	scaffold1	86193510..86193594	86193510	86193594	0
172	scaffold1_74636	135.5	79 +/- 3%	-	281	270	0	11	yes	-	-	-	-	uaguaguaguaguaguaguagu	uaguaguaguaguaguag	uaguaguaguaguaguagguaguaguaguaguaguaguaguaguaguaguaguaguaguaguaguaguagu	scaffold1:87387222..87387293:-	SMA2	scaffold1	87387222..87387293	87387222	87387293	0
173	scaffold1_28396	36.9	68 +/- 3%	-	75	61	0	14	yes	-	-	-	-	gacuaaucguguggcaccccc	cgguuuacgauuagucaaauu	gacuaaucguguggcacccccaaaaacucacuuuugcgguuuacgauuagucaaauu	scaffold1:87928843..87928900:+	IST1	scaffold1	87928843..87928900	87928843	87928900	0
174	scaffold1_23518	135.7	72 +/- 3%	-	288	286	1	1	yes	-	-	-	-	uaguaguaguaguaguaguagu	uaguaguaguaguaguaguggu	uaguaguaguaguaguagugguaguaguaguguaguaguaguaguaguaguaguaguaguagu	scaffold1:88328501..88328564:+	IST2	scaffold1	88328501..88328564	88328501	88328564	0
175	scaffold1_35644	384.0	86 +/- 2%	-	784	779	0	5	yes	-	-	-	-	uaguaguaguaguaguaguagu	gguaguaguaguaguagu	gguaguaguaguaguaguagugguggaguaguaguaguaguaguaguagu	scaffold1:88333785..88333835:+	PH1	scaffold1	88333785..88333835	88333785	88333835	0
176	scaffold1_47994	613.2	75 +/- 3%	-	1207	404	802	1	yes	-	-	-	-	aguaguaguaguaguagu	guaguagugguaguaguagua	aguaguaguaguaguaguauuaguaguauuguaguaguaguaguaguaguaguaguaguaguaguaguaguagugguuaguaguagugguaguaguagua	scaffold1:88339826..88339926:+	PDi2	scaffold1	88339826..88339926	88339826	88339926	0
177	scaffold1_50064	37.0	48 +/- 4%	-	101	74	0	27	no	-	-	-	-	uguuuuguugagacaugguucaag	uggaauccaucaacucaaacuaug	uguuuuguugagacaugguucaaggaagacacugaucuccuaccuuggaauccaucaacucaaacuaug	scaffold1:88342672..88342741:+	PH2	scaffold1	88342672..88342741	88342672	88342741	0
178	scaffold1_50072	37.0	48 +/- 4%	-	101	74	0	27	no	-	-	-	-	uguuuuguugagacaugguucaag	uggaauccaucaacucaaacuaug	uguuuuguugagacaugguucaaggaagacacugaucuccuaccuuggaauccaucaacucaaacuaug	scaffold1:88348826..88348895:+	PH2	scaffold1	88348826..88348895	88348826	88348895	0
179	scaffold1_47154	687.6	78 +/- 3%	-	1356	1352	1	3	yes	-	-	-	-	aguaguaguaguaguagu	auuaguaguaguaguagu	aguaguaguaguaguaguaguauuaauaguaguaguaguagugaguaguaguaguaguaaguaguaguauuaguaguaguaguagu	scaffold1:88358213..88358299:+	PL2	scaffold1	88358213..88358299	88358213	88358299	0
180	scaffold1_36486	170.9	87 +/- 2%	-	352	349	0	3	yes	-	-	-	-	uaguaguaguaguaguaguagu	aguaguaguauuaguagu	aguaguaguauuaguaguaguaguaguaguaguaguaguaguaguaguaguaguaguagu	scaffold1:88359454..88359514:+	HL3	scaffold1	88359454..88359514	88359454	88359514	0
181	scaffold1_45867	186.3	72 +/- 3%	-	388	183	7	198	yes	-	-	-	-	guaguaguaguaguaguagua	uaguaguaguaguaguagu	uaguaguaguaguaguaguaguaguaguaguaguaguaguaguagugaugauauuaauaguaguaguguguguguguaguaguaguaguaguaguagua	scaffold1:88364232..88364331:+	SMA1	scaffold1	88364232..88364331	88364232	88364331	0
182	scaffold1_53839	1041.4	74 +/- 4%	-	2074	2071	0	3	yes	-	-	-	-	aguaguaguaguaguagu	uaguaguaguguaguaguagu	aguaguaguaguaguaguaguaguaguaauguguuaguaauguaaucaguaguaguauuaaugaguaguaguaauaguaguaguaguguaguaguagu	scaffold1:88365153..88365251:+	GA2	scaffold1	88365153..88365251	88365153	88365251	0
183	scaffold1_47161	701.4	78 +/- 3%	-	1378	1376	0	2	yes	-	-	-	-	aguaguaguaguaguagu	uaguagaaguauguuuau	aguaguaguaguaguaguaguaguaguaguaguaguaguaguaguaguaguaguaguaguaguaguagaaguauguuuau	scaffold1:88394488..88394568:+	PL2	scaffold1	88394488..88394568	88394488	88394568	0
184	scaffold1_157619	57.4	70 +/- 3%	-	118	90	27	1	yes	-	-	-	-	accaaauguauacaaaagugaaca	caccaaauguauacagaagugaa	caccaaauguauacagaagugaacaauugugugugaguugauaaagaugcaacagucaccaaauguauacaaaagugaaca	scaffold1:88655166..88655247:-	DI2	scaffold1	88655166..88655247	88655166	88655247	0
185	scaffold1_157621	57.4	70 +/- 3%	-	118	90	27	1	yes	-	-	-	-	accaaauguauacaaaagugaaca	caccaaauguauacagaagugaa	caccaaauguauacagaagugaacaauugugugugaguugauaaagaugcaacagucaccaaauguauacaaaagugaaca	scaffold1:88655278..88655359:-	DI2	scaffold1	88655278..88655359	88655278	88655359	0
186	scaffold1_157625	53.6	70 +/- 3%	-	118	90	27	1	no	-	-	-	-	accaaauguauacaaaagugaaca	caccaaauguauacagaagugaa	caccaaauguauacagaagugaacaauugugugugaguugauaaagaugcaacagucaccaaauguauacaaaagugaaca	scaffold1:88655503..88655584:-	DI2	scaffold1	88655503..88655584	88655503	88655584	0
187	scaffold1_157627	53.6	70 +/- 3%	-	118	90	27	1	no	-	-	-	-	accaaauguauacaaaagugaaca	caccaaauguauacagaagugaa	caccaaauguauacagaagugaacaauugugugugaguugauaaagaugcaacagucaccaaauguauacaaaagugaaca	scaffold1:88655615..88655696:-	DI2	scaffold1	88655615..88655696	88655615	88655696	0
188	scaffold1_29610	16.3	79 +/- 3%	-	52	50	0	2	no	-	-	-	-	ugaaaucuucguuaaacguca	ucguuucauuuaguucuugug	ugaaaucuucguuaaacgucauguggauuguacuucucauguauggccuauugaucguuucauuuaguucuugug	scaffold1:89807745..89807820:+	SMA2	scaffold1	89807745..89807820	89807745	89807820	0
189	scaffold1_35372	29.4	58 +/- 3%	-	68	67	0	1	yes	-	-	-	-	uugguuguuacuaaaauucca	gaauauuagcauagcauaguu	uugguuguuacuaaaauuccaucuuguguacaugcauaacacauagugugaauauuagcauagcauaguu	scaffold1:90148424..90148494:+	AMP3	scaffold1	90148424..90148494	90148424	90148494	0
190	scaffold1_85323	21.0	73 +/- 3%	-	49	23	0	26	no	-	-	-	-	ccugccggggacugagggccu	uguccagagauucuuagcacc	uguccagagauucuuagcacccuuugaccauugaaggccugccggggacugagggccu	scaffold1:90165516..90165574:-	SMA3	scaffold1	90165516..90165574	90165516	90165574	0
191	scaffold1_95833	0.9	69 +/- 2%	-	1231	1230	0	1	yes	-	-	-	-	uaagauacaacgggaauugcg	ucuccugggaguucuuaugc	uaagauacaacgggaauugcgagacagcagucuccugggaguucuuaugc	scaffold1:90265425..90265475:-	AMP2	scaffold1	90265425..90265475	90265425	90265475	0
192	scaffold1_45344	74.5	76 +/- 4%	-	170	39	128	3	no	-	-	-	-	gcaaaguucacagguaga	ucacagcggacgagguauu	ucacagcggacgagguauucaaaggaacauuacggaaaagggcaaauagcgaggaauuagcagcaauuugaacuccaagaugaguguggugaggcgcaaaguucacagguaga	scaffold1:91549018..91549131:+	GA1	scaffold1	91549018..91549131	91549018	91549131	0
193	scaffold1_52853	292.5	48 +/- 4%	-	573	572	0	1	yes	-	-	-	-	ugcguauggucauuucugacaug	ugggcggaaaacauacgcgcacacuc	ugcguauggucauuucugacauggcgauuuaacgccuuuugggcggaaaacauacgcgcacacuc	scaffold1:92725147..92725212:+	PH2	scaffold1	92725147..92725212	92725147	92725212	0
194	scaffold1_90528	240.2	58 +/- 3%	-	495	295	199	1	no	-	-	-	-	aggagaaggauguuuaac	augcacauucaauccuccacg	aggagaaggauguuuaacgaaccuauuugaauauuuauuuggaacuauucaauguugucaugcacauucaauccuccacg	scaffold1:92989470..92989550:-	AMP3	scaffold1	92989470..92989550	92989470	92989550	0
195	scaffold1_35325	4296.4	73 +/- 3%	-	8432	8369	0	63	yes	-	-	-	-	uuguucauuggcguauacuugg	ugguauauguuuuugaaaaacc	ugguauauguuuuugaaaaaccucauacaguuguucauuggcguauacuugg	scaffold1:93410340..93410392:+	SMA3	scaffold1	93410340..93410392	93410340	93410392	0
196	scaffold1_55896	18.5	67 +/- 3%	-	44	34	7	3	no	-	-	-	-	uuacuucguacucggucgcaagu	uuagagcagccgagaggaacu	uuagagcagccgagaggaacuacggagcaacuaagugcgaaaugcucgcacucguagagucucugaaaaaauuucguuacuucguacucggucgcaagu	scaffold1:93855875..93855974:+	PDii1	scaffold1	93855875..93855974	93855875	93855974	0
197	scaffold1_39226	813.6	60 +/- 3%	-	1628	1146	36	446	no	-	-	-	-	gaaacaucagaggaaagcuuu	gccaucauuggaggacggagu	gaaacaucagaggaaagcuuugugagggauucagacaaggaugauacgacaccagggccaucauuggaggacggagu	scaffold1:94063770..94063847:+	AMP1	scaffold1	94063770..94063847	94063770	94063847	0
198	scaffold1_28639	32.9	89 +/- 2%	-	68	51	0	17	yes	-	-	-	-	uaguguguauccuugaagaacc	guuuucauugacguaugcucgg	uaguguguauccuugaagaaccuuauaugguuuucauugacguaugcucgg	scaffold1:94945994..94946045:+	PH3	scaffold1	94945994..94946045	94945994	94946045	0
199	scaffold1_31334	267.5	68 +/- 3%	-	530	496	33	1	yes	-	-	-	-	gcguuauuguacuuuagggga	ucuaaccuuaacccuaaccc	gcguuauuguacuuuaggggacccauuuugagugacgucauaaaauggguauuaaacucuaaccuuaacccuaaccc	scaffold1:95263224..95263301:+	IST1	scaffold1	95263224..95263301	95263224	95263301	0
200	scaffold1_38823	19.7	86 +/- 2%	-	50	22	21	7	no	-	-	-	-	cccuaaaguacaauaacgcca	uuggggaguaggguuaggguuaag	uuggggaguaggguuaggguuaagguuaguuuaauacccauuuuaugacgucacauaagcugggucccuaaaguacaauaacgcca	scaffold1:95428834..95428920:+	PH1	scaffold1	95428834..95428920	95428834	95428920	0
201	scaffold1_47428	11.6	76 +/- 3%	-	38	36	0	2	no	-	-	-	-	cuggguugugauuggaguacaca	uguaccauaacaagccagugug	uguaccauaacaagccagugugaucuuucuucucuggguugugauuggaguacaca	scaffold1:95870169..95870225:+	PDi3	scaffold1	95870169..95870225	95870169	95870225	0
202	scaffold1_36488	10.6	73 +/- 3%	-	57	24	10	23	no	-	-	-	-	gauugcaaauagaauaggucc	cuuauaagacauguaucaucu	cuuauaagacauguaucaucugcacauugauaaauuuuacugauuuuaccuguugaguuaugucauuaacguagauugcaaauagaauaggucc	scaffold1:96601752..96601846:+	SMA3	scaffold1	96601752..96601846	96601752	96601846	0
203	scaffold1_33582	74.1	67 +/- 3%	-	219	218	0	1	no	-	-	-	-	guuaaaauccgguuuuccuaa	guuucugauaauuguaauuu	guuaaaauccgguuuuccuaauugaauauugcgagauauauauuuuauauuuauuucauuuuauuaguuucugauaauuguaauuu	scaffold1:97792417..97792503:+	IST3	scaffold1	97792417..97792503	97792417	97792503	0
204	scaffold1_61584	14.4	70 +/- 4%	-	39	12	9	18	no	-	-	-	-	ugagcagcgguaauucgauacacg	ugcaaugaggauggcaacucuuu	ugagcagcgguaauucgauacacggucgauucuggcagcuuuaaaaaauucuuuauuucuguuggaguccgcccggcgucaagugcaaugaggauggcaacucuuu	scaffold1:98110057..98110163:+	EC2	scaffold1	98110057..98110163	98110057	98110163	0
205	scaffold1_38927	101.1	58 +/- 3%	-	215	212	0	3	no	-	-	-	-	gaaacuuaauugacucugca	uguagaaucgugggcugguagu	uguagaaucgugggcugguagugaaacuuaacuggaaacuuaauugacucugca	scaffold1:98427573..98427627:+	AMP3	scaffold1	98427573..98427627	98427573	98427627	0
206	scaffold1_133756	80.4	48 +/- 4%	-	165	160	1	4	no	-	-	-	-	caguguaaaacagaugaug	gguuuaaauugcguuuug	gguuuaaauugcguuuugggcgaaucacugcuucuauagcauaugaaguugcccaguguaaaacagaugaug	scaffold1:98615123..98615195:-	PH2	scaffold1	98615123..98615195	98615123	98615195	0
207	scaffold1_33996	54.0	67 +/- 3%	-	115	105	5	5	no	-	-	-	-	ccagcccuguuagcucagucg	uucgagucccacauagggcga	ccagcccuguuagcucagucgguagagcguuggacuuuuaauccaacggucguagguucgagucccacauagggcga	scaffold1:98697373..98697450:+	IST3	scaffold1	98697373..98697450	98697373	98697450	0
208	scaffold1_93139	62.1	58 +/- 3%	-	146	86	0	60	no	-	-	-	-	guuaggauagggaacaca	aagaacuuuguugagcuga	guuaggauagggaacacaaaagaacuuuguugagcuga	scaffold1:99108017..99108055:-	AMP3	scaffold1	99108017..99108055	99108017	99108055	0
209	scaffold1_136960	92.2	76 +/- 2%	-	216	87	127	2	no	-	-	-	-	cggaaaagccacaaucgaca	ugaugauggauagauacucca	cggaaaagccacaaucgacagucaaagguauugccaaauuauagcugaauuuaugccuuaugcugaugcuuuauuugaugauggauagauacucca	scaffold1:99453812..99453908:-	PL1	scaffold1	99453812..99453908	99453812	99453908	0
210	scaffold1_133671	315.2	76 +/- 4%	-	618	532	0	86	yes	-	-	-	-	uuucauugauguaugcuuugg	uaguguauaucuuugaagaa	uaguguauaucuuugaagaaccuuauuaugguuuuucauugauguaugcuuugg	scaffold1:100818237..100818291:-	EC3	scaffold1	100818237..100818291	100818237	100818291	0
211	scaffold1_100472	129.9	60 +/- 3%	-	259	229	3	27	yes	-	-	-	-	uaguaguaguaguaguaguagu	uaguaguaguaguaguagu	uaguaguaguaguaguagugguaguaguaguaguaguaguagugguagugguaguaguaguaaguauuaguaguaguaguaguaguaguaguaguaguagu	scaffold1:100855013..100855114:-	AMP1	scaffold1	100855013..100855114	100855013	100855114	0
212	scaffold1_135713	1058.7	69 +/- 3%	-	2093	911	1174	8	yes	-	-	-	-	aguaguaguaguaguagu	aguaguaguaguaguaau	aguaguaguaguaguaauguguauuaaugauaguaguaguaguaguaguaguaguaaugguaauaaacaauaguaguaguaguaguagu	scaffold1:100855095..100855184:-	PDii3	scaffold1	100855095..100855184	100855095	100855184	0
213	scaffold1_138102	141.9	76 +/- 2%	-	337	335	1	1	no	-	-	-	-	gaggaauccauuuuguuugcgua	ccgucugauaauaagugaguuua	gaggaauccauuuuguuugcguaauuuaaaaaucagacaucgcaguaucguuuguuaauuuguucuguuauuacucaccgucugauaauaagugaguuua	scaffold1:101241768..101241868:-	PL1	scaffold1	101241768..101241868	101241768	101241868	0
214	scaffold1_38395	38.2	73 +/- 3%	-	89	60	0	29	no	-	-	-	-	gcuucuaauaucuuauguucu	gaauaugacggauuuucgugc	gaauaugacggauuuucgugcauuguggcuucuaauaucuuauguucu	scaffold1:101329502..101329550:+	SMA3	scaffold1	101329502..101329550	101329502	101329550	0
215	scaffold1_82683	91.7	67 +/- 3%	-	213	199	13	1	no	-	-	-	-	aagggauguaggacaaagacg	cauuuguugauagaccagg	aagggauguaggacaaagacgagaggaugcaaagaucauuuguugauagaccagg	scaffold1:102757990..102758045:-	IST3	scaffold1	102757990..102758045	102757990	102758045	0
216	scaffold1_43470	25.0	60 +/- 3%	-	59	11	45	3	no	-	-	-	-	gugccauucucuuuucaugcg	cuggagaagaugucagggaca	gugccauucucuuuucaugcgguaucaguaguuguagcuguggcuccuucgugagguaaaucgccaaaauccauacugcuccucuggagaagaugucagggaca	scaffold1:103162147..103162251:+	AMP1	scaffold1	103162147..103162251	103162147	103162251	0
217	scaffold1_40877	132.8	58 +/- 3%	-	282	281	0	1	no	-	-	-	-	gaaacuuaauugacucugca	guagaaucgugggcugguag	guagaaucgugggcugguaggguaacuuaaccagaaacuuaauugacucugca	scaffold1:103277195..103277248:+	AMP3	scaffold1	103277195..103277248	103277195	103277248	0
218	scaffold1_71857	27.8	70 +/- 3%	-	71	55	0	16	no	-	-	-	-	ugaaucuuugguuucuuggucgu	uguaaacuggcaaaucuugga	ugaaucuuugguuucuuggucgucgaaccuguagccgauaugauguaaacuggcaaaucuugga	scaffold1:103567681..103567745:+	DI2	scaffold1	103567681..103567745	103567681	103567745	0
219	scaffold1_137762	17.1	69 +/- 3%	-	79	77	0	2	no	-	-	-	-	cauuuauguucucguuuaag	uuaauuguuaacuuuguaaau	uuaauuguuaacuuuguaaaucacugcauuuauguucucguuuaag	scaffold1:104194488..104194534:-	PDii3	scaffold1	104194488..104194534	104194488	104194534	0
220	scaffold1_28543	396.5	72 +/- 3%	-	781	780	0	1	yes	-	-	-	-	ucaguuuuuccauguuucgg	gaaaucauacgaaaggcuggaaug	gaaaucauacgaaaggcuggaaugaucauuaacauucaguuuuuccauguuucgg	scaffold1:104787163..104787218:+	IST2	scaffold1	104787163..104787218	104787163	104787218	0
221	scaffold1_65916	1.0	75 +/- 3%	-	103	82	19	2	yes	-	-	-	-	ugguuaugaaauauagcgggaga	ugcaauuugcuucaaccgc	ugcaauuugcuucaaccgcuauucaauugcuuuaugaaugagggaaggagugugguuaugaaauauagcgggaga	scaffold1:105093857..105093932:+	EC2	scaffold1	105093857..105093932	105093857	105093932	0
222	scaffold1_56631	13.5	76 +/- 4%	-	32	31	0	1	yes	-	-	-	-	gcagucgaaaugucacauuu	gaggauaaauuacugcauuuuua	gaggauaaauuacugcauuuuuaauuacacuugcauuaugugcgggugcagucgaaaugucacauuu	scaffold1:105681503..105681570:+	EC1	scaffold1	105681503..105681570	105681503	105681570	0
223	scaffold1_143101	48.6	75 +/- 2%	-	101	56	44	1	yes	-	-	-	-	ugugaguccaaaaucaaa	gugaucgugguuacaaaa	gugaucgugguuacaaaacaacuggaugacuuagcucacaggguaguaaacacucuaaagccuugguuggcaacauccuaggacaaugugaguccaaaaucaaa	scaffold1:106196911..106197015:-	PL3	scaffold1	106196911..106197015	106196911	106197015	0
224	scaffold1_143236	497.4	75 +/- 2%	-	1018	1016	1	1	yes	-	-	-	-	aguaguaguaguaguagu	uggugguggugguaguggugg	aguaguaguaguaguaguagguaguagugguaguaguagugugugguggugguggugguaguggugg	scaffold1:106436154..106436221:-	PL3	scaffold1	106436154..106436221	106436154	106436221	0
225	scaffold1_37393	32.3	90 +/- 2%	-	82	65	2	15	no	-	-	-	-	caaucacuagucuaaccgugg	ccacccgagauaauuagcgau	ccacccgagauaauuagcgaugugacgaucacaaagaaaucgugcgcguucgauuuccugacagaucacuuucgaaacaaucacuagucuaaccgugg	scaffold1:106883861..106883959:+	HL1	scaffold1	106883861..106883959	106883861	106883959	0
226	scaffold1_96355	330.5	58 +/- 3%	-	680	499	173	8	no	-	-	-	-	gacagguacagagaaguuaga	gaagaucauaucacaaagucg	gaagaucauaucacaaagucgaauuagcggggaggcagcaggcggaccagggcacaugaagacagguacagagaaguuaga	scaffold1:107274039..107274120:-	AMP3	scaffold1	107274039..107274120	107274039	107274120	0
227	scaffold1_141606	10.6	76 +/- 2%	-	47	42	2	3	no	-	-	-	-	acauuugacacuguaacauugacu	cugaauguugcaagguucaacgcu	cugaauguugcaagguucaacgcuguguuuaauaauaauaauuaaguaccugccaaauuguuugcguuucacauuugacacuguaacauugacu	scaffold1:107529255..107529349:-	PL1	scaffold1	107529255..107529349	107529255	107529349	0
228	scaffold1_139275	20.3	48 +/- 4%	-	64	30	0	34	no	-	-	-	-	uguauuuucugugauaug	ugcacauucugaacaguauagcug	ugcacauucugaacaguauagcugacugaaggaucugguauggcacuauguauuuucugugauaug	scaffold1:107668854..107668920:-	PH2	scaffold1	107668854..107668920	107668854	107668920	0
229	scaffold1_97240	997.9	58 +/- 3%	-	1999	1814	0	185	no	-	-	-	-	uagaacuaggguguugugcug	uucauaaacacauguucuauu	uucauaaacacauguucuauuaugauucuuagaacuaggguguugugcug	scaffold1:109337607..109337657:-	AMP3	scaffold1	109337607..109337657	109337607	109337657	0
230	scaffold1_46370	472.5	67 +/- 3%	-	990	982	7	1	no	-	-	-	-	ugauccuuuuauuucuucauc	uguaugauguagggucuguu	ugauccuuuuauuucuucaucagcugaauccuucaauguguaugauguagggucuguu	scaffold1:110001505..110001563:+	AMP2	scaffold1	110001505..110001563	110001505	110001563	0
231	scaffold1_43762	83.0	58 +/- 3%	-	201	199	0	2	no	-	-	-	-	uaaagugcuuguuggauuga	uaaagcaaccaggcauugaca	uaaagugcuuguuggauugaauaaguaaagcaaccaggcauugaca	scaffold1:110563611..110563657:+	AMP3	scaffold1	110563611..110563657	110563611	110563657	0
232	scaffold1_46552	47.8	60 +/- 3%	-	95	93	0	2	yes	-	-	-	-	uauuuuguaguauaaaauacu	auuauguauacugcacgguga	auuauguauacugcacggugauguauuuuguaguauaaaauacu	scaffold1:110930227..110930271:+	AMP1	scaffold1	110930227..110930271	110930227	110930271	0
233	scaffold1_157761	11.9	70 +/- 4%	-	43	41	0	2	no	-	-	-	-	uagauagauagauagauagauaga	aucuucucuugcaauauguuu	aucuucucuugcaauauguuuauagauagauagauagauagauagauagauaga	scaffold1:111235431..111235485:-	EC2	scaffold1	111235431..111235485	111235431	111235485	0
234	scaffold1_102363	14.4	87 +/- 2%	-	34	17	16	1	yes	-	-	-	-	ggcguuauuguacuuuaggg	cuaacccuaaccccaaucccu	ggcguuauuguacuuuagggaacccaauguaugugacgucauaaaauggguauaaaacucuaacccuaaccccaaucccu	scaffold1:111589369..111589449:-	HL3	scaffold1	111589369..111589449	111589369	111589449	0
235	scaffold1_68011	22.9	74 +/- 4%	-	59	58	0	1	no	-	-	-	-	ugcacuugcuuuucugagaga	cuuucaaagcagccucuaaau	ugcacuugcuuuucugagagauguaccuucacccacuucuuucaaagcagccucuaaau	scaffold1:111612288..111612347:+	GA2	scaffold1	111612288..111612347	111612288	111612347	0
236	scaffold1_104885	6179.6	67 +/- 3%	-	12141	8645	0	3496	no	-	-	-	-	uucuucauugauuuaugcuuug	uaguguguaucuuugaggaa	uaguguguaucuuugaggaaacuuguuaugguucuucauugauuuaugcuuug	scaffold1:111687460..111687513:-	AMP2	scaffold1	111687460..111687513	111687460	111687513	0
237	scaffold1_46074	30.4	87 +/- 2%	-	69	50	0	19	no	-	-	-	-	uccucguggugauuggacgugguuc	uugacgucaucaucuucccggu	uccucguggugauuggacgugguuccauugacgucaucaucuucccggu	scaffold1:111785106..111785155:+	HL3	scaffold1	111785106..111785155	111785106	111785155	0
238	scaffold1_66878	14.2	67 +/- 3%	-	34	33	0	1	yes	-	-	-	-	gugugugugugugcguguc	uauauauauauauauacaugu	uauauauauauauauacaugugugugugugugugcguguc	scaffold1:112478838..112478878:+	PDii1	scaffold1	112478838..112478878	112478838	112478878	0
239	scaffold1_94174	48.3	73 +/- 3%	-	92	91	0	1	yes	-	-	-	-	cacuaucgacuuuuaucacc	gugaugaaaguugguagugg	cacuaucgacuuuuaucaccgauuuugugacaggugaugaaaguugguagugg	scaffold1:113274470..113274523:-	SMA3	scaffold1	113274470..113274523	113274470	113274523	0
240	scaffold1_150855	2.1	70 +/- 2%	-	1666	1663	0	3	yes	-	-	-	-	ugaugaugaugugagacugucug	cggcgacgucuaugcccaga	ugaugaugaugugagacugucuguucuguggagcagacggcgacgucuaugcccaga	scaffold1:114161767..114161824:-	PDii1	scaffold1	114161767..114161824	114161767	114161824	0
241	scaffold1_64932	352.1	48 +/- 4%	-	695	685	0	10	yes	-	-	-	-	ucaaagauuucuugaagcucg	ggggaaaagaaaucaaug	ucaaagauuucuugaagcucggcggcaggggaaaagaaaucaaug	scaffold1:114966695..114966740:+	PH2	scaffold1	114966695..114966740	114966695	114966740	0
242	scaffold1_65074	347.1	48 +/- 4%	-	686	685	0	1	yes	-	-	-	-	ucaaagauuucuugaagcucg	gggaaaagaaaucaauggauguug	ucaaagauuucuugaagcucggcggcagggaaaagaaaucaauggauguug	scaffold1:115063082..115063133:+	PH2	scaffold1	115063082..115063133	115063082	115063133	0
243	scaffold1_66349	844.0	76 +/- 2%	-	1727	1595	131	1	no	-	-	-	-	ucuccugugacuguccucgcug	gcggcuaaauaaaucauug	ucuccugugacuguccucgcugccgcaaaacuugacuuguuuuuauuuuuuuuguuguguaugccuucagcggcuaaauaaaucauug	scaffold1:115580689..115580777:+	PL1	scaffold1	115580689..115580777	115580689	115580777	0
244	scaffold1_144119	36.6	48 +/- 4%	-	76	73	0	3	yes	-	-	-	-	auggaaaugauuauuaugaacg	uuuaucgaaaauauacuacuaug	auggaaaugauuauuaugaacggcuugccauuuaguuuuguggacaaugcaauuuaucgaaaauauacuacuaug	scaffold1:116949243..116949318:-	PH2	scaffold1	116949243..116949318	116949243	116949318	0
245	scaffold1_107376	452.6	60 +/- 3%	-	951	949	0	2	no	-	-	-	-	caaccugacuuguuacuagcu	ucagugcauacucaagacaug	ucagugcauacucaagacaugacucaauucaacuuaaacucuguuuuguaaaaguguuucauuuguuuucaaccugacuuguuacuagcu	scaffold1:117138752..117138842:-	AMP1	scaffold1	117138752..117138842	117138752	117138842	0
246	scaffold1_144677	15.0	69 +/- 3%	-	48	34	11	3	no	-	-	-	-	gggaagaaugguacacug	guguagaucaucugauagc	guguagaucaucugauagcugggugugagaaguuggcacaaaaugaguauaaguucaggcaugacaacgugggaagaaugguacacug	scaffold1:117282651..117282739:-	PDii3	scaffold1	117282651..117282739	117282651	117282739	0
247	scaffold1_48955	171.2	60 +/- 3%	-	365	364	0	1	no	-	-	-	-	gucucuucauauaucggcuuu	uugcuuugcauguugguguguc	uugcuuugcauguuggugugucacuguccucuuccucugacaguaucgucucuucauauaucggcuuu	scaffold1:117339420..117339488:+	AMP1	scaffold1	117339420..117339488	117339420	117339488	0
248	scaffold1_107414	11.0	67 +/- 3%	-	20	19	0	1	yes	-	-	-	-	uuaacuacacgauuuaaucg	aauuaaaucguguaguug	uuaacuacacgauuuaaucggccuaauuaaaucggaccaauuaaaucguguaguug	scaffold1:117617040..117617096:-	AMP2	scaffold1	117617040..117617096	117617040	117617096	0
249	scaffold1_107709	59.0	67 +/- 3%	-	113	111	0	2	yes	-	-	-	-	uuaccauaguacagagcggacc	uccgcucuggacuaugguaaaa	uccgcucuggacuaugguaaaauuucaaguguccgcucuguacaccaaauucgaauuuaccauaguacagagcggacc	scaffold1:118387611..118387689:-	AMP2	scaffold1	118387611..118387689	118387611	118387689	0
250	scaffold1_71986	43.5	74 +/- 4%	-	88	39	46	3	yes	-	-	-	-	cagaaauauagggauuuuugaga	ucagaagucgauuuuuucug	ucagaagucgauuuuuucugcaauuuuuguaacuccacuuuuuuucaguguucucugaacuguggucgguuugcaauuuguuucccagaaauauagggauuuuugaga	scaffold1:118496312..118496420:+	GA2	scaffold1	118496312..118496420	118496312	118496420	0
251	scaffold1_55682	624.7	77 +/- 3%	-	1233	376	0	857	no	-	-	-	-	aguaguaguaguaguagu	uaguaguaguaguaguaguagu	aguaguaguaguaguaguggcaguaguaguaguaguggcaguaguaguaguaguaguaguagu	scaffold1:119008926..119008989:+	PDi1	scaffold1	119008926..119008989	119008926	119008989	0
252	scaffold1_75038	95.6	70 +/- 4%	-	196	194	0	2	yes	-	-	-	-	uaguguguaucuuugaggaa	ucuuugcaggauauauauccaucc	ucuuugcaggauauauauccauccuaguguguaucuuugaggaa	scaffold1:120266638..120266682:+	EC2	scaffold1	120266638..120266682	120266638	120266682	0
253	scaffold1_146237	110.3	48 +/- 4%	-	258	256	0	2	no	-	-	-	-	uagucagauguaguauuuag	uaauguuugcaaauggagug	uagucagauguaguauuuaggagauuaauguuugcaaauggagug	scaffold1:120917044..120917089:-	PH2	scaffold1	120917044..120917089	120917044	120917089	0
254	scaffold1_89160	10.4	67 +/- 3%	-	18	13	4	1	yes	-	-	-	-	guucagacuaucgacuuuuauc	auaagagucgauagugggaac	guucagacuaucgacuuuuaucacggauuucuugacagaugauaagagucgauagugggaac	scaffold1:121647424..121647486:-	IST3	scaffold1	121647424..121647486	121647424	121647486	0
255	scaffold1_102282	81.8	58 +/- 3%	-	187	92	80	15	no	-	-	-	-	cuauucaaauaaauuaccagu	gguagauuuauuguauaguu	gguagauuuauuguauaguuauuuguuguuuuguaucuauuauguaugauuguauauuuuucgacgcuauucaaauaaauuaccagu	scaffold1:122283325..122283412:-	AMP3	scaffold1	122283325..122283412	122283325	122283412	0
256	scaffold1_102307	93.7	58 +/- 3%	-	192	188	1	3	no	-	-	-	-	gguuucuucacuggucuguag	uggagauugugcuugugcu	gguuucuucacuggucuguagcuuuucaaguucaucucauuugauaggcgccuggagauugugcuugugcu	scaffold1:122315168..122315239:-	AMP3	scaffold1	122315168..122315239	122315168	122315239	0
257	scaffold1_109621	22.4	60 +/- 3%	-	42	37	0	5	yes	-	-	-	-	uauauauauauguauauaugg	cauauauauauauauauaua	uauauauauauguauauauggugauuuuagcgcccguauaaauagacauauauauauauauauaua	scaffold1:122542364..122542430:-	AMP1	scaffold1	122542364..122542430	122542364	122542430	0
258	scaffold1_160912	32.9	72 +/- 3%	-	62	61	0	1	yes	-	-	-	-	ccacuaucgacuuuuaucauc	ugauaaaagucgauguuguaa	ccacuaucgacuuuuaucaucugucaagaaaucggugauaaaagucgauguuguaa	scaffold1:122586059..122586115:-	PDii2	scaffold1	122586059..122586115	122586059	122586115	0
259	scaffold1_147334	442.9	48 +/- 4%	-	870	868	0	2	yes	-	-	-	-	uaguguguaucuuugaggaacc	uucuucauugauuuaugcuuc	uaguguguaucuuugaggaaccuuguuaugguucuucauugauuuaugcuuc	scaffold1:122604283..122604335:-	PH2	scaffold1	122604283..122604335	122604283	122604335	0
260	scaffold1_102490	38.1	58 +/- 3%	-	99	71	18	10	no	-	-	-	-	uggucugaaguugcuugccuc	ucuaaguaacaugccagccu	ucuaaguaacaugccagccuauuugacaucacugaaguuagcaauuuccacguuguuggcagacaugauauuggucugaaguugcuugccuc	scaffold1:122710465..122710557:-	AMP3	scaffold1	122710465..122710557	122710465	122710557	0
261	scaffold1_150219	57.6	76 +/- 2%	-	125	120	4	1	no	-	-	-	-	guucgacucugacuugcgcaauuuu	cgagcgcagguggugcag	cgagcgcagguggugcagugguagcauagcagccuucaagcuguugauccggguucgacucugacuugcgcaauuuu	scaffold1:122774687..122774764:-	PL1	scaffold1	122774687..122774764	122774687	122774764	0
262	scaffold1_76598	50.2	70 +/- 4%	-	158	76	79	3	no	-	-	-	-	cauuuugauucgauuuugucu	uuaauuuuguaucuuguagugca	uuaauuuuguaucuuguagugcaguauaauucauauggaauguacaauccuguauugguugauuugaugugccauuuugauucgauuuugucu	scaffold1:123092084..123092177:+	EC2	scaffold1	123092084..123092177	123092084	123092177	0
263	scaffold1_155711	46.7	67 +/- 3%	-	134	133	0	1	no	-	-	-	-	gguuuuaacauuguagcga	cguuauacaguuggauaaaaug	cguuauacaguuggauaaaaugaaucaaugauuugaagucgguuuuaacauuguagcga	scaffold1:123120389..123120448:-	PDii1	scaffold1	123120389..123120448	123120389	123120448	0
264	scaffold1_69218	102.9	48 +/- 4%	-	238	236	0	2	no	-	-	-	-	ugaaaacagauugcaaugug	ugcacuaauguuauacaaua	ugcacuaauguuauacaauaguaaauaccaauaggauuuaaacgugaaaacagauugcaaugug	scaffold1:123256600..123256664:+	PH2	scaffold1	123256600..123256664	123256600	123256664	0
265	scaffold1_102727	36.7	58 +/- 3%	-	124	119	0	5	no	-	-	-	-	guaauuuauuugaauagcguc	aaacuauacaauaaaucuacu	guaauuuauuugaauagcgucaaaaaauuuacaaacaugcuuaaaaauacauacacagcaaaaaaaacuauacaauaaaucuacu	scaffold1:123427056..123427141:-	AMP3	scaffold1	123427056..123427141	123427056	123427141	0
266	scaffold1_117099	243.3	82 +/- 3%	-	509	508	0	1	no	-	-	-	-	aguaguaguaguaguagu	guaguaguaguagguauu	aguaguaguaguaguaguguaguaaaaguaguaguaguaguagguauu	scaffold1:123628971..123629019:-	GA3	scaffold1	123628971..123629019	123628971	123629019	0
267	scaffold1_148287	64.8	48 +/- 4%	-	152	149	0	3	no	-	-	-	-	ucucuguugacucucgaug	uuucagagaagacguaag	ucucuguugacucucgauggacuccaaacaccauuucagagaagacguaag	scaffold1:124231861..124231912:-	PH2	scaffold1	124231861..124231912	124231861	124231912	0
268	scaffold1_112122	14.6	87 +/- 2%	-	37	11	0	26	yes	-	-	-	-	uaucacugauguaugcuuucg	uaguguguaucguugaagaacc	uaguguguaucguugaagaaccuuuuaugguuuaucacugauguaugcuuucg	scaffold1:124530198..124530251:-	HL2	scaffold1	124530198..124530251	124530198	124530251	0
269	scaffold1_52185	138.6	67 +/- 3%	-	299	293	1	5	yes	-	-	-	-	guugcagaagcugagaaacu	aagacuauagaaacugca	aagacuauagaaacugcaaaagaagaucuuaagcagagaugaguugcagaagcugagaaacu	scaffold1:125715043..125715105:+	AMP2	scaffold1	125715043..125715105	125715043	125715105	0
270	scaffold1_65175	87.4	72 +/- 3%	-	207	206	0	1	no	-	-	-	-	ugugucaaaaucaacucgucu	gcuuugaugaugaucucaucg	gcuuugaugaugaucucaucgaauuuuuccaguguuaccuguccaaucgucgucggugugucaaaaucaacucgucu	scaffold1:125744341..125744418:+	SMA1	scaffold1	125744341..125744418	125744341	125744418	0
271	scaffold1_149952	1.1	75 +/- 2%	-	136	134	0	2	yes	-	-	-	-	guucagacuaucgacuuuuauca	ucgauaguacgaacacaccu	guucagacuaucgacuuuuaucaccaauuucuugacagaugauaaaagucgauaguacgaacacaccu	scaffold1:127022186..127022254:-	PDii3	scaffold1	127022186..127022254	127022186	127022254	0
272	scaffold1_71287	32.1	48 +/- 4%	-	115	114	0	1	no	-	-	-	-	uauaaggaugguuauugugag	uaauauugaucaaaauaaaugauaa	uaauauugaucaaaauaaaugauaaaacaauaaaacaaacaaauuuuauuggaaaaaauuauaaggaugguuauugugag	scaffold1:127075031..127075111:+	PH2	scaffold1	127075031..127075111	127075031	127075111	0
273	scaffold1_53004	321.0	60 +/- 3%	-	692	455	0	237	no	-	-	-	-	uuaugggucauuaauuuggau	ccuaaguuucagucauccaac	uuaugggucauuaauuuggaucuaaaacaguaguaauauauuuccuaaguuucagucauccaac	scaffold1:127789250..127789314:+	AMP1	scaffold1	127789250..127789314	127789250	127789314	0
274	scaffold1_74993	22.6	75 +/- 2%	-	88	83	4	1	no	-	-	-	-	uacgugauuugaugacgguguugc	uacacuacuuuacaaaauaaaaacu	uacacuacuuuacaaaauaaaaacuaaaauuauuuacaaauacauacacuaacaaaaagauaguuuuacgugauuugaugacgguguugc	scaffold1:129931636..129931726:+	PL3	scaffold1	129931636..129931726	129931636	129931726	0
275	scaffold1_80051	10.9	72 +/- 3%	-	45	43	1	1	no	-	-	-	-	cgcuuggauaugugucuccaga	ugaaccugaucuaaacga	cgcuuggauaugugucuccagaaucgugguggacauuccuuaacgucuugaaccugaucuaaacga	scaffold1:131779986..131780052:+	PDii2	scaffold1	131779986..131780052	131779986	131780052	0
276	scaffold1_125925	36.6	77 +/- 3%	-	92	88	0	4	no	-	-	-	-	gcaaauuccaucaggugucugugug	uacaaguuauaccaugcg	uacaaguuauaccaugcgagauguugagcaaauuccaucaggugucugugug	scaffold1:132394520..132394572:-	PDi1	scaffold1	132394520..132394572	132394520	132394572	0
277	scaffold1_81048	119.0	74 +/- 4%	-	232	231	0	1	yes	-	-	-	-	auaccggagguauggcucuau	ugagacguagcucugguauagc	ugagacguagcucugguauagccuuuacccaauaucuaguugcuauaccggagguauggcucuau	scaffold1:135033291..135033356:+	GA2	scaffold1	135033291..135033356	135033291	135033356	0
278	scaffold1_36130	32.9	72 +/- 3%	-	81	80	0	1	yes	-	-	-	-	uguaccauuaagauuuuuuagu	cauaagaucuuuuuuacaac	uguaccauuaagauuuuuuaguguaauaauuucuguuucacaguugacacccauaagaucuuuuuuacaac	scaffold1:135085120..135085191:+	IST2	scaffold1	135085120..135085191	135085120	135085191	0
279	scaffold1_101946	87.7	73 +/- 3%	-	193	30	130	33	no	-	-	-	-	guacaacccgagauuguccua	acaaccugaguuugugcuauc	guacaacccgagauuguccuauacuagaaauguauauuuuuagauauagcuauauagagaugcuagaaauugcaauuguuuuauacaaccugaguuugugcuauc	scaffold1:135541083..135541188:-	SMA3	scaffold1	135541083..135541188	135541083	135541188	0
280	scaffold1_149241	14.0	75 +/- 3%	-	52	49	0	3	no	-	-	-	-	ugaugaaauauggacuauggau	gucaguguguuauugcauuuggu	gucaguguguuauugcauuugguuuugaugaaauauggacuauggau	scaffold1:135704712..135704759:-	PDi2	scaffold1	135704712..135704759	135704712	135704759	0
281	scaffold1_50868	144.4	73 +/- 3%	-	286	283	0	3	yes	-	-	-	-	uguucuaagucgauguggacu	guccaucaucacuaauaggaa	guccaucaucacuaauaggaauuggcaccccucauugucuuuugauagcuguucuaagucgauguggacu	scaffold1:136227796..136227866:+	SMA3	scaffold1	136227796..136227866	136227796	136227866	0
282	scaffold1_57304	24.6	60 +/- 3%	-	50	46	1	3	yes	-	-	-	-	uguaucagcaucaacuacugcaaug	ugcauuggaauugauaaa	ugcauuggaauugauaaaaccuucuuuacuuaaauaggcaaagaaaacuguaucagcaucaacuacugcaaug	scaffold1:136805531..136805604:+	AMP1	scaffold1	136805531..136805604	136805531	136805604	0
283	scaffold1_74666	111.5	72 +/- 3%	-	244	236	6	2	yes	-	-	-	-	uaguaguaguaguaguaguagu	auauuauuauuauuaauauu	uaguaguaguaguaguaguaguuaaguaguguguaguaguaauguaguaguaauguguuguguaguaauauuauuauuauuaauauu	scaffold1:136884039..136884126:-	IST2	scaffold1	136884039..136884126	136884039	136884126	0
284	scaffold1_112849	175.8	87 +/- 2%	-	351	348	2	1	yes	-	-	-	-	uaguaguaguaguaguaguagu	uaguaguauuaguaguag	uaguaguauuaguaguaguguuaguaguaguagguaguaguaguaguaguaguaguaguaguaguaguagu	scaffold1:136894043..136894114:-	HL3	scaffold1	136894043..136894114	136894043	136894114	0
285	scaffold1_116207	24.6	60 +/- 3%	-	50	46	1	3	yes	-	-	-	-	uguaucagcaucaacuacugcaaug	ugcauuggaauugauaaa	ugcauuggaauugauaaaaccuucuuuacuuaaauaggcaaagaaaacuguaucagcaucaacuacugcaaug	scaffold1:136921759..136921832:-	AMP1	scaffold1	136921759..136921832	136921759	136921832	0
286	scaffold1_77117	17.5	48 +/- 4%	-	45	44	0	1	no	-	-	-	-	uggauguauguucagcuuug	ggagcagagccaucuuuguguc	ggagcagagccaucuuugugucugaaaaauauggauguauguucagcuuug	scaffold1:137252173..137252224:+	PH2	scaffold1	137252173..137252224	137252173	137252224	0
287	scaffold1_47361	1431.3	67 +/- 3%	-	2810	2797	0	13	yes	-	-	-	-	uuguguguaucuuugaauaacc	uuucauugaaguauacuuuug	uuguguguaucuuugaauaaccuuauaugguuuuucauugaaguauacuuuug	scaffold1:137731368..137731421:+	IST3	scaffold1	137731368..137731421	137731368	137731421	0
288	scaffold1_77844	107.7	74 +/- 4%	-	261	258	0	3	no	-	-	-	-	uucggaauggaaacguugga	aaaguuucuacuugauuu	aaaguuucuacuugauuuauucggaauggaaacguugga	scaffold1:137752582..137752621:+	DI3	scaffold1	137752582..137752621	137752582	137752621	0
289	scaffold1_45815	148.6	68 +/- 3%	-	304	210	0	94	no	-	-	-	-	uaguaguaguaguaguaguagu	aguaguaguaguaguagu	uaguaguaguaguaguaguaguaguaguaguaguaguaguaguaguagu	scaffold1:138272753..138272802:+	IST1	scaffold1	138272753..138272802	138272753	138272802	0
290	scaffold2_164533	25.0	58 +/- 3%	-	47	43	1	3	yes	-	-	-	-	cgagccgagccgagccgaaca	gccgagcuuggaaaugucg	cgagccgagccgagccgaacauacaaaaaauuuaaacgaaccaagccgagcuuggaaaugucg	scaffold2:687691..687754:-	AMP3	scaffold2	687691..687754	687691	687754	0
291	scaffold2_256828	351.6	74 +/- 4%	-	699	692	1	6	no	-	-	-	-	ccgagcuugagcacaguauuuga	caaagcaaguuuauaguucug	ccgagcuugagcacaguauuugauauucaacgaggccaaaacgagccuguuuucggcaaagcaaguuuauaguucug	scaffold2:1535655..1535732:-	GA2	scaffold2	1535655..1535732	1535655	1535732	0
292	scaffold2_218900	128.8	72 +/- 3%	-	263	54	193	16	no	-	-	-	-	guugcacagcuguuuacuucg	ggaggagggcgaggaacu	guugcacagcuguuuacuucgacgucgacgagcuggagggcauauauggcaaacuugccggagauuguuuggauguggcgcaggaggagggcgaggaacu	scaffold2:2461132..2461232:-	SMA1	scaffold2	2461132..2461232	2461132	2461232	0
293	scaffold2_178008	10.2	60 +/- 3%	-	19	17	0	2	yes	-	-	-	-	cgugcauaucuucaggugga	accugaagaugugcccccaa	accugaagaugugcccccaaagcuuugaggcgugcauaucuucaggugga	scaffold2:4621854..4621904:-	AMP1	scaffold2	4621854..4621904	4621854	4621904	0
294	scaffold2_120067	703.2	60 +/- 3%	-	1394	1392	0	2	no	-	-	-	-	ugcugcaaggauaucuguuuc	acucucucaauccuucagcug	ugcugcaaggauaucuguuucacccaugacucucucaauccuucagcug	scaffold2:5163011..5163060:+	AMP1	scaffold2	5163011..5163060	5163011	5163060	0
295	scaffold2_213320	11.0	76 +/- 3%	-	21	20	0	1	yes	-	-	-	-	cauauauauauauauauaua	auauauauauauauauaugagc	cauauauauauauauauauauauauauauauauauauaugagc	scaffold2:5365843..5365886:-	PDi3	scaffold2	5365843..5365886	5365843	5365886	0
296	scaffold2_120302	783.4	60 +/- 3%	-	1642	572	0	1070	no	-	-	-	-	uagaaacagauguuaaacuca	aguggaauaccugaagcuaca	aguggaauaccugaagcuacacauucuuaucaagaagguuacaauaauaauauagaaacagauguuaaacuca	scaffold2:5736926..5736999:+	AMP1	scaffold2	5736926..5736999	5736926	5736999	0
297	scaffold2_253699	9.4	67 +/- 3%	-	119	95	0	24	no	-	-	-	-	uaguucaaaaguaauaugccuuuuu	ucuagucucauuuuuuuug	uaguucaaaaguaauaugccuuuuuucuagucucauuuuuuuug	scaffold2:6272101..6272145:-	PDii1	scaffold2	6272101..6272145	6272101	6272145	0
298	scaffold2_166633	126.9	58 +/- 3%	-	315	226	88	1	no	-	-	-	-	uaauguauaaggauaagcuca	gcugucuaaaaauauaaaguu	gcugucuaaaaauauaaaguugagagcuaaaauauaaaaagugaagaagagacaaagaagaaugcuauaauguauaaggauaagcuca	scaffold2:6411141..6411229:-	AMP3	scaffold2	6411141..6411229	6411141	6411229	0
299	scaffold2_160278	27.8	73 +/- 3%	-	74	64	0	10	yes	-	-	-	-	uuacaaacacuugauaguca	cgcuauggagauguaauuugc	cgcuauggagauguaauuugcaaaaauuacaaacacuugauaguca	scaffold2:6993843..6993889:-	SMA3	scaffold2	6993843..6993889	6993843	6993889	0
300	scaffold2_162654	86.8	69 +/- 3%	-	183	181	0	2	no	-	-	-	-	uaugauguaauuguguacuuugg	cuaaguaguauaaacuggguu	cuaaguaguauaaacuggguuguacccccgcaaauucacauuugacccuggugggcauggauaugauguaauuguguacuuugg	scaffold2:7868734..7868818:+	PDii3	scaffold2	7868734..7868818	7868734	7868818	0
301	scaffold2_143886	20.0	76 +/- 4%	-	50	48	0	2	no	-	-	-	-	ucauguauugguuguaugcaagacc	cuucaaaguaacuaauuagaagu	cuucaaaguaacuaauuagaaguggauaguuagucuugacaucuugauugagcaucauguauugguuguaugcaagacc	scaffold2:7988697..7988776:+	GA1	scaffold2	7988697..7988776	7988697	7988776	0
302	scaffold2_94781	113.6	68 +/- 3%	-	325	313	1	11	no	-	-	-	-	cauuuucguauaauuaggauu	uuagaguuauuuugaggaug	cauuuucguauaauuaggauuuucguaggccaaucacaaaucaguaauuuagaguuauuuugaggaug	scaffold2:8337483..8337551:+	IST1	scaffold2	8337483..8337551	8337483	8337551	0
303	scaffold2_112853	249.8	58 +/- 3%	-	525	359	165	1	no	-	-	-	-	caaggcuggauguaacugacu	guaguuccaagucucagcu	guaguuccaagucucagcucaacagaguaacuuauguguucccuauccuaacucagugcaguccucaacaaggcuggauguaacugacu	scaffold2:8432666..8432755:+	AMP3	scaffold2	8432666..8432755	8432666	8432755	0
304	scaffold2_166451	47.8	76 +/- 2%	-	140	99	40	1	no	-	-	-	-	uauucacugagauauuaacga	cuuuaaagaaauuuaguagauguag	cuuuaaagaaauuuaguagauguagauuuuaauuuggaagcuaaugaacuagguuugaagucgauccaagcacuauucacugagauauuaacga	scaffold2:9462859..9462953:+	PL1	scaffold2	9462859..9462953	9462859	9462953	0
305	scaffold2_241927	37.7	48 +/- 4%	-	74	65	0	9	yes	-	-	-	-	uugcuuugaucugcaacuaccug	ggguaggacguaaucaag	uugcuuugaucugcaacuaccuggauuaaggguaggacguaaucaag	scaffold2:10205655..10205702:-	PH2	scaffold2	10205655..10205702	10205655	10205702	0
306	scaffold2_256085	85.9	67 +/- 3%	-	241	240	0	1	no	-	-	-	-	uuaaaugugacaaaugugau	cauaguaacauccaaagaca	uuaaaugugacaaaugugaucauuagcgcccuuaucauaguaacauccaaagaca	scaffold2:10713510..10713565:-	PDii1	scaffold2	10713510..10713565	10713510	10713565	0
307	scaffold2_172882	67.4	67 +/- 3%	-	241	240	0	1	no	-	-	-	-	uuaaaugugacaaaugugau	cauaguaacauccaaagaca	uuaaaugugacaaaugugaucauuagcgcccuuaucauaguaacauccaaagaca	scaffold2:10739423..10739478:+	PDii1	scaffold2	10739423..10739478	10739423	10739478	0
308	scaffold2_256151	67.4	67 +/- 3%	-	241	240	0	1	no	-	-	-	-	uuaaaugugacaaaugugau	cauaguaacauccaaagaca	uuaaaugugacaaaugugaucauuagcgcccuuaucauaguaacauccaaagaca	scaffold2:10834960..10835015:-	PDii1	scaffold2	10834960..10835015	10834960	10835015	0
309	scaffold2_179601	237.4	67 +/- 3%	-	481	480	0	1	no	-	-	-	-	ugagauugccuucuguaaaug	ugauggaaguucugcucauac	ugagauugccuucuguaaaugcaacaugauggaaguucugcucauac	scaffold2:10943140..10943187:-	AMP2	scaffold2	10943140..10943187	10943140	10943187	0
310	scaffold2_240044	27.8	76 +/- 4%	-	58	49	6	3	yes	-	-	-	-	uagugauaaauuuuucaaugga	uauagaguuguucaucauucaucu	uauagaguuguucaucauucaucuuugaauuaguauauuuuaucugauuuaaaguggguuagugauaaauuuuucaaugga	scaffold2:10948436..10948517:-	EC3	scaffold2	10948436..10948517	10948436	10948517	0
311	scaffold2_242658	361.8	48 +/- 4%	-	728	724	1	3	no	-	-	-	-	ugauauaugauuuuaaaaacag	uguaaaauuucguaauuuuuaauccu	ugauauaugauuuuaaaaacagggcuugucuaaauuugagugccuuguaaaauuucguaauuuuuaauccu	scaffold2:10961750..10961821:-	PH2	scaffold2	10961750..10961821	10961750	10961821	0
312	scaffold2_173184	90.9	67 +/- 3%	-	201	197	0	4	no	-	-	-	-	ucaaaugaaaucaagaugagg	uucauugaaauuuccuccagaaagu	ucaaaugaaaucaagaugaggaacagaugaacaugccuuggcauggcaguauguuauaaacuucauugaaauuuccuccagaaagu	scaffold2:11031954..11032040:+	PDii1	scaffold2	11031954..11032040	11031954	11032040	0
313	scaffold2_173246	90.9	67 +/- 3%	-	201	197	0	4	no	-	-	-	-	ucaaaugaaaucaagaugagg	uucauugaaauuuccuccagaaagu	ucaaaugaaaucaagaugaggaacagaugaacaugccuuggcauggcaguauguuauaaacuucauugaaauuuccuccagaaagu	scaffold2:11066885..11066971:+	PDii1	scaffold2	11066885..11066971	11066885	11066971	0
314	scaffold2_122744	205.4	67 +/- 3%	-	401	396	4	1	yes	-	-	-	-	ggacguuaaacaauagggua	caauacuugaugggcgugucg	caauacuugaugggcgugucgcuuuguggaguccugaaccuagaguggacguuaaacaauagggua	scaffold2:13352428..13352494:+	AMP2	scaffold2	13352428..13352494	13352428	13352494	0
315	scaffold2_100524	28.2	67 +/- 3%	-	61	15	0	46	no	-	-	-	-	uuaaagguaugcuggagc	ucaagcacugggguaauugua	ucaagcacugggguaauuguaugaugguucccacauccguuuaaagguaugcuggagc	scaffold2:13354310..13354368:+	IST3	scaffold2	13354310..13354368	13354310	13354368	0
316	scaffold2_258693	11.2	67 +/- 3%	-	33	25	5	3	no	-	-	-	-	caaagaaggaaucugugacc	ggacggaauuuuucgauggaaac	caaagaaggaaucugugaccugguugacuagacaaucuccacaauuuuaccaggacggaauuuuucgauggaaac	scaffold2:14024703..14024778:-	PDii1	scaffold2	14024703..14024778	14024703	14024778	0
317	scaffold2_242698	23.3	76 +/- 4%	-	92	89	2	1	no	-	-	-	-	caguuuguagagauauucauu	ugaauauuuuaagcauucuacuuggg	ugaauauuuuaagcauucuacuugggaaguacauuaauuacagauacacaucuuacugcauuuaacaguuuguagagauauucauu	scaffold2:14331859..14331945:-	EC3	scaffold2	14331859..14331945	14331859	14331945	0
318	scaffold2_169426	47.6	76 +/- 2%	-	103	101	1	1	no	-	-	-	-	ugcagaagcgcaaccggucucgaa	ucgggguuuggcugccgguuugcac	ugcagaagcgcaaccggucucgaauguucuuuggagacaaucgggguuuggcugccgguuugcac	scaffold2:14334375..14334440:+	PL1	scaffold2	14334375..14334440	14334375	14334440	0
319	scaffold2_242724	23.3	76 +/- 4%	-	92	89	2	1	no	-	-	-	-	caguuuguagagauauucauu	ugaauauuuuaagcauucuacuuggg	ugaauauuuuaagcauucuacuugggaaguacauuaauuacagauacacaucuuacugcauuuaacaguuuguagagauauucauu	scaffold2:14355592..14355678:-	EC3	scaffold2	14355592..14355678	14355592	14355678	0
320	scaffold2_169436	47.6	76 +/- 2%	-	103	101	1	1	no	-	-	-	-	ugcagaagcgcaaccggucucgaa	ucgggguuuggcugccgguuugcac	ugcagaagcgcaaccggucucgaauguucuuuggagacaaucgggguuuggcugccgguuugcac	scaffold2:14358118..14358183:+	PL1	scaffold2	14358118..14358183	14358118	14358183	0
321	scaffold2_169462	28.1	76 +/- 2%	-	76	74	1	1	no	-	-	-	-	caguuuguagagauguucauu	ugaaauucuccaaauaucgcuguu	caguuuguagagauguucauuguaaagaaaucuuucguuaaucgaaaauuuuucgucaaaugugaaauucuccaaauaucgcuguu	scaffold2:14366813..14366899:+	PL1	scaffold2	14366813..14366899	14366813	14366899	0
322	scaffold2_251750	39.0	76 +/- 2%	-	87	86	0	1	no	-	-	-	-	ggacuugacaucaccacaaguguug	gaaaagcuuucuguaguuguuaacc	gaaaagcuuucuguaguuguuaaccguuuguuggacuugacaucaccacaaguguug	scaffold2:15097293..15097350:-	PL1	scaffold2	15097293..15097350	15097293	15097350	0
323	scaffold2_149265	40.0	67 +/- 3%	-	113	104	2	7	no	-	-	-	-	uuggcaauuuguguuaacagc	gaucuugacacuggcuua	gaucuugacacuggcuuauauacuggauuuugcuuuucaugauguauuaugggcauaguacuugguuuggcaauuuguguuaacagc	scaffold2:15724705..15724792:-	IST3	scaffold2	15724705..15724792	15724705	15724792	0
324	scaffold2_149441	259.6	67 +/- 3%	-	613	395	0	218	no	-	-	-	-	acuaguaaucuuucaucgucc	cccaugauaguucgcuaggcu	acuaguaaucuuucaucguccguaucuacccaugauaguucgcuaggcu	scaffold2:16531211..16531260:-	IST3	scaffold2	16531211..16531260	16531211	16531260	0
325	scaffold2_143973	28.5	68 +/- 3%	-	63	25	23	15	no	-	-	-	-	gcggucaugacaaugugugcc	ugccaacacguuguaggggc	gcggucaugacaaugugugccaaguuaaaaucuuuaugcugaagguuguacagaggugccaacacguuguaggggc	scaffold2:16768252..16768328:-	IST1	scaffold2	16768252..16768328	16768252	16768328	0
326	scaffold2_97646	28.5	68 +/- 3%	-	63	25	23	15	no	-	-	-	-	gcggucaugacaaugugugcc	ugccaacacguuguaggggc	gcggucaugacaaugugugccaaguuaaaaucuuuaugcugaagguuguacagaggugccaacacguuguaggggc	scaffold2:16770846..16770922:+	IST1	scaffold2	16770846..16770922	16770846	16770922	0
327	scaffold2_165386	28.7	73 +/- 3%	-	56	49	4	3	yes	-	-	-	-	caaucacuagucuaaccgug	gugguuagacgugcgauuucauu	gugguuagacgugcgauuucauuaaaaugugauagaucacuuuugagacaaucacuagucuaaccgug	scaffold2:17571241..17571309:-	SMA3	scaffold2	17571241..17571309	17571241	17571309	0
328	scaffold2_165668	38.2	73 +/- 3%	-	127	78	46	3	no	-	-	-	-	acucuagaggaugaauguaau	uuauauuuaucacauaguucu	uuauauuuaucacauaguucuugagcauauuuauuauaaaauuccuuuccuuuaucaauccauagaaauuuuggaacucuagaggaugaauguaau	scaffold2:18203650..18203746:-	SMA3	scaffold2	18203650..18203746	18203650	18203746	0
329	scaffold2_125300	966.6	60 +/- 3%	-	1972	1967	0	5	no	-	-	-	-	agacgaguugauuuugacaca	ucgaugaaaucagcaucaaag	agacgaguugauuuugacacacugacgaugauuagacagguaagaaaggaagaguucgaugaaaucagcaucaaag	scaffold2:18718890..18718966:+	AMP1	scaffold2	18718890..18718966	18718890	18718966	0
330	scaffold2_250009	957.0	69 +/- 3%	-	1916	996	798	122	no	-	-	-	-	uuagucugugcaguauag	uauaaaagaaaggauugg	uauaaaagaaaggauuggguuugaaagauguugucacuucuaauauuuguagauuagucugugcaguauag	scaffold2:19533432..19533503:-	PDii3	scaffold2	19533432..19533503	19533432	19533503	0
331	scaffold2_262750	27.9	67 +/- 3%	-	61	51	8	2	yes	-	-	-	-	ugagauucauuggcacag	uuucaaaaucauauauugau	uuucaaaaucauauauugauagaauaaccaugaaauuuuguaccaaacaaggcuaucaggugagauucauuggcacag	scaffold2:19735809..19735887:-	PDii1	scaffold2	19735809..19735887	19735809	19735887	0
332	scaffold2_181599	523.2	87 +/- 2%	-	1047	1042	0	5	no	-	-	-	-	guuuucauugauguaugcuugg	uauuguguauccuugaagaa	uauuguguauccuugaagaaccuuauaugguuuucauugauguaugcuugg	scaffold2:19795438..19795489:-	HL3	scaffold2	19795438..19795489	19795438	19795489	0
333	scaffold2_179021	360.1	67 +/- 3%	-	723	722	0	1	no	-	-	-	-	gcaacaaugacugaaaaggagcu	ccacuaguuauacaaugca	ccacuaguuauacaaugcaagaaguaaagcagagacccucugguauuugcauugcaacaaugacugaaaaggagcu	scaffold2:20931007..20931083:+	PDii1	scaffold2	20931007..20931083	20931007	20931083	0
334	scaffold2_251224	188.6	69 +/- 3%	-	422	420	1	1	no	-	-	-	-	cuacuaaacaaagaagccguuua	gaagcuuguucaucgugug	cuacuaaacaaagaagccguuuauccaucugcaauacaaaaacagaauaugaagcuuguucaucgugug	scaffold2:21022292..21022361:-	PDii3	scaffold2	21022292..21022361	21022292	21022361	0
335	scaffold2_167223	22.9	73 +/- 3%	-	53	52	0	1	no	-	-	-	-	cguguugaaacauggaagucu	gauaucgcguggcauucau	cguguugaaacauggaagucugauggcguagcauccagccaggaagcguuuuggugagcaaaucuagauaucgcguggcauucau	scaffold2:21106884..21106969:-	SMA3	scaffold2	21106884..21106969	21106884	21106969	0
336	scaffold2_169877	31.7	74 +/- 4%	-	86	81	2	3	no	-	-	-	-	uugguucucgauuuuaauug	aguaaaauuugaaauuauucuc	aguaaaauuugaaauuauucucuugccuaaaauuauuggcuaccagucuuaagaucuugcaaaggguauugguucucgauuuuaauug	scaffold2:21611780..21611868:+	DI3	scaffold2	21611780..21611868	21611780	21611868	0
337	scaffold2_156100	24.5	72 +/- 3%	-	100	72	22	6	no	-	-	-	-	augauuggaucaaaaugaauu	ucaauuuaaaauucgacaaug	augauuggaucaaaaugaauuaaguuacuuuugauugguuuauaugcuaaaaguuuguaaaaacuaacacguacuuugaacacuuuuuucaauuuaaaauucgacaaug	scaffold2:21642826..21642935:+	SMA1	scaffold2	21642826..21642935	21642826	21642935	0
338	scaffold2_100045	28.6	79 +/- 3%	-	174	141	30	3	no	-	-	-	-	uuguaugaauuuucaaacgcu	uuaaaaaagaauauaaaaaucg	uuguaugaauuuucaaacgcucaugaaaugcagaauucugagaaaauuagauaauaacacacguauuguauaaagcuuaaaaaagaauauaaaaaucg	scaffold2:21681657..21681755:+	SMA2	scaffold2	21681657..21681755	21681657	21681755	0
339	scaffold2_239713	235.1	78 +/- 3%	-	485	480	0	5	no	-	-	-	-	aucacgucagggucacca	ugauucuagcaaacacaa	aucacgucagggucaccauguagaaucacagggggugauucuagcaaacacaa	scaffold2:22170454..22170507:-	PL2	scaffold2	22170454..22170507	22170454	22170507	0
340	scaffold2_99275	24.7	68 +/- 3%	-	45	43	1	1	yes	-	-	-	-	ugccacacgauuagucuuuu	agacuaaccggguggcacccc	ugccacacgauuagucuuuugacuauagucaaaaaacuuuuuugacuauugucaaaagacuaaccggguggcacccc	scaffold2:23260269..23260346:+	IST1	scaffold2	23260269..23260346	23260269	23260346	0
341	scaffold2_89942	424.1	89 +/- 2%	-	828	819	0	9	yes	-	-	-	-	caucaaaagguucucgucug	agacgagcaucuuuuugacgua	agacgagcaucuuuuugacguauaucaaaugauauacaucaaaagguucucgucug	scaffold2:23623702..23623758:+	PH3	scaffold2	23623702..23623758	23623702	23623758	0
342	scaffold2_163135	216.7	78 +/- 3%	-	432	430	0	2	no	-	-	-	-	auaccgaagauacugacacgcc	guugucauuuuuggucuu	guugucauuuuuggucuucuagaccgcuugcgagaggaaaaauuguggcugauagcguauuacacuucuggauaccgaagauacugacacgcc	scaffold2:24204329..24204422:+	PL2	scaffold2	24204329..24204422	24204329	24204422	0
343	scaffold2_252223	37.0	48 +/- 4%	-	101	74	0	27	no	-	-	-	-	uguuuuguugagacaugguucaag	uggaauccaucaacucaaacuaug	uguuuuguugagacaugguucaaggaagacacugaucuccuaccuuggaauccaucaacucaaacuaug	scaffold2:24471350..24471419:-	PH2	scaffold2	24471350..24471419	24471350	24471419	0
344	scaffold2_252229	37.0	48 +/- 4%	-	101	74	0	27	no	-	-	-	-	uguuuuguugagacaugguucaag	uggaauccaucaacucaaacuaug	uguuuuguugagacaugguucaaggaagacacugaucuccuaccuuggaauccaucaacucaaacuaug	scaffold2:24480554..24480623:-	PH2	scaffold2	24480554..24480623	24480554	24480623	0
345	scaffold2_172255	332.1	48 +/- 4%	-	667	662	0	5	no	-	-	-	-	ucauuuguucauuuguuag	uguaaauggaaugugaug	ucauuuguucauuuguuagguuucuuucuguaaauggaaugugaug	scaffold2:26734771..26734817:+	PH2	scaffold2	26734771..26734817	26734771	26734817	0
346	scaffold2_277319	18.3	72 +/- 3%	-	34	24	0	10	yes	-	-	-	-	ugccaaauauuuggaaucgau	ccuuuccaaauauuuggcaau	ugccaaauauuuggaaucgauuugcaaauccuuuccaaauauuuggcaau	scaffold2:26835336..26835386:-	PDii2	scaffold2	26835336..26835386	26835336	26835386	0
347	scaffold2_182355	543.2	67 +/- 3%	-	1066	689	0	377	yes	-	-	-	-	ugauacgauaguuucuaguaga	ugcuaguacuauugugugaugu	ugauacgauaguuucuaguagauuaauauucugcuaguacuauugugugaugu	scaffold2:27309897..27309950:+	PDii1	scaffold2	27309897..27309950	27309897	27309950	0
348	scaffold2_192156	1.6	86 +/- 2%	-	251	228	3	20	yes	-	-	-	-	ucaguuaguagccuugguugg	cggcuucacucucugcugaucag	ucaguuaguagccuugguuggcgaaagcuguagagaggcgcaacccucucaugaagcucggccucggcuucacucucugcugaucag	scaffold2:28003683..28003770:-	HL2	scaffold2	28003683..28003770	28003683	28003770	0
349	scaffold2_278181	45.9	72 +/- 3%	-	110	91	14	5	no	-	-	-	-	ucguuuccuuuauauucuaau	cgagaauuuuugaaagaau	ucguuuccuuuauauucuaauugcugaagcacuagcauugaaacuuaguggaguagacucagcgagaauuuuugaaagaau	scaffold2:28641059..28641140:-	PDii2	scaffold2	28641059..28641140	28641059	28641140	0
350	scaffold2_105228	99.6	67 +/- 3%	-	229	76	34	119	no	-	-	-	-	uccucauuggauuugaauguc	uuucaauuugaauuuaggguu	uccucauuggauuugaaugucgaaauaagaaaaauauaaguaaagaguaauaauuuuacuuugaaaacaaauuugaguuucaauuugaauuuaggguu	scaffold2:29151119..29151217:+	IST3	scaffold2	29151119..29151217	29151119	29151217	0
351	scaffold2_256549	24.2	69 +/- 3%	-	101	99	0	2	no	-	-	-	-	uguaugaagaacuggcaucauugg	cagugacacagacucucuc	cagugacacagacucucuccucuacaaaauaaagacccaaaauguguaugaagaacuggcaucauugg	scaffold2:30485182..30485250:-	PDii3	scaffold2	30485182..30485250	30485182	30485250	0
352	scaffold2_148226	127.2	68 +/- 3%	-	267	265	0	2	yes	-	-	-	-	uaguguauaucuuugaagaaa	uuuuucauuaauguaugcaagg	uaguguauaucuuugaagaaauuuauacgguuuuucauuaauguaugcaagg	scaffold2:30494102..30494154:-	IST1	scaffold2	30494102..30494154	30494102	30494154	0
353	scaffold2_261066	15.2	76 +/- 2%	-	67	60	4	3	no	-	-	-	-	cgaauucuuaguaccuuuuccag	agagaauggaauuuuguucaau	agagaauggaauuuuguucaaucaacaauucaaagucacgcaaacugaacauuggaaaaugaucgaauucuuaguaccuuuuccag	scaffold2:31250117..31250203:-	PL1	scaffold2	31250117..31250203	31250117	31250203	0
354	scaffold2_314480	13.4	70 +/- 3%	-	41	32	6	3	no	-	-	-	-	ucagcagagcgucuuuauagu	cuggaaacguuccgugga	ucagcagagcgucuuuauaguucaaaggggaaauccauuugaaagcccguuucuggaaacguuccgugga	scaffold2:31286601..31286671:-	DI2	scaffold2	31286601..31286671	31286601	31286671	0
355	scaffold2_84189	198.2	72 +/- 3%	-	405	147	129	129	no	-	-	-	-	uggucugaaguugcuugccuc	uucuaaguaacaugccagccu	uucuaaguaacaugccagccuauuugacaucacagaaguuagcaauuuccacguuguuggcagacauguuaguggucugaaguugcuugccuc	scaffold2:31299541..31299634:+	IST2	scaffold2	31299541..31299634	31299541	31299634	0
356	scaffold2_177745	54.5	58 +/- 3%	-	129	127	1	1	no	-	-	-	-	uguguggauggcauucagug	ucugagaagcuucggcaagu	ucugagaagcuucggcaaguaauaacagaaggcuugcacccugaaaaauuauguguguggauggcauucagug	scaffold2:31398885..31398958:-	AMP3	scaffold2	31398885..31398958	31398885	31398958	0
357	scaffold2_247891	13.8	75 +/- 3%	-	28	23	4	1	yes	-	-	-	-	uguuuaagguuauuggcgagg	ugcuaauguacucugugaugugu	uguuuaagguuauuggcgagggcuucauuuacaugguuggcuagauguaguugaagcaguaaauuugcuaauguacucugugaugugu	scaffold2:31401900..31401988:-	PDi2	scaffold2	31401900..31401988	31401900	31401988	0
358	scaffold2_161626	112.5	72 +/- 3%	-	272	108	128	36	no	-	-	-	-	acucuagaggaugaauguaau	uuauauuugucacauaguucu	uuauauuugucacauaguucuugaaaauauuuauuaaaaauuccuuuccuuuaucaacccauagaaauuuuggaacucuagaggaugaauguaau	scaffold2:31714564..31714659:+	SMA1	scaffold2	31714564..31714659	31714564	31714659	0
359	scaffold2_271239	18.2	67 +/- 3%	-	59	45	13	1	no	-	-	-	-	caagaaaacguauugaaagg	uccaaaauguauucuguac	caagaaaacguauugaaaggucaaagacgaacuugguggugaugucauuacucaagugguugcauuaaaguccaaaauguauucuguac	scaffold2:31937792..31937881:-	PDii1	scaffold2	31937792..31937881	31937792	31937881	0
360	scaffold2_191470	1860.8	60 +/- 3%	-	3777	2246	1369	162	no	-	-	-	-	cucacgaucaauacugcaacu	guuuuguauuuaauugccagu	guuuuguauuuaauugccaguguuuuugcuaaauuuauccaauccccuccuuuauuugccauuucaacaaugcacucacgaucaauacugcaacu	scaffold2:33363294..33363389:-	AMP1	scaffold2	33363294..33363389	33363294	33363389	0
361	scaffold2_130869	12.3	67 +/- 3%	-	35	33	0	2	no	-	-	-	-	ucgaaaccacucucugcuaa	agcagaguggcgcaggggaa	agcagaguggcgcaggggaaguguacugggcccauaaccagacauuggugaaucgaaaccacucucugcuaa	scaffold2:33406765..33406837:+	AMP2	scaffold2	33406765..33406837	33406765	33406837	0
362	scaffold2_213251	126.1	77 +/- 3%	-	284	282	0	2	no	-	-	-	-	cuggauaacaaguuugggcgucg	auacaucagcuuacaaug	auacaucagcuuacaauguagugaauauucuggauaacaaguuugggcgucg	scaffold2:33687414..33687466:-	PDi1	scaffold2	33687414..33687466	33687414	33687466	0
363	scaffold2_132101	30.2	60 +/- 3%	-	65	64	0	1	no	-	-	-	-	gaaggugugagugguggaag	cucagcuuaaccuuccuuc	cucagcuuaaccuuccuuccaggggaucaguucgucgauucaagggcgaugacacaaccggaguuccaugggaaggugugagugguggaag	scaffold2:35098227..35098318:+	AMP1	scaffold2	35098227..35098318	35098227	35098318	0
364	scaffold2_107510	77.4	67 +/- 3%	-	173	169	0	4	no	-	-	-	-	caacgauacauccagauuuggcg	gucaauuucgaaaucguuacg	gucaauuucgaaaucguuacgaucgacguaugaauuuuucuacccaaauacaacgauacauccagauuuggcg	scaffold2:35126321..35126394:+	IST3	scaffold2	35126321..35126394	35126321	35126394	0
365	scaffold2_132258	446.1	60 +/- 3%	-	897	612	1	284	no	-	-	-	-	cgaccugaagauguaugcuag	gcaagcagagauucaggguu	cgaccugaagauguaugcuaguucagggaggauguagcagaagcaaguguaaacauuggagaaggcaagcagagauucaggguu	scaffold2:35577065..35577149:+	AMP1	scaffold2	35577065..35577149	35577065	35577149	0
366	scaffold2_259054	74.4	48 +/- 4%	-	160	156	0	4	no	-	-	-	-	ugagcugagguggugcugug	cgcacuaagcuaacguaag	cgcacuaagcuaacguaagguacacauaauuaauuccagcugagcugagguggugcugug	scaffold2:35626988..35627048:-	PH2	scaffold2	35626988..35627048	35626988	35627048	0
367	scaffold2_185414	1.1	77 +/- 2%	-	127	101	0	26	yes	-	-	-	-	gaaauuguucgucauccaaugaca	augaugaacuuugaucucuu	augaugaacuuugaucucuuuaaaucaauuuuggacaaugaggaaauuguucgucauccaaugaca	scaffold2:36019415..36019481:+	PL3	scaffold2	36019415..36019481	36019415	36019481	0
368	scaffold2_123567	45.8	58 +/- 3%	-	100	96	2	2	no	-	-	-	-	ucggcucguugacaagucu	uauacaacgagccuauuuua	uauacaacgagccuauuuuaggcaaagcaaguuuauagccgagccgaggguggaaaugucggcucguugacaagucu	scaffold2:36288276..36288353:+	AMP3	scaffold2	36288276..36288353	36288276	36288353	0
369	scaffold2_259531	30.8	48 +/- 4%	-	96	91	0	5	no	-	-	-	-	aacuucggauaaucaacugcuug	uuaaaugauuaaauuuccucaaaaag	aacuucggauaaucaacugcuuggaaaauaagagcucaucuuguucucuuucaauuaaaugauuaaauuuccucaaaaag	scaffold2:36475503..36475583:-	PH2	scaffold2	36475503..36475583	36475503	36475583	0
370	scaffold2_151044	14.0	68 +/- 3%	-	87	58	27	2	no	-	-	-	-	ugcgaugucugauuuuuaaau	uauuaaaucauuaguuguacaau	ugcgaugucugauuuuuaaauuacgcaaacaauauggauuccucguacgagcgaccaaucaaaauacaaauggauauuaaaucauuaguuguacaau	scaffold2:37073875..37073972:-	IST1	scaffold2	37073875..37073972	37073875	37073972	0
371	scaffold2_192498	11.4	67 +/- 3%	-	31	30	0	1	no	-	-	-	-	aaggcaguguggccgaguggu	uuacuugguaacgucagucagu	aaggcaguguggccgaguggucuaagacgccagacucaagauuacuugguaacgucagucagu	scaffold2:37393730..37393793:-	AMP2	scaffold2	37393730..37393793	37393730	37393793	0
372	scaffold2_148293	23.6	77 +/- 3%	-	46	32	7	7	yes	-	-	-	-	uauguauauauauauauaua	guguguuuuguguguauu	uauguauauauauauauauauauauauauauauauauauauauauaauauauauauauauguguguguuuuguguguauu	scaffold2:37556020..37556100:+	PDi1	scaffold2	37556020..37556100	37556020	37556100	0
373	scaffold2_186851	10.6	75 +/- 2%	-	19	15	0	4	yes	-	-	-	-	ugcaucaaaagauucucgucug	ugcgggcaucuuuuugacguaua	ugcgggcaucuuuuugacguauaucaaaugugcaucaaaagauucucgucug	scaffold2:37735055..37735107:+	PL3	scaffold2	37735055..37735107	37735055	37735107	0
374	scaffold2_124661	121.9	58 +/- 3%	-	239	80	0	159	yes	-	-	-	-	acuaucgacuuuuaucaccg	augauaaaagucgauagugg	acuaucgacuuuuaucaccgauuucuugacagaugauaaaagucgauagugg	scaffold2:38885752..38885804:+	AMP3	scaffold2	38885752..38885804	38885752	38885804	0
375	scaffold2_151788	83.2	68 +/- 3%	-	244	134	96	14	no	-	-	-	-	ugugcugacuuaguugauaug	uuuucaaaguauggguggauu	ugugcugacuuaguugauaugcaaaaauguaguaaauggaauaaagguuuuaaauauuuguugaugauuguagauguauuuucaaaguauggguggauu	scaffold2:39601986..39602085:-	IST1	scaffold2	39601986..39602085	39601986	39602085	0
376	scaffold2_180125	17.7	48 +/- 4%	-	45	44	0	1	no	-	-	-	-	uggauguauguucagcuuug	ggagcagagccaucuuuguguc	ggagcagagccaucuuugugucugaaaaauauggauguauguucagcuuug	scaffold2:40360278..40360329:+	PH2	scaffold2	40360278..40360329	40360278	40360329	0
377	scaffold2_287833	16.8	72 +/- 3%	-	63	62	0	1	no	-	-	-	-	guguguguguguguaaauu	guuuaugcauuaaaccauguuuu	guguguguguguguaaauuauauuaauaacauuuugauugcauaauauuuaggaaaaugaaauuauguguuuaugcauuaaaccauguuuu	scaffold2:40988861..40988952:-	PDii2	scaffold2	40988861..40988952	40988861	40988952	0
378	scaffold2_158487	513.7	67 +/- 3%	-	1058	1056	1	1	no	-	-	-	-	auagacgaguugauuuugaca	ggaaaaaguucgaugaaauc	auagacgaguugauuuugacacacugacgacgauuggacaguaaagauggaaaaaguucgaugaaauc	scaffold2:41443099..41443167:-	IST3	scaffold2	41443099..41443167	41443099	41443167	0
379	scaffold2_175540	72.8	73 +/- 3%	-	207	112	94	1	no	-	-	-	-	gcauguaaacuugaaaaugu	uaauuaauuuaacauuggg	uaauuaauuuaacauugggcaguaaauucgcagcaauuccaugauaugcaccacuauuguucugagcauguaaacuugaaaaugu	scaffold2:41710482..41710567:-	SMA3	scaffold2	41710482..41710567	41710482	41710567	0
380	scaffold2_158695	25.3	67 +/- 3%	-	98	85	0	13	no	-	-	-	-	guuucgaauuuagguuaguu	ugucuuugauagaagcauacg	ugucuuugauagaagcauacgaaguuucgaauuuagguuaguu	scaffold2:41934761..41934804:-	IST3	scaffold2	41934761..41934804	41934761	41934804	0
381	scaffold2_218180	73.6	77 +/- 3%	-	224	213	0	11	no	-	-	-	-	uuagauacuguauuccaaacgcc	cuguuuaugaagucuuuauaaca	uuagauacuguauuccaaacgccaucuuacgaacuugacuguuuaugaagucuuuauaaca	scaffold2:42161614..42161675:-	PDi1	scaffold2	42161614..42161675	42161614	42161675	0
382	scaffold2_181749	13.3	48 +/- 4%	-	37	31	2	4	no	-	-	-	-	ucgagaaagauguauuccgucaag	gugacgauaaaaauuuuuugaagac	ucgagaaagauguauuccgucaagggcuaagagacuacuguugacaguucuucgugacgauaaaaauuuuuugaagac	scaffold2:42572227..42572305:+	PH2	scaffold2	42572227..42572305	42572227	42572305	0
383	scaffold2_324540	11.1	70 +/- 3%	-	39	37	1	1	no	-	-	-	-	guuugaaauauauuuuguguugg	acacgaaguauugauaugaaaacc	acacgaaguauugauaugaaaacccccaguauucauuuuccugauguuugugaauauguuugaucguuugaaauauauuuuguguugg	scaffold2:42836181..42836269:-	DI2	scaffold2	42836181..42836269	42836181	42836269	0
384	scaffold2_183652	207.9	69 +/- 3%	-	419	335	81	3	no	-	-	-	-	gauauucacaggaaauugaccaaug	cgugcagauuuuaugugu	cgugcagauuuuauguguauaucgaguaucauaauggaacaucugccggagauauucacaggaaauugaccaaug	scaffold2:43629456..43629531:+	PDii3	scaffold2	43629456..43629531	43629456	43629531	0
385	scaffold2_193978	0.6	75 +/- 2%	-	150	149	0	1	yes	-	-	-	-	ucaaguuuuacggcagcgag	gaagcugcucuauuuucuuacgu	gaagcugcucuauuuucuuacguacagaaccuguaaauaauauugguaauuugucaaguuuuacggcagcgag	scaffold2:43651735..43651808:+	DI1	scaffold2	43651735..43651808	43651735	43651808	0
386	scaffold2_110643	92.5	67 +/- 3%	-	225	118	104	3	no	-	-	-	-	ggaagaaugguacacuggag	cacagggugucauagaaaaug	ggaagaaugguacacuggaguucgagcaggcagcauggguuagaagcaggaguuaagugguaugagcacaagucacagggugucauagaaaaug	scaffold2:44451679..44451773:+	IST3	scaffold2	44451679..44451773	44451679	44451773	0
387	scaffold2_271779	21.6	76 +/- 2%	-	50	47	0	3	yes	-	-	-	-	uagcaauugaguuguagagagag	cgcuuuuaacgugauuugcuugc	uagcaauugaguuguagagagagauuucaaucucgcuuuuaacgugauuugcuugc	scaffold2:45693087..45693143:-	PL1	scaffold2	45693087..45693143	45693087	45693143	0
388	scaffold2_194538	34.5	67 +/- 3%	-	83	79	0	4	no	-	-	-	-	caccaagacacuuugaagagg	uucaacaauacguuuauggaag	uucaacaauacguuuauggaaggcagagcuaaagugcagagauuaaauaaaucgucuccuuugccaccaagacacuuugaagagg	scaffold2:46074711..46074796:+	PDii1	scaffold2	46074711..46074796	46074711	46074796	0
389	scaffold2_139555	40.0	87 +/- 2%	-	76	75	0	1	yes	-	-	-	-	ucggugauaaaagucgauagugu	cacugucgacuuuuaucauc	cacugucgacuuuuaucaucugucaggaaaucggugauaaaagucgauagugu	scaffold2:46274988..46275041:+	HL2	scaffold2	46274988..46275041	46274988	46275041	0
390	scaffold2_127854	48.4	58 +/- 3%	-	129	121	0	8	no	-	-	-	-	uugguugacucucaugaaucu	aaauauucaaggaaaaggacu	uugguugacucucaugaaucuagggauagaaauauucaaggaaaaggacu	scaffold2:46614580..46614630:+	AMP3	scaffold2	46614580..46614630	46614580	46614630	0
391	scaffold2_169841	11.5	72 +/- 3%	-	20	19	0	1	yes	-	-	-	-	ccgcucuguacuaugguaaau	uuaccauaguacagagagga	ccgcucuguacuaugguaaauucaaauuugguguacagagcggacacuugaaauaauuuaccauaguacagagagga	scaffold2:47185043..47185120:+	SMA1	scaffold2	47185043..47185120	47185043	47185120	0
392	scaffold2_136677	64.0	67 +/- 3%	-	125	116	0	9	yes	-	-	-	-	cagacuugucaacgagccgac	cucggcucguuuaaauuuug	cagacuugucaacgagccgacauuuccaagcucggcucguuuaaauuuug	scaffold2:47570714..47570764:+	AMP2	scaffold2	47570714..47570764	47570714	47570764	0
393	scaffold2_203156	105.7	72 +/- 3%	-	251	242	3	6	no	-	-	-	-	ccgugguaacaauaggccuccu	guauaauuuuuauuuuauuauuaa	guauaauuuuuauuuuauuauuaacuuacuauguguuuagguccgugguaacaauaggccuccu	scaffold2:47852547..47852611:+	PDii2	scaffold2	47852547..47852611	47852547	47852611	0
394	scaffold2_197392	22.1	67 +/- 3%	-	40	20	0	20	yes	-	-	-	-	acaucgcugauuaucucggg	gagauaauuagcgaugugacg	gagauaauuagcgaugugacgauuacaagcaaaucgaacgucgcacgaauucuuugugaucguaacaucgcugauuaucucggg	scaffold2:48033240..48033324:-	AMP2	scaffold2	48033240..48033324	48033240	48033324	0
395	scaffold2_140855	21.2	87 +/- 2%	-	70	69	0	1	no	-	-	-	-	uuuuucagugaaaauguauugug	uguguuaauuugauuggcugaau	uuuuucagugaaaauguauuguguguaaaucuacaguuguguuaauuugauuggcugaau	scaffold2:49332962..49333022:+	HL2	scaffold2	49332962..49333022	49332962	49333022	0
396	scaffold2_98730	13.4	89 +/- 2%	-	42	36	5	1	no	-	-	-	-	uguuaaaagagaauuuggaauug	ccgucuuuauuguuuuggau	uguuaaaagagaauuuggaauuggcgauggauauccgauauuuuacagguuuugguguaauuuaccaauuuugggucauuugccgucuuuauuguuuuggau	scaffold2:52071263..52071365:+	PH3	scaffold2	52071263..52071365	52071263	52071365	0
397	scaffold2_271004	34.8	48 +/- 4%	-	89	86	0	3	no	-	-	-	-	cguuuuauaaaugcuugaucgaug	ugguaacgcauaaaagagaa	ugguaacgcauaaaagagaauaaaaagugaaugggcgacccacgcguuuuauaaaugcuugaucgaug	scaffold2:52243266..52243334:-	PH2	scaffold2	52243266..52243334	52243266	52243334	0
398	scaffold2_271188	381.5	48 +/- 4%	-	798	795	0	3	no	-	-	-	-	uuucaauugauaaacaaacg	ugauaaaaucauguugaaug	uuucaauugauaaacaaacggaggagcauaguugcagaaugugugauaaaaucauguugaaug	scaffold2:52797657..52797720:-	PH2	scaffold2	52797657..52797720	52797657	52797720	0
399	scaffold2_161347	20.2	79 +/- 3%	-	47	44	0	3	no	-	-	-	-	ucggcucguugacaagucu	gucuuugauauacaacgagcc	gucuuugauauacaacgagcccaaaacgaaucuucuaaauuucggcucguugacaagucu	scaffold2:53253676..53253736:-	SMA2	scaffold2	53253676..53253736	53253676	53253736	0
400	scaffold2_130516	113.3	58 +/- 3%	-	242	213	0	29	no	-	-	-	-	guuaggauagggaacaca	gaacuuuguugagcugag	guuaggauagggaacacaugagaacuuuguugagcugag	scaffold2:53312220..53312259:+	AMP3	scaffold2	53312220..53312259	53312220	53312259	0
401	scaffold2_188445	81.6	48 +/- 4%	-	174	168	1	5	no	-	-	-	-	uucagaaauggaagacug	ucuuuuccacuaucucgucg	uucagaaauggaagacugggguacagauauccaauguuauaucgaacgaacaacaucuuuuccacuaucucgucg	scaffold2:53756546..53756621:+	PH2	scaffold2	53756546..53756621	53756546	53756621	0
402	scaffold2_292776	12.1	74 +/- 4%	-	22	21	0	1	yes	-	-	-	-	cauauauauauauauauaua	uauguguguguguaaauga	cauauauauauauauauauauauauauauauauauauauauauauauauauauauauauauuauauguguguguguaaauga	scaffold2:53778986..53779068:-	GA2	scaffold2	53778986..53779068	53778986	53779068	0
403	scaffold2_189355	14.5	69 +/- 3%	-	30	26	3	1	yes	-	-	-	-	uuggagagauuucucugaaauc	uuuagucucauuauucacu	uuuagucucauuauucacugauacacuuaucucauuucagaacaagaugggacgcaagaagaguaguguuuggagagauuucucugaaauc	scaffold2:54077853..54077944:+	PDii3	scaffold2	54077853..54077944	54077853	54077944	0
404	scaffold2_142866	335.2	87 +/- 2%	-	654	648	0	6	yes	-	-	-	-	caucaaaagguucucgucug	agacgagcaucuuuuugacgu	agacgagcaucuuuuugacguauaucaaaugauauacaucaaaagguucucgucug	scaffold2:54486479..54486535:+	HL2	scaffold2	54486479..54486535	54486479	54486535	0
405	scaffold2_272867	1018.7	48 +/- 4%	-	2037	2029	0	8	no	-	-	-	-	uccuucaugauauuauagug	uguauaauagggaaauuc	uguauaauagggaaauucgauucuuaaaugccuccuucaugauauuauagug	scaffold2:55513669..55513721:-	PH2	scaffold2	55513669..55513721	55513669	55513721	0
406	scaffold2_198791	163.2	87 +/- 2%	-	342	212	127	3	no	-	-	-	-	uggagaauuucagcagagcgucu	gauccaauuugcgaguca	gauccaauuugcgagucauuagucgauugaacagaaggagaucacaggcauggaaguagagugacagcgaguggagaauuucagcagagcgucu	scaffold2:57229814..57229908:-	HL3	scaffold2	57229814..57229908	57229814	57229908	0
407	scaffold2_274113	15.6	48 +/- 4%	-	34	21	1	12	yes	-	-	-	-	uugucagaauuuacuuaccaaguag	uacagggugagucagaauagug	uugucagaauuuacuuaccaaguagguguaauucuuuuuuauuccuacagggugagucagaauagug	scaffold2:57454418..57454485:-	PH2	scaffold2	57454418..57454485	57454418	57454485	0
408	scaffold2_142123	209.1	60 +/- 3%	-	485	395	0	90	no	-	-	-	-	uaaguguuaauuuggucaaau	auaggccgguaauugcaaca	uaaguguuaauuuggucaaauauuaauuucucgaagauuuucgcaaaaaacaagauaauugaaauaggccgguaauugcaaca	scaffold2:59144872..59144955:+	AMP1	scaffold2	59144872..59144955	59144872	59144955	0
409	scaffold2_190467	87.2	58 +/- 3%	-	198	195	0	3	no	-	-	-	-	ucauucgacguuauucagcuu	ccuuuuuuggaugaugcuaca	ucauucgacguuauucagcuuuuauuugccuuuuuuggaugaugcuaca	scaffold2:60272701..60272750:-	AMP3	scaffold2	60272701..60272750	60272701	60272750	0
410	scaffold2_203311	1.7	76 +/- 2%	-	164	156	0	8	yes	-	-	-	-	auaaaagucgauagugggaac	acacuaucgacuuuugucaccg	acacuaucgacuuuugucaccgauuucuugacagauuauaaaagucgauagugggaac	scaffold2:60401126..60401184:-	AMP2	scaffold2	60401126..60401184	60401126	60401184	0
411	scaffold2_132121	59.9	72 +/- 3%	-	137	114	0	23	no	-	-	-	-	auccaauuugcgagucagu	uugaacaggaggagaucacagg	auccaauuugcgagucaguaaucgauugaacaggaggagaucacagg	scaffold2:60464765..60464812:-	IST2	scaffold2	60464765..60464812	60464765	60464812	0
412	scaffold2_116285	124.9	67 +/- 3%	-	272	271	0	1	no	-	-	-	-	uuuaacaauguguuuagguug	ugcacaagcauauuggagaag	uuuaacaauguguuuagguugugugcacaagcauauuggagaag	scaffold2:61031793..61031837:+	IST3	scaffold2	61031793..61031837	61031793	61031837	0
413	scaffold2_236957	45.7	70 +/- 3%	-	104	99	1	4	no	-	-	-	-	ccuugaaucauugguuaacacca	ggucuauucaauguucgaacu	ggucuauucaauguucgaacucuaaacaacgaucacacccuugaaucauugguuaacacca	scaffold2:61035534..61035595:+	DI2	scaffold2	61035534..61035595	61035534	61035595	0
414	scaffold2_183195	19.8	76 +/- 4%	-	69	68	0	1	no	-	-	-	-	ucagugaauaaugcuuggaucgac	cgaaucuaguucauuagcuuc	ucagugaauaaugcuuggaucgacuucgaaucuaguucauuagcuuc	scaffold2:61493950..61493997:+	EC1	scaffold2	61493950..61493997	61493950	61493997	0
415	scaffold2_277584	27.5	69 +/- 3%	-	54	52	0	2	yes	-	-	-	-	ugauaaaagucgauagugggaa	aaacuaucgauuuuuaucacc	aaacuaucgauuuuuaucaccgauuucucgacagaugauaaaagucgauagugggaa	scaffold2:62103876..62103933:-	PDii3	scaffold2	62103876..62103933	62103876	62103933	0
416	scaffold2_277517	66.7	48 +/- 4%	-	134	120	13	1	yes	-	-	-	-	uguuugaucuaaaaaugaag	ucauguuggaucagaaug	uguuugaucuaaaaaugaagguguuuccaaaacuuguuuaagguuggaaacaucauguuggaucagaaug	scaffold2:62403154..62403224:-	PH2	scaffold2	62403154..62403224	62403154	62403224	0
417	scaffold2_177764	15.4	72 +/- 3%	-	52	46	0	6	yes	-	-	-	-	ugauaauuuaucugaauagcg	uauucagauaaauauugacaauu	uauucagauaaauauugacaauuaagaacugauaauuuaucugaauagcg	scaffold2:62647919..62647969:+	SMA1	scaffold2	62647919..62647969	62647919	62647969	0
418	scaffold2_134621	428.9	58 +/- 3%	-	891	889	0	2	no	-	-	-	-	uauguaauguugacauugucu	acaaugggguauauauaaaaa	acaaugggguauauauaaaaaauuauguaauguugacauugucu	scaffold2:63859295..63859339:+	AMP3	scaffold2	63859295..63859339	63859295	63859339	0
419	scaffold2_303748	0.6	73 +/- 2%	-	227	45	181	1	yes	-	-	-	-	ugugugaauacucuggcuuu	gagaauaucgcaaccacaauc	gagaauaucgcaaccacaaucugcgcugugugaacacucuggcuuuaauacauugcuagagaauaucgcaaccacaaucacgcugugugaauacucuggcuuu	scaffold2:64548629..64548732:-	PDii2	scaffold2	64548629..64548732	64548629	64548732	0
420	scaffold2_167638	240.2	67 +/- 3%	-	496	485	0	11	no	-	-	-	-	gcuuauacacuggauuucgcu	gcaauuuguguuaacagcaau	gcuuauacacuggauuucgcuuuuugugauguauuauaggcaugguacucgguuuagcaauuuguguuaacagcaau	scaffold2:64704442..64704519:-	IST3	scaffold2	64704442..64704519	64704442	64704519	0
421	scaffold2_167855	137.0	67 +/- 3%	-	281	280	0	1	no	-	-	-	-	auaaaagucgauagugggaac	uccaaucgauucuucaaugug	auaaaagucgauagugggaacacaccuuuaggcucucuaggugcaagcacgcguaugugucuuccaaucgauucuucaaugug	scaffold2:65337402..65337485:-	IST3	scaffold2	65337402..65337485	65337402	65337485	0
422	scaffold2_279699	198.1	48 +/- 4%	-	405	402	0	3	no	-	-	-	-	ugaacuguuuuucaagcaug	gucaauuggaaugcugugugag	ugaacuguuuuucaagcaugguguuuaacgcaucgucaauuggaaugcugugugag	scaffold2:65938182..65938238:-	PH2	scaffold2	65938182..65938238	65938182	65938238	0
423	scaffold2_185673	131.7	73 +/- 3%	-	265	264	0	1	no	-	-	-	-	gagacaguagaucaucugaua	cagaaguugucgcagaaug	gagacaguagaucaucugauagcaggaugucagaaguugucgcagaaug	scaffold2:66465262..66465311:-	SMA3	scaffold2	66465262..66465311	66465262	66465311	0
424	scaffold2_195524	99.4	48 +/- 4%	-	214	211	0	3	no	-	-	-	-	uaucuuugacugucgauugug	caucagcauaaggcauaaa	caucagcauaaggcauaaauucagauauaauuuggauauaucuuugacugucgauugug	scaffold2:66564956..66565015:+	PH2	scaffold2	66564956..66565015	66564956	66565015	0
425	scaffold2_208195	113.5	60 +/- 3%	-	240	232	6	2	no	-	-	-	-	acgccagggccaucauuggag	acaaugaaaugauggcgucuu	acgccagggccaucauuggaggauggagucgggguagagagagcagugaccacuuagcgcaacaaugaaaugauggcgucuu	scaffold2:69065512..69065594:-	AMP1	scaffold2	69065512..69065594	69065512	69065594	0
426	scaffold2_208526	12.4	60 +/- 3%	-	45	44	0	1	no	-	-	-	-	ugcucuauuuuugaaugggugc	uacuguucaauuauagaaggaag	uacuguucaauuauagaaggaagcauuugucuugcucuauuuuugaaugggugc	scaffold2:69681760..69681814:-	AMP1	scaffold2	69681760..69681814	69681760	69681814	0
427	scaffold2_136950	16.3	58 +/- 3%	-	75	70	1	4	no	-	-	-	-	uuauuuaugacuauaaugaag	uaugaugucuuaguaagug	uuauuuaugacuauaaugaagugguugauaaacaugacgaaaauaaugcacuuuaugaugucuuaguaagug	scaffold2:69712213..69712285:+	AMP3	scaffold2	69712213..69712285	69712213	69712285	0
428	scaffold2_207797	260.6	67 +/- 3%	-	521	516	4	1	yes	-	-	-	-	uaguaguaguaguaguaguagu	ugcuuugcuaguaguagu	ugcuuugcuaguaguaguaguaguaguaauaguaguaguaguaguaguaguaguaguaguaguagu	scaffold2:69749305..69749371:-	AMP2	scaffold2	69749305..69749371	69749305	69749371	0
429	scaffold2_208690	154.2	60 +/- 3%	-	313	203	2	108	no	-	-	-	-	uccguucauuuccacaggaau	uccugugcguguuuugaggg	uccguucauuuccacaggaauuagguucuuccuuaucauauuggugaucacuaauacauccugugcguguuuugaggg	scaffold2:70084147..70084225:-	AMP1	scaffold2	70084147..70084225	70084147	70084225	0
430	scaffold2_198284	165.6	74 +/- 4%	-	322	321	0	1	yes	-	-	-	-	uaguuguuacuauuuaucggccaga	uggccugggguggcauguagc	uggccugggguggcauguagcaucgcugguaguuguuacuauuuaucggccaga	scaffold2:70999535..70999589:+	DI3	scaffold2	70999535..70999589	70999535	70999589	0
431	scaffold2_296866	52.6	67 +/- 3%	-	150	149	0	1	no	-	-	-	-	uagagaacuuaaugaaauc	caucauaagagcgaguga	caucauaagagcgagugaagcgagaauuagagaacuuaaugaaauc	scaffold2:71591755..71591801:-	PDii1	scaffold2	71591755..71591801	71591755	71591801	0
432	scaffold2_209305	145.7	60 +/- 3%	-	287	186	0	101	yes	-	-	-	-	uugcagcaaccauuaacauca	uuguuuaugguuguuucauac	uuguuuaugguuguuucauacuuuugguuguugcagcaaccauuaacauca	scaffold2:71665211..71665262:-	AMP1	scaffold2	71665211..71665262	71665211	71665262	0
433	scaffold2_282910	10.6	48 +/- 4%	-	59	58	0	1	no	-	-	-	-	gcgacugguacuuguuuaucug	gaaacgaagugcuguuaaaaugaug	gcgacugguacuuguuuaucugguaaauauguuuaauaaaauuguauauagauagaaacgaagugcuguuaaaaugaug	scaffold2:72320464..72320543:-	PH2	scaffold2	72320464..72320543	72320464	72320543	0
434	scaffold2_205262	10.8	87 +/- 2%	-	19	18	0	1	yes	-	-	-	-	cuaucgacuuuuaucaucug	augauaaaauucgauagugga	cuaucgacuuuuaucaucugucaagaaacugaugauaaaauucgauagugga	scaffold2:72721811..72721863:-	HL3	scaffold2	72721811..72721863	72721811	72721863	0
435	scaffold2_208997	1.6	76 +/- 2%	-	450	440	3	7	yes	-	-	-	-	ucaguuaguagccuugguugg	ucggccuucggcuucacucc	ucaguuaguagccuugguugguaaaagcuguagagaggcgcaacccucucaacgaagcucggccuucggcuucacucc	scaffold2:72912344..72912422:-	AMP2	scaffold2	72912344..72912422	72912344	72912422	0
436	scaffold2_148368	122.3	60 +/- 3%	-	315	135	0	180	no	-	-	-	-	uugcuauggauuauuuaguuu	cacugaugaaucucauacaau	cacugaugaaucucauacaauaaacuguaaaggaaauuaaauauauauauuuugcuauggauuauuuaguuu	scaffold2:73240688..73240760:+	AMP1	scaffold2	73240688..73240760	73240688	73240760	0
437	scaffold2_258339	206.7	72 +/- 3%	-	441	235	205	1	no	-	-	-	-	caauacacugcgcguuggauu	ugacgauguguuucguuugu	caauacacugcgcguuggauuaauuuugucugcauaucaagugaagccucuuugauuuauuaccuugucucacacagcaauccaauugacgauguguuucguuugu	scaffold2:73404927..73405033:-	SMA1	scaffold2	73404927..73405033	73404927	73405033	0
438	scaffold2_258357	188.1	72 +/- 3%	-	396	235	160	1	no	-	-	-	-	caauacacugcgcguuggauu	ugacgauguguuucguuugu	caauacacugcgcguuggauuaauuuugucugcauaucaagugaagccucuugauuuauuaccuugucucacacagcaauccaauugacgauguguuucguuugu	scaffold2:73492041..73492146:-	SMA1	scaffold2	73492041..73492146	73492041	73492146	0
439	scaffold2_183614	206.7	72 +/- 3%	-	441	235	205	1	no	-	-	-	-	caauacacugcgcguuggauu	ugacgauguguuucguuugu	caauacacugcgcguuggauuaauuuugucugcauaucaagugaagccucuuugauuuauuaccuugucucacacagcaauccaauugacgauguguuucguuugu	scaffold2:73502032..73502138:+	SMA1	scaffold2	73502032..73502138	73502032	73502138	0
440	scaffold2_211635	30.2	75 +/- 3%	-	112	111	0	1	no	-	-	-	-	cugaaauugcugaaaugg	ccuuucuuccucuucguug	ccuuucuuccucuucguugcaugaaaugaucgucgcugaaauugcugaaaugg	scaffold2:75097374..75097427:+	DI1	scaffold2	75097374..75097427	75097374	75097427	0
441	scaffold2_189485	376.5	73 +/- 3%	-	762	759	0	3	no	-	-	-	-	uuguguguaucuuugaauaacc	uuuuucauugauguauacuu	uuguguguaucuuugaauaaccuuauacgguuuuucauugauguauacuu	scaffold2:76535848..76535898:-	SMA3	scaffold2	76535848..76535898	76535848	76535898	0
442	scaffold2_211478	2985.4	60 +/- 3%	-	5882	5304	0	578	no	-	-	-	-	uaaguauguaucuuugaaaaa	uuucauugauguacgcuuuag	uaaguauguaucuuugaaaaaugcaauuauuuuucauugauguacgcuuuag	scaffold2:76540585..76540637:-	AMP1	scaffold2	76540585..76540637	76540585	76540637	0
443	scaffold2_139646	57.1	58 +/- 3%	-	127	96	0	31	no	-	-	-	-	uuuguuugucuguuagcaacu	guaauagauggauugaccuca	uuuguuugucuguuagcaacuuuauggaaaaaguaauagauggauugaccuca	scaffold2:76790917..76790970:+	AMP3	scaffold2	76790917..76790970	76790917	76790970	0
444	scaffold2_197873	589.7	58 +/- 3%	-	1186	1114	0	72	no	-	-	-	-	ggcauggaaguagagugacag	guggagaauuucagcagagc	ggcauggaaguagagugacagcgguagaguggagaauuucagcagagc	scaffold2:77426101..77426149:-	AMP3	scaffold2	77426101..77426149	77426101	77426149	0
445	scaffold2_202347	26.3	69 +/- 3%	-	66	58	0	8	no	-	-	-	-	aaggaauccauuaaauuuugg	uagauggauugaccucaaauuu	uagauggauugaccucaaauuuuuacaagagauaagucuccgcccaaaaaggaauccauuaaauuuugg	scaffold2:77806432..77806501:+	PDii3	scaffold2	77806432..77806501	77806432	77806501	0
446	scaffold2_206902	11.7	76 +/- 2%	-	20	15	0	5	yes	-	-	-	-	ugcauaugaaaauguauauca	auauacauuuccauaugcaau	ugcauaugaaaauguauaucaggugaaaagcugauauacauuuccauaugcaau	scaffold2:79562548..79562602:+	PL1	scaffold2	79562548..79562602	79562548	79562602	0
447	scaffold2_262228	53.3	72 +/- 3%	-	130	129	0	1	no	-	-	-	-	uuccuaauugcauauugcgag	uaauacaaugaguaaaccgcc	uuccuaauugcauauugcgagauauauauuuuauauuuuaauacaaugaguaaaccgcc	scaffold2:80636907..80636966:-	SMA1	scaffold2	80636907..80636966	80636907	80636966	0
448	scaffold2_106633	18.0	89 +/- 2%	-	55	53	0	2	no	-	-	-	-	caugucuaauuaaugcuauuuuuag	ugaaaauagcaucaccaaag	ugaaaauagcaucaccaaagguauguacacuuaugauauaauaaacuauauuacauccgcuuucaugucuaauuaaugcuauuuuuag	scaffold2:80716927..80717015:+	PH3	scaffold2	80716927..80717015	80716927	80717015	0
449	scaffold2_277577	245.0	75 +/- 3%	-	477	476	0	1	yes	-	-	-	-	caucaaaagguucucgucug	gacgagcaacuuuuugacguau	gacgagcaacuuuuugacguauaucaaaugauauacaucaaaagguucucgucug	scaffold2:80805542..80805597:-	PDi2	scaffold2	80805542..80805597	80805542	80805597	0
450	scaffold2_288647	498.7	69 +/- 3%	-	975	973	0	2	yes	-	-	-	-	caucaaaagguucucgucug	agacgagcagcuuuuugacg	agacgagcagcuuuuugacguauaucaaaugauauacaucaaaagguucucgucug	scaffold2:81028493..81028549:-	PDii3	scaffold2	81028493..81028549	81028493	81028549	0
451	scaffold2_118304	26.4	68 +/- 3%	-	68	67	0	1	no	-	-	-	-	ugaaucuuugguuucuuggucguc	ugcugagcagauaguuuguu	ugcugagcagauaguuuguugcguguaaugugucaugaaucuuugguuucuuggucguc	scaffold2:81392513..81392572:+	IST1	scaffold2	81392513..81392572	81392513	81392572	0
452	scaffold2_250260	26.3	70 +/- 3%	-	62	61	0	1	no	-	-	-	-	gcagaaguggcggaauugg	acauucccuacgaaccgagucua	gcagaaguggcggaauuggggugcacuugaaaacagcgugcauauuacauucccuacgaaccgagucua	scaffold2:81476565..81476634:+	DI2	scaffold2	81476565..81476634	81476565	81476634	0
453	scaffold2_118364	19.8	68 +/- 3%	-	74	54	0	20	no	-	-	-	-	gcacagaauuaguauaaguuc	aagguuaagauacugugg	gcacagaauuaguauaaguucagacauaugccagagggcggcauugagaauaagaaaagguuaagauacugugg	scaffold2:81547415..81547489:+	IST1	scaffold2	81547415..81547489	81547415	81547489	0
454	scaffold2_118380	19.8	68 +/- 3%	-	74	54	0	20	no	-	-	-	-	gcacagaauuaguauaaguuc	aagguuaagauacugugg	gcacagaauuaguauaaguucagacauaugccagagggcggcauugagaauaagaaaagguuaagauacugugg	scaffold2:81582691..81582765:+	IST1	scaffold2	81582691..81582765	81582691	81582765	0
455	scaffold2_151937	17.2	60 +/- 3%	-	45	42	0	3	no	-	-	-	-	ggguuaguggucuagugg	uucccggcuaaccccaauuu	ggguuaguggucuagugguaugauucaccuuuagguugcgagagguuccgguuucuauucccggcuaaccccaauuu	scaffold2:81908983..81909060:+	AMP1	scaffold2	81908983..81909060	81908983	81909060	0
456	scaffold2_151997	18.0	60 +/- 3%	-	69	24	37	8	no	-	-	-	-	uagaaaauaguuuuuaauaua	guauugagaaauaaucucuuc	uagaaaauaguuuuuaauauauucuucauuuuuauaucugucacauuuucuuuuguaaagaucauuagguauugagaaauaaucucuuc	scaffold2:82170567..82170656:+	AMP1	scaffold2	82170567..82170656	82170567	82170656	0
457	scaffold2_214132	99.2	60 +/- 3%	-	249	224	19	6	no	-	-	-	-	cauuggaagaguugaacaccgugu	cacguuucaaguuuauuacauuuag	cacguuucaaguuuauuacauuuagaucaaaugcagaauuuugagauauaauacauuggaagaguugaacaccgugu	scaffold2:82197968..82198045:-	AMP1	scaffold2	82197968..82198045	82197968	82198045	0
458	scaffold2_200085	127.0	58 +/- 3%	-	302	289	0	13	no	-	-	-	-	uucaaggaaaaggacucaaga	guugacucucaugaaucu	guugacucucaugaaucuauggauggaaauauucaaggaaaaggacucaaga	scaffold2:82417669..82417721:-	AMP3	scaffold2	82417669..82417721	82417669	82417721	0
459	scaffold2_152175	2.0	68 +/- 2%	-	104	96	0	8	yes	-	-	-	-	caaaaguuguucguguagcaug	uaugcuacacgaacaacuuu	uaugcuacacgaacaacuuuagucauuuaauuaguuuuggacaaaaguuggggagggacaaaaguuguucguguagcaug	scaffold2:82616489..82616569:+	AMP1	scaffold2	82616489..82616569	82616489	82616569	0
460	scaffold2_203799	520.2	48 +/- 4%	-	1030	1026	1	3	no	-	-	-	-	uacggaaaaaguaauagaug	guugguuuguuugucuguu	guugguuuguuugucuguuugccuguuagcaacuuuacggaaaaaguaauagaug	scaffold2:82903044..82903099:+	PH2	scaffold2	82903044..82903099	82903044	82903099	0
461	scaffold2_124101	22.0	67 +/- 3%	-	67	64	0	3	no	-	-	-	-	guagguuaggaaguuguuca	aauagacugauauaaugacc	aauagacugauauaaugaccguacauguaguaauuguaaauguagguuaggaaguuguuca	scaffold2:83422425..83422486:+	IST3	scaffold2	83422425..83422486	83422425	83422486	0
462	scaffold2_289362	38.7	48 +/- 4%	-	86	82	0	4	no	-	-	-	-	ugcuuaugucaauugucaag	uccacuucaaguugauguag	ugcuuaugucaauugucaaggaauaaggcagcugcucuuuuuucuccacuucaaguugauguag	scaffold2:83828427..83828491:-	PH2	scaffold2	83828427..83828491	83828427	83828491	0
463	scaffold2_124320	18.3	67 +/- 3%	-	72	71	0	1	no	-	-	-	-	ugagaucuucucuuaggaauc	uccuuuagugucgauauauuc	uccuuuagugucgauauauucgccagaugcguugauaagccuuuuuauuauacuuggugagaucuucucuuaggaauc	scaffold2:84121662..84121740:+	IST3	scaffold2	84121662..84121740	84121662	84121740	0
464	scaffold2_142587	44.2	58 +/- 3%	-	95	90	0	5	no	-	-	-	-	gaucuagcagcagguaaugcu	ccacuccugucaaguauagag	gaucuagcagcagguaaugcugugcugccacuccugucaaguauagag	scaffold2:84125960..84126008:+	AMP3	scaffold2	84125960..84126008	84125960	84126008	0
465	scaffold2_198732	30.8	75 +/- 3%	-	82	68	0	14	no	-	-	-	-	uaguucaaaaguaauaugccuuuuu	ucuagucucauuuuuuuug	uaguucaaaaguaauaugccuuuuuucuagucucauuuuuuuug	scaffold2:85032470..85032514:+	PDi2	scaffold2	85032470..85032514	85032470	85032514	0
466	scaffold2_301027	17.2	75 +/- 2%	-	80	61	18	1	no	-	-	-	-	gguacucagaauguaagaagcuug	ugccucauucccgucacca	gguacucagaauguaagaagcuugugcaaguucuuuugucaucauuguaccgaaaaacacuacacugccucauucccgucacca	scaffold2:85604728..85604812:-	PL3	scaffold2	85604728..85604812	85604728	85604812	0
467	scaffold2_295996	13.4	76 +/- 2%	-	26	17	0	9	yes	-	-	-	-	uuuugucuagcauugaugagcc	gcucauaaaugcguucaacc	uuuugucuagcauugaugagcccccuuuacaauagcuggcucauaaaugcguucaacc	scaffold2:86963357..86963415:-	PL1	scaffold2	86963357..86963415	86963357	86963415	0
468	scaffold2_291845	18.9	69 +/- 3%	-	82	36	6	40	no	-	-	-	-	uggagagucgaugaauguguau	uaaaagaugaaucagucaccaaac	uggagagucgaugaauguguaucaaucuauaaacacacauaaaaauggaacaaaguggaaaaguugauaaaagaugaaucagucaccaaac	scaffold2:87127070..87127161:-	PDii3	scaffold2	87127070..87127161	87127070	87127161	0
469	scaffold2_291867	18.6	69 +/- 3%	-	82	36	6	40	no	-	-	-	-	uggagagucgaugaauguguau	uaaaagaugaaucagucaccaaac	uggagagucgaugaauguguaucaaucuauaaacacacauaaaaaauggaacaaaguggaaaaguugauaaaagaugaaucagucaccaaac	scaffold2:87152791..87152883:-	PDii3	scaffold2	87152791..87152883	87152791	87152883	0
470	scaffold2_216348	43.2	60 +/- 3%	-	92	88	0	4	no	-	-	-	-	cuaggauaguuugggcguacu	ugcccaaaguuaacaguaag	cuaggauaguuugggcguacugcccuuuaguugcccaaaguuaacaguaag	scaffold2:87320381..87320432:-	AMP1	scaffold2	87320381..87320432	87320381	87320432	0
471	scaffold2_139984	305.1	72 +/- 3%	-	596	434	0	162	yes	-	-	-	-	acacuaucgacuuuuaucaccg	augauaaaagucgauagugg	acacuaucgacuuuuaucaccgauuucuugacagaugauaaaagucgauagugg	scaffold2:87448672..87448726:-	IST2	scaffold2	87448672..87448726	87448672	87448726	0
472	scaffold2_202217	965.7	58 +/- 3%	-	1933	460	1400	73	no	-	-	-	-	cgauguuucuuuguacgacg	ggcggggaaaagaaaucaauc	ggcggggaaaagaaaucaaucgcgagucaagauguaauuagcagcaauacaagcacgauugaaaaacgagugaagggugcgauguuucuuuguacgacg	scaffold2:87723072..87723171:-	AMP3	scaffold2	87723072..87723171	87723072	87723171	0
473	scaffold2_191064	30.3	72 +/- 3%	-	90	62	0	28	no	-	-	-	-	ugcacauucacuaagauccuc	ggaggaauuacagaacuggua	ugcacauucacuaagauccucggaagcgccaaaaugaugaagagaggaggaauuacagaacuggua	scaffold2:87892257..87892323:+	SMA1	scaffold2	87892257..87892323	87892257	87892323	0
474	scaffold2_220302	133.6	75 +/- 3%	-	259	258	0	1	yes	-	-	-	-	caucaaaagguucucgucug	aacgagcaucuuuuugaugu	aacgagcaucuuuuugauguauaucaaaugauauacaucaaaagguucucgucug	scaffold2:89303973..89304028:+	DI1	scaffold2	89303973..89304028	89303973	89304028	0
475	scaffold2_217243	150.3	60 +/- 3%	-	306	304	0	2	no	-	-	-	-	ugugugugugugugugggugu	uaucuaggaucauacgaaau	uguguguguguguguggguguguguacauuaucuaggaucauacgaaau	scaffold2:89463249..89463298:-	AMP1	scaffold2	89463249..89463298	89463249	89463298	0
476	scaffold2_287766	24.0	76 +/- 4%	-	58	49	6	3	no	-	-	-	-	uagugauaaauuuuucaaugga	uauagaguuguucaucauucaucu	uauagaguuguucaucauucaucuuugaauuaguauauuuuaucugauuuaaaguggguuagugauaaauuuuucaaugga	scaffold2:89574452..89574533:-	EC3	scaffold2	89574452..89574533	89574452	89574533	0
477	scaffold2_293020	35.1	48 +/- 4%	-	85	84	0	1	no	-	-	-	-	uaucgagucacuuauuugg	uagaugaacuccuugaggucgaag	uagaugaacuccuugaggucgaaggggcuaucgagucacuuauuugg	scaffold2:89737862..89737909:-	PH2	scaffold2	89737862..89737909	89737862	89737909	0
478	scaffold2_293314	35.1	48 +/- 4%	-	85	84	0	1	no	-	-	-	-	uaucgagucacuuauuugg	uagaugaacuccuugaggucgaag	uagaugaacuccuugaggucgaaggggcuaucgagucacuuauuugg	scaffold2:89841440..89841487:-	PH2	scaffold2	89841440..89841487	89841440	89841487	0
479	scaffold2_203289	540.3	58 +/- 3%	-	1072	1071	0	1	no	-	-	-	-	guaacugacuuaaacucaauu	uuacuuuagcucagugcgugc	uuacuuuagcucagugcgugcacucaaguagaguuguaacugacuuaaacucaauu	scaffold2:90104143..90104199:-	AMP3	scaffold2	90104143..90104199	90104143	90104199	0
480	scaffold2_177272	755.3	67 +/- 3%	-	1529	1513	0	16	no	-	-	-	-	ucacaggagaugaaauaggagc	ucaaguuuuacggcagugag	ucaaguuuuacggcagugaggauagucacaggagaugaaauaggagc	scaffold2:92380476..92380523:-	IST3	scaffold2	92380476..92380523	92380476	92380523	0
481	scaffold2_294866	53.8	48 +/- 4%	-	119	117	0	2	yes	-	-	-	-	uaguguuuaacuuugacgaacc	uuuuucauuguugauuacuugg	uaguguuuaacuuugacgaaccuuauaugguuuuucauuguugauuacuugg	scaffold2:93810312..93810364:-	PH2	scaffold2	93810312..93810364	93810312	93810364	0
482	scaffold2_211061	343.7	86 +/- 2%	-	671	662	0	9	yes	-	-	-	-	caucaaaagguucucgucug	agacgagcaucuuuuugacgua	agacgagcaucuuuuugacguauaucaaaugauauacaucaaaagguucucgucug	scaffold2:94839181..94839237:-	PH1	scaffold2	94839181..94839237	94839181	94839237	0
483	scaffold2_259309	77.7	76 +/- 4%	-	156	153	0	3	yes	-	-	-	-	uucuucauugauuuaugcuuugg	uaguguauaucuuugaggaacc	uaguguauaucuuugaggaaccuuaugguucuucauugauuuaugcuuugg	scaffold2:95191072..95191123:-	GA1	scaffold2	95191072..95191123	95191072	95191123	0
484	scaffold2_178156	72.6	67 +/- 3%	-	153	152	0	1	no	-	-	-	-	uucaggcaugacaagguggga	uacacuggaucuugagcaggc	uucaggcaugacaaggugggacgaaugguacacuggaucuugagcaggc	scaffold2:95391694..95391743:-	IST3	scaffold2	95391694..95391743	95391694	95391743	0
485	scaffold2_310579	26.0	67 +/- 3%	-	62	35	26	1	no	-	-	-	-	ggagaagaaugguagagcag	guuguuuguauuuagcuugg	guuguuuguauuuagcuuggucccugucacagaaaaguuaaaggagacagguauaggguauaaguuggagaagaaugguagagcag	scaffold2:95392719..95392805:-	PDii1	scaffold2	95392719..95392805	95392719	95392805	0
486	scaffold2_187321	51.6	76 +/- 3%	-	139	138	0	1	no	-	-	-	-	uguuauugaagcuuagaacu	guuguauccaaaucaaaag	guuguauccaaaucaaaagaauguuuaaaauguuauugaagcuuagaacu	scaffold2:95454943..95454993:+	PDi3	scaffold2	95454943..95454993	95454943	95454993	0
487	scaffold2_244759	10.2	77 +/- 3%	-	30	14	12	4	yes	-	-	-	-	ccagaucuuaugacaugcagag	aagcguguauuauaagguuagga	aagcguguauuauaagguuaggauguggacaaauuuuggaaggacgaagcgugacacuaaaaccagaucuuaugacaugcagag	scaffold2:98437749..98437833:-	PDi1	scaffold2	98437749..98437833	98437749	98437833	0
488	scaffold2_324146	41.1	72 +/- 3%	-	85	65	0	20	yes	-	-	-	-	uuuuccauugauguguacuugg	uugugugcaucuuugaaaaacc	uugugugcaucuuugaaaaaccuuauaugguuuuccauugauguguacuugg	scaffold2:99094115..99094167:-	PDii2	scaffold2	99094115..99094167	99094115	99094167	0
489	scaffold2_324148	25.3	72 +/- 3%	-	56	54	1	1	no	-	-	-	-	cgcuucaggguagaggccgugcagg	ugcacagcuuuugaaaagca	cgcuucaggguagaggccgugcaggugaugaguucggugugcacagcuuuugaaaagca	scaffold2:99094910..99094969:-	PDii2	scaffold2	99094910..99094969	99094910	99094969	0
490	scaffold2_302849	64.6	76 +/- 2%	-	148	147	0	1	no	-	-	-	-	ugguaaaucaggugaaguugugg	acaucuuacacagauuguuccua	ugguaaaucaggugaaguugugguacaucuuacacagauuguuccua	scaffold2:99831558..99831605:-	PL1	scaffold2	99831558..99831605	99831558	99831605	0
491	scaffold2_281244	47.4	76 +/- 4%	-	99	97	1	1	yes	-	-	-	-	uguauucuuguauagcgcgg	cgcgcucagaguuacaauguuaaa	uguauucuuguauagcgcgggcacucuaaaaagacucugccgcgcucagaguuacaauguuaaa	scaffold2:100233486..100233550:-	EC1	scaffold2	100233486..100233550	100233486	100233550	0
492	scaffold2_230889	13.1	74 +/- 4%	-	26	25	0	1	yes	-	-	-	-	cauauauauauauauauaua	uauauauauauauauaugaac	cauauauauauauauauauauauauauauauauauauauauauauaugaac	scaffold2:100722246..100722297:+	GA2	scaffold2	100722246..100722297	100722246	100722297	0
493	scaffold2_206971	143.0	58 +/- 3%	-	306	305	0	1	no	-	-	-	-	uuucuuuagauuuuguuguu	uagcauuucuccuagagu	uuucuuuagauuuuguuguuuguucaaaggugguuuaugaggggcauguagcauuucuccuagagu	scaffold2:101009341..101009407:-	AMP3	scaffold2	101009341..101009407	101009341	101009407	0
494	scaffold2_265058	1.7	74 +/- 2%	-	191	139	0	52	yes	-	-	-	-	guugaacuucgcugugcucaccaca	uugcacagcuguuuacuucga	guugaacuucgcugugcucaccacaaaccgaaaguccacaaagguugcacagcuguuuacuucga	scaffold2:103659551..103659616:+	DI2	scaffold2	103659551..103659616	103659551	103659616	0
495	scaffold2_301049	46.0	48 +/- 4%	-	111	103	7	1	no	-	-	-	-	ugucuuucaauugucucugcgaug	ucguauccuugacccacuaaaac	ucguauccuugacccacuaaaacagaaucagauaauccaagaaaaugaauuugucuuucaauugucucugcgaug	scaffold2:104786147..104786222:-	PH2	scaffold2	104786147..104786222	104786147	104786222	0
496	scaffold2_307566	21.6	76 +/- 2%	-	49	34	0	15	yes	-	-	-	-	uaguguguauccuugaagaacc	uuuuucauugacguaugcucgg	uaguguguauccuugaagaaccuuauaugguuuuucauugacguaugcucgg	scaffold2:108264804..108264856:-	PL1	scaffold2	108264804..108264856	108264804	108264856	0
497	scaffold2_325385	68.1	74 +/- 4%	-	148	134	11	3	no	-	-	-	-	ugcagcaggaauuagagaacuu	agaaaucaaucgcuguug	agaaaucaaucgcuguuguaggguugagagucaagauuuugcuucguacgacaaauggagaaggugacaacaucaucacagcgagugcagcaggaauuagagaacuu	scaffold2:108268508..108268615:-	GA2	scaffold2	108268508..108268615	108268508	108268615	0
498	scaffold2_223913	93.2	67 +/- 3%	-	182	173	7	2	yes	-	-	-	-	ucacuagucuaaccguggccu	ugguuagacgugcgauucacu	ugguuagacgugcgauucacucaaaaugugauagaucacuuuugagcaaaucacuagucuaaccguggccu	scaffold2:108378284..108378355:-	AMP2	scaffold2	108378284..108378355	108378284	108378355	0
499	scaffold2_175462	731.7	68 +/- 3%	-	1432	1423	0	9	yes	-	-	-	-	caucaaaagguucucgucug	agacgagcaucuuuuugacgua	agacgagcaucuuuuugacguauaucaaaugauauacaucaaaagguucucgucug	scaffold2:108437880..108437936:-	IST1	scaffold2	108437880..108437936	108437880	108437936	0
500	scaffold2_276190	43.0	72 +/- 3%	-	132	43	33	56	no	-	-	-	-	guucgauuggauguuguauu	guacaggucucauuaaaaauu	guacaggucucauuaaaaauuuuagcauuacauuaaagaaaaaagaaaauauuuuuccaaaauuauuuuccuuaaaauguuaaauuaguucgauuggauguuguauu	scaffold2:108468759..108468866:-	SMA1	scaffold2	108468759..108468866	108468759	108468866	0
501	scaffold2_219627	77.5	48 +/- 4%	-	176	136	39	1	no	-	-	-	-	uacguaucauuuguagcaag	ugcaauacaauucauaaacgc	uacguaucauuuguagcaaggaaauuucuuacauuuuccagaguuauuuuugggaauuucaauuuagcuuugcaauacaauucauaaacgc	scaffold2:109240472..109240563:+	PH2	scaffold2	109240472..109240563	109240472	109240563	0
502	scaffold2_330093	13.8	72 +/- 3%	-	28	27	0	1	yes	-	-	-	-	acagcgggaguaguagau	ugcgccgcuuuugucuuuuaua	ugcgccgcuuuugucuuuuauaacagcgggaguaguagau	scaffold2:109253092..109253132:-	PDii2	scaffold2	109253092..109253132	109253092	109253132	0
503	scaffold2_319896	20.8	75 +/- 3%	-	51	16	34	1	no	-	-	-	-	cagaaauauagggauuuuugaga	ucaguguucucugaacugug	ucaguguucucugaacugugguuucauguacagagaugucggcuucaguuugaagucgguuugcaauuuuuuucacagaaauauagggauuuuugaga	scaffold2:109936397..109936495:-	DI1	scaffold2	109936397..109936495	109936397	109936495	0
504	scaffold2_163554	77.1	60 +/- 3%	-	236	235	0	1	no	-	-	-	-	uguaaacugaauauucuuguc	auuuguucuuaguuuccaucu	auuuguucuuaguuuccaucuccuuuguaaacugaauauucuuguc	scaffold2:110089279..110089325:+	AMP1	scaffold2	110089279..110089325	110089279	110089325	0
505	scaffold2_304058	50.6	48 +/- 4%	-	116	113	0	3	no	-	-	-	-	uggaauuugaugacgagug	ucucgcuucaaccaaacuuuauuuucc	uggaauuugaugacgaguggcaucucgcuucaaccaaacuuuauuuucc	scaffold2:110214531..110214580:-	PH2	scaffold2	110214531..110214580	110214531	110214580	0
506	scaffold2_152624	12.2	58 +/- 3%	-	22	21	0	1	yes	-	-	-	-	ugauaaaaguuguucguguagca	cuacacgaacgauauuuguug	cuacacgaacgauauuuguuggcaacaaaaauuguugauaaaaguuguucguguagca	scaffold2:110472947..110473005:+	AMP3	scaffold2	110472947..110473005	110472947	110473005	0
507	scaffold2_304408	378.7	48 +/- 4%	-	754	753	0	1	no	-	-	-	-	ugagaacaaagaagugcuuaug	ugaauuuuguuguucucuguuaaag	ugagaacaaagaagugcuuauggcaaagcguugaauuuuguuguucucuguuaaag	scaffold2:110712692..110712748:-	PH2	scaffold2	110712692..110712748	110712692	110712748	0
508	scaffold2_332166	66.0	72 +/- 3%	-	149	131	16	2	no	-	-	-	-	ugcuucuauuucacaucacuuug	auagugaugcgaauaaaaaagua	ugcuucuauuucacaucacuuugacuuuuccaauuacccgaagaguucaccauuauauagugaugcgaauaaaaaagua	scaffold2:111318887..111318966:-	PDii2	scaffold2	111318887..111318966	111318887	111318966	0
509	scaffold2_337534	12.2	70 +/- 4%	-	21	20	0	1	yes	-	-	-	-	uaggguuaggguuagggu	cccuaacccuaacccuaaccc	cccuaacccuaacccuaacccuuuuacuguugaagcaaauaaauaaggcuaggguuaggguuagggu	scaffold2:111812335..111812402:-	EC2	scaffold2	111812335..111812402	111812335	111812402	0
510	scaffold2_211568	40.2	58 +/- 3%	-	125	81	42	2	no	-	-	-	-	gaguuguagggaugauacu	guauaauucuuagaacuu	guauaauucuuagaacuucgauaaauauuaauuugaguuuuacuucuuuucuuucaucuuuuuccagaguuguagggaugauacu	scaffold2:112297993..112298078:-	AMP3	scaffold2	112297993..112298078	112297993	112298078	0
511	scaffold2_147395	290.8	73 +/- 3%	-	596	591	0	5	no	-	-	-	-	ucugcuauuguuacauaacugc	uguuauuuaauaaucuguagaau	uguuauuuaauaaucuguagaauaacacauucugcuauuguuacauaacugc	scaffold2:113211421..113211473:+	SMA3	scaffold2	113211421..113211473	113211421	113211473	0
512	scaffold2_147098	304.4	72 +/- 3%	-	596	434	0	162	yes	-	-	-	-	acacuaucgacuuuuaucaccg	augauaaaagucgauagugg	acacuaucgacuuuuaucaccgauuucucgaaagaugauaaaagucgauagugg	scaffold2:114206138..114206192:-	IST2	scaffold2	114206138..114206192	114206138	114206192	0
513	scaffold2_235819	26.9	75 +/- 3%	-	79	77	0	2	no	-	-	-	-	ugguuagaaugcaaggaaaaaagc	cccauuucaagcguuuuaugc	cccauuucaagcguuuuaugcuauugcauuggaagaaacaaugguuagaaugcaaggaaaaaagc	scaffold2:114313869..114313934:+	DI1	scaffold2	114313869..114313934	114313869	114313934	0
514	scaffold2_204809	11.6	72 +/- 3%	-	65	60	0	5	no	-	-	-	-	gcacacguugguuuagucuuu	gggauuguaccaauacuuu	gggauuguaccaauacuuuuuaaaauuguacgcacacguugguuuagucuuu	scaffold2:114554038..114554090:+	SMA1	scaffold2	114554038..114554090	114554038	114554090	0
515	scaffold2_279757	13.3	72 +/- 3%	-	55	52	0	3	no	-	-	-	-	ccacaugucuugguagugcua	caaaucagaauuggggcc	caaaucagaauuggggccacagaaaggaaaugccacaugucuugguagugcua	scaffold2:114967809..114967862:-	SMA1	scaffold2	114967809..114967862	114967809	114967862	0
516	scaffold2_222152	258.5	87 +/- 2%	-	505	499	0	6	yes	-	-	-	-	caucaaaagguucucgucug	gacgagcaucuuuuugacgua	gacgagcaucuuuuugacguauaucaaaugauauacaucaaaagguucucgucug	scaffold2:115194576..115194631:-	HL3	scaffold2	115194576..115194631	115194576	115194631	0
517	scaffold2_203927	12.2	73 +/- 3%	-	32	14	17	1	no	-	-	-	-	cuuggugacauuuucaggaca	uccaaaagauccgccaagu	uccaaaagauccgccaagugccuuaaugaugcgcugucauuuucuucgaucaguuuugcagcuuggugacauuuucaggaca	scaffold2:115596986..115597068:-	SMA3	scaffold2	115596986..115597068	115596986	115597068	0
518	scaffold2_165314	13.4	67 +/- 3%	-	25	24	0	1	yes	-	-	-	-	cuuggagacaaaugcauacgg	uacgcauuugucuccaaucagu	cuuggagacaaaugcauacgggcaaaggucuugagcaaguacgcauuugucuccaaucagu	scaffold2:116024766..116024827:+	AMP2	scaffold2	116024766..116024827	116024766	116024827	0
519	scaffold2_220348	31.4	86 +/- 2%	-	81	80	0	1	no	-	-	-	-	ugucaguuuugcuguugaauugg	caguccagaagugaucacggaaug	caguccagaagugaucacggaaugcugucaguuuugcuguugaauugg	scaffold2:117014402..117014450:-	PH1	scaffold2	117014402..117014450	117014402	117014450	0
520	scaffold2_179167	136.3	68 +/- 3%	-	288	266	0	22	no	-	-	-	-	uuggaggaguguguggugagu	uucaugagagacuagcag	uucaugagagacuagcaguagccuuggaggaguguguggugagu	scaffold2:118875472..118875516:-	IST1	scaffold2	118875472..118875516	118875472	118875516	0
521	scaffold2_225568	1.0	56 +/- 3%	-	476	383	84	9	yes	-	-	-	-	ugaaucuuugguuucuug	ucacuaaacauuacuugaug	ugaaucuuugguuucuugaucaucgagauuguggccgguaugauguaaacuggcaaaucuugaauucgucacuaaacauuacuugaug	scaffold2:119025019..119025107:+	PH2	scaffold2	119025019..119025107	119025019	119025107	0
522	scaffold2_150082	37.6	73 +/- 3%	-	88	81	4	3	no	-	-	-	-	ugacagccugaauguauuucugagu	cucaguguugagggaguuga	ugacagccugaauguauuucugaguaaucguuuuuggacgcuugauaucguugaggaauuuuuuguauaaaaacucaguguugagggaguuga	scaffold2:119400255..119400348:+	SMA3	scaffold2	119400255..119400348	119400255	119400348	0
523	scaffold2_214823	21.1	58 +/- 3%	-	40	39	0	1	yes	-	-	-	-	cuugcuacacacacacaca	guguguguguagcugguu	cuugcuacacacacacacaccagauggaauuuggucaaccucaugcaguguguguguagcugguu	scaffold2:121237796..121237861:-	AMP3	scaffold2	121237796..121237861	121237796	121237861	0
524	scaffold2_119105	32.9	89 +/- 2%	-	68	51	0	17	yes	-	-	-	-	uaguguguauccuugaagaacc	guuuucauugacguaugcucgg	uaguguguauccuugaagaaccuuauaugguuuucauugacguaugcucgg	scaffold2:121633815..121633866:+	PH3	scaffold2	121633815..121633866	121633815	121633866	0
525	scaffold2_167907	332.3	67 +/- 3%	-	689	555	0	134	no	-	-	-	-	ucgaaauggguuacuguacgu	uaacagcaagcuacuuugagc	uaacagcaagcuacuuugagcauuacaaguggaaaacaauucgaaauggguuacuguacgu	scaffold2:122241569..122241630:+	AMP2	scaffold2	122241569..122241630	122241569	122241630	0
526	scaffold2_202099	372.3	76 +/- 3%	-	743	436	0	307	yes	-	-	-	-	uuucauugauguauacuuugg	uuguguguaucuuugaauaacc	uuguguguaucuuugaauaaccuuauaugguuuuucauugauguauacuuugg	scaffold2:122998920..122998973:+	PDi3	scaffold2	122998920..122998973	122998920	122998973	0
527	scaffold2_297763	14.6	78 +/- 3%	-	27	20	0	7	yes	-	-	-	-	auauauauauauauaggcgau	ucgcuuauauauauauauaua	ucgcuuauauauauauauauauauauauauauauauauauauauauaggcgau	scaffold2:124058646..124058699:-	PL2	scaffold2	124058646..124058699	124058646	124058699	0
528	scaffold2_231511	158.2	60 +/- 3%	-	324	132	191	1	no	-	-	-	-	cuacuguuuguaguuagcuua	ggcagacugagauagaug	ggcagacugagauagauggcauugguugagguuuagacaggguauauuccagggagacagcuuagcgccacuacuguuuguaguuagcuua	scaffold2:124360364..124360455:-	AMP1	scaffold2	124360364..124360455	124360364	124360455	0
529	scaffold2_216405	58.0	58 +/- 3%	-	133	130	0	3	no	-	-	-	-	auauucaguguugaaaucauu	ugaaguuaaugcugaagaau	auauucaguguugaaaucauuaacgucuucuagaaucacgucugaaguuaaugcugaagaau	scaffold2:124579448..124579510:-	AMP3	scaffold2	124579448..124579510	124579448	124579510	0
530	scaffold2_168776	795.6	67 +/- 3%	-	1591	1474	0	117	no	-	-	-	-	uagaucaucugauagcagggu	uuggcacagaaugaguauaag	uagaucaucugauagcagggugugaggaguuggcacagaaugaguauaag	scaffold2:124676482..124676532:+	AMP2	scaffold2	124676482..124676532	124676482	124676532	0
531	scaffold2_231885	10.7	60 +/- 3%	-	18	15	0	3	yes	-	-	-	-	uaccauaguacagagcggaca	guccgcucuguacuauggug	guccgcucuguacuaugguggaaauucgaauuugguguacagagcggacacuuggaauaauuuaccauaguacagagcggaca	scaffold2:124863822..124863905:-	AMP1	scaffold2	124863822..124863905	124863822	124863905	0
532	scaffold2_338028	87.1	74 +/- 4%	-	181	155	22	4	no	-	-	-	-	gaucugaagaaauggaccgcca	cguacacucacgauggcaaa	gaucugaagaaauggaccgccaaaacagacgcacaaccaagggccauccaagcaacaccgaggggccaucgcacaaugcugcuuuuggcguacacucacgauggcaaa	scaffold2:125482050..125482158:-	GA2	scaffold2	125482050..125482158	125482050	125482158	0
533	scaffold2_232308	2995.1	60 +/- 3%	-	5881	5302	0	579	yes	-	-	-	-	uaaguauguaucuuugaaaaa	uuucauugauguacgcuuuag	uaaguauguaucuuugaaaaaugcuauauauuuuucauugauguacgcuuuag	scaffold2:125770925..125770978:-	AMP1	scaffold2	125770925..125770978	125770925	125770978	0
534	scaffold2_217199	220.6	58 +/- 3%	-	434	432	0	2	yes	-	-	-	-	uuccaccugaagauauuccc	gcacaucuucaggugaucc	uuccaccugaagauauucccuccaagauuuuccaccucaaagcuuuaaagcuuuagggggcacaucuucaggugaucc	scaffold2:126763190..126763268:-	AMP3	scaffold2	126763190..126763268	126763190	126763268	0
535	scaffold2_230269	18.6	48 +/- 4%	-	72	37	0	35	no	-	-	-	-	uccaaaauugcggagaugcg	ucccaaauacaauuucagacg	ucccaaauacaauuucagacgguccaaaauugcggagaugcg	scaffold2:127184160..127184202:+	PH2	scaffold2	127184160..127184202	127184160	127184202	0
536	scaffold2_243362	12.3	67 +/- 3%	-	53	45	2	6	no	-	-	-	-	uaugaaaguuuugucgagaaaua	uacucaacaccuaagcgucaua	uaugaaaguuuugucgagaaauaccgucuagcaaugaagcaguuugugccauacucaacaccuaagcgucaua	scaffold2:127184260..127184333:+	PDii1	scaffold2	127184260..127184333	127184260	127184333	0
537	scaffold2_170353	113.6	67 +/- 3%	-	242	202	38	2	no	-	-	-	-	gcuuucuccaggucagagug	ccagggcacauggaaacaggu	ccagggcacauggaaacagguucagagaaguuagaggcaaaauauguguugagcagaugagcuuucuccaggucagagug	scaffold2:127226658..127226738:+	AMP2	scaffold2	127226658..127226738	127226658	127226738	0
538	scaffold2_223655	257.6	75 +/- 3%	-	553	552	0	1	yes	-	-	-	-	aguaguaguaguaguagu	ugguagugguaguaguaguag	aguaguaguaguaguaguggugugguagugguaguaguaguag	scaffold2:127417811..127417854:+	PDi2	scaffold2	127417811..127417854	127417811	127417854	0
539	scaffold2_212218	170.7	72 +/- 3%	-	357	349	0	8	yes	-	-	-	-	guaguaguaguaguaguagua	guaguaguaguaguagua	guaguaguaguaguaguauuguauuguauuguaugguaguguguagugaugguuauuguaguauaguaguaguaguaguaguagua	scaffold2:127421372..127421458:+	SMA1	scaffold2	127421372..127421458	127421372	127421458	0
540	scaffold2_170855	0.7	69 +/- 2%	-	173	172	0	1	yes	-	-	-	-	acuaucgacuuuuaucaccg	auaaaagucgauaaaagu	acuaucgacuuuuaucaccgauauauugacaggugauaaaagucgauaaaagu	scaffold2:128004239..128004292:+	AMP2	scaffold2	128004239..128004292	128004239	128004292	0
541	scaffold2_224009	34.5	75 +/- 3%	-	81	80	0	1	no	-	-	-	-	caaucuuguaucggacuuugcug	agcuguguccuagugaugggga	caaucuuguaucggacuuugcugguagcuguguccuagugaugggga	scaffold2:128073511..128073558:+	PDi2	scaffold2	128073511..128073558	128073511	128073558	0
542	scaffold2_316784	442.4	69 +/- 3%	-	869	866	0	3	yes	-	-	-	-	uuguguguaucuuugaauaacc	uuuuucauuuauguauacuuugg	uuguguguaucuuugaauaaccuuauaugguuuuucauuuauguauacuuugg	scaffold2:128185339..128185392:-	PDii3	scaffold2	128185339..128185392	128185339	128185392	0
543	scaffold2_168068	86.3	87 +/- 2%	-	169	158	0	11	yes	-	-	-	-	acgguuagacuagugauuguu	ugaaucgcacgucuaaccaccc	acgguuagacuagugauuguuuuaaaagugaucuaucacauuuugauugaaucgcacgucuaaccaccc	scaffold2:128343263..128343332:+	HL3	scaffold2	128343263..128343332	128343263	128343332	0
544	scaffold2_171311	1.1	76 +/- 2%	-	292	291	0	1	yes	-	-	-	-	uguguguguguguguguga	auauauauauauauauagg	auauauauauauauauagguguguguguguguguguga	scaffold2:129058460..129058498:+	AMP2	scaffold2	129058460..129058498	129058460	129058498	0
545	scaffold2_160636	95.6	58 +/- 3%	-	184	179	0	5	yes	-	-	-	-	gaaugucgcguguuuugggug	acccaaaacacgcgacauucuc	acccaaaacacgcgacauucucuacuugacugguugaaugucgcguguuuugggug	scaffold2:129184769..129184825:+	AMP3	scaffold2	129184769..129184825	129184769	129184825	0
546	scaffold2_192510	28.2	77 +/- 3%	-	88	35	52	1	no	-	-	-	-	ugguagagcagugagucac	agacauuggagaaggcaagc	ugguagagcagugagucaccuguggaauauggacgaccugaagauguaugcuaguucaaggaagcuguggaagaagcaaguagagacauuggagaaggcaagc	scaffold2:130160886..130160989:+	PDi1	scaffold2	130160886..130160989	130160886	130160989	0
547	scaffold2_232340	130.0	48 +/- 4%	-	354	334	12	8	no	-	-	-	-	uguaaguaauuguccugagccug	uaaguuaaauuaguugucauc	uguaaguaauuguccugagccuggaguggaaccuguuaaucuuuuuucuuuaacacaguaaguuaaauuaguugucauc	scaffold2:130171904..130171983:+	PH2	scaffold2	130171904..130171983	130171904	130171983	0
548	scaffold2_213542	101.3	72 +/- 3%	-	228	224	0	4	no	-	-	-	-	ucaaagauuucuugaagcucg	gaggguugagagucaagaug	ucaaagauuucuugaagcucgauggcgaggaauaaaaauuaaaucaauggcuguuggaggguugagagucaagaug	scaffold2:130241756..130241832:+	SMA1	scaffold2	130241756..130241832	130241756	130241832	0
549	scaffold2_218656	91.0	58 +/- 3%	-	276	275	0	1	no	-	-	-	-	cguuuuccgucauuucgcucu	agcgaugauaauaaaccaagc	agcgaugauaauaaaccaagcagauaaauucguuuuccgucauuucgcucu	scaffold2:130408922..130408973:-	AMP3	scaffold2	130408922..130408973	130408922	130408973	0
550	scaffold2_278214	10.5	76 +/- 4%	-	18	16	0	2	yes	-	-	-	-	uuaaaucguguaguuaagacg	cuuaacuacacgauuuaaucg	cuuaacuacacgauuuaaucggggccgauuaaaucguguaguuaagacg	scaffold2:130656099..130656148:-	GA1	scaffold2	130656099..130656148	130656099	130656148	0
551	scaffold2_187947	79.6	79 +/- 3%	-	185	182	0	3	no	-	-	-	-	guuccuuggcuaguauuacu	uuaauacuuuuuuucaauuua	guuccuuggcuaguauuacuaacccuaaaaguuauagggcuggaguuuuuaauacuuuuuuucaauuua	scaffold2:132112506..132112575:-	SMA2	scaffold2	132112506..132112575	132112506	132112575	0
552	scaffold2_248015	171.3	75 +/- 3%	-	412	411	0	1	no	-	-	-	-	guguguguguguugugug	uauaauaaauauauauaau	uauaauaaauauauauaauauuaaaauguguguguguguugugug	scaffold2:132148888..132148933:+	DI1	scaffold2	132148888..132148933	132148888	132148933	0
553	scaffold2_193886	50.1	77 +/- 3%	-	103	102	0	1	yes	-	-	-	-	gauucaguaaguuucaauaaugugg	auaauuauacugcaacug	gauucaguaaguuucaauaauguggcuacauguagcaauaauuauacugcaacug	scaffold2:132543763..132543818:+	PDi1	scaffold2	132543763..132543818	132543763	132543818	0
554	scaffold2_234924	19.0	48 +/- 4%	-	76	75	0	1	no	-	-	-	-	ugcgcagaacaaaagacaaauagag	uguaugugcuuucauagcaag	ugcgcagaacaaaagacaaauagagacuucucuuuguaugugcuuucauagcaag	scaffold2:133383614..133383669:+	PH2	scaffold2	133383614..133383669	133383614	133383669	0
555	scaffold2_235109	20.5	67 +/- 3%	-	37	31	0	6	yes	-	-	-	-	cuuaacggcagugugcgacg	ucgcgcacugccguuaaggcu	ucgcgcacugccguuaaggcuuaagagaagguuaccuuaacggcagugugcgacg	scaffold2:134132858..134132913:-	AMP2	scaffold2	134132858..134132913	134132858	134132913	0
556	scaffold2_235347	318.1	48 +/- 4%	-	637	632	0	5	no	-	-	-	-	ucauuuguucauuuguuag	uguaaauggaaugugaug	ucauuuguucauuuguuagauuuccuucuguaaauggaaugugaug	scaffold2:134281229..134281275:+	PH2	scaffold2	134281229..134281275	134281229	134281275	0
557	scaffold2_245034	58.8	75 +/- 2%	-	116	80	0	36	yes	-	-	-	-	ugauguaugcuaauuugaacgaug	ugcguucagacgagcauuauuuug	ugauguaugcuaauuugaacgaugugcguucagacgagcauuauuuug	scaffold2:134366851..134366899:+	PL3	scaffold2	134366851..134366899	134366851	134366899	0
558	scaffold2_245035	583.4	75 +/- 2%	-	1142	1113	0	29	yes	-	-	-	-	caucaaaagguucucgucug	agacgagcaucuuuuugacgua	agacgagcaucuuuuugacguauaucaaaugauauacaucaaaagguucucgucug	scaffold2:134368344..134368400:+	PL3	scaffold2	134368344..134368400	134368344	134368400	0
559	scaffold2_174899	26.9	60 +/- 3%	-	50	45	0	5	yes	-	-	-	-	gauuuccuugugaucgucaca	ugugacgaucacaaagaaauc	ugugacgaucacaaagaaaucgugcgcaggucgauuuccuugugaucgucaca	scaffold2:134545811..134545864:+	AMP1	scaffold2	134545811..134545864	134545811	134545864	0
560	scaffold2_188771	17.0	79 +/- 3%	-	60	59	0	1	no	-	-	-	-	cagacuugucaacgagccgag	gagccgagccgagcugagcu	cagacuugucaacgagccgagcuucuaaauagccgagccgagccgagccgagcugagcu	scaffold2:134583459..134583518:-	SMA2	scaffold2	134583459..134583518	134583459	134583518	0
561	scaffold2_245250	83.3	75 +/- 2%	-	181	167	0	14	no	-	-	-	-	uucugaaucaucuugucgcagg	ugccagugauggugucgagcuccc	ugccagugauggugucgagcucccuucugaaucaucuugucgcagg	scaffold2:134726986..134727032:+	PL3	scaffold2	134726986..134727032	134726986	134727032	0
562	scaffold2_248812	35.0	67 +/- 3%	-	98	96	1	1	no	-	-	-	-	ugcauugauuguuuuuguuauuaug	ugugugaauaguggacucaguguga	ugugugaauaguggacucagugugagggaauuuguaacuacuuaagaguuuagugcauugauuguuuuuguuauuaug	scaffold2:135116338..135116416:+	PDii1	scaffold2	135116338..135116416	135116338	135116416	0
563	scaffold2_139916	132.7	79 +/- 3%	-	280	166	109	5	no	-	-	-	-	ucaacaggaguguauaaaacc	gaaauauauauugcugauaug	ucaacaggaguguauaaaaccauuuguguacaauuuguccuuauuuucuuuggaacauuguaauauuauugugaaauauauauugcugauaug	scaffold2:135248203..135248296:+	SMA2	scaffold2	135248203..135248296	135248203	135248296	0
564	scaffold2_263625	49.2	77 +/- 3%	-	109	105	3	1	no	-	-	-	-	cuccugucacggucgcca	ugacucugcagaagguuu	cuccugucacggucgccauguagaaucaguggcugguaagacuuagcuagaaacucgauugacucugcagaagguuu	scaffold2:135665113..135665190:-	PDi1	scaffold2	135665113..135665190	135665113	135665190	0
565	scaffold2_290846	112.8	72 +/- 3%	-	230	152	75	3	no	-	-	-	-	caaacuggaugacuuagcuca	gggcagguagcccaguuggua	gggcagguagcccaguugguagagacgcagauugguaagcugagguuaagcaacugugaucgugguuggcaaacuggaugacuuagcuca	scaffold2:136294713..136294803:-	SMA1	scaffold2	136294713..136294803	136294713	136294803	0
566	scaffold2_348624	1082.4	72 +/- 3%	-	2143	702	853	588	yes	-	-	-	-	aguaguaguaguaguagu	uaguaguaguaguaguagu	aguaguaguaguaguaguagguaguaguaauuaguaguaguaguaguaguaguaguaguaguaguaaagguaguaguaguaguaguagu	scaffold2:136760550..136760639:-	PDii2	scaffold2	136760550..136760639	136760550	136760639	0
567	scaffold2_336888	1355.5	67 +/- 3%	-	2662	792	775	1095	yes	-	-	-	-	aguaguaguaguaguagu	uaguaguaguaguaguagu	aguaguaguaguaguaguaauaguaguaguaguaguaguaguaguaguaguaguaguaguaguaguaguaguaguaagaguaguaguaguaguaguagu	scaffold2:136767122..136767221:-	PDii1	scaffold2	136767122..136767221	136767122	136767221	0
568	scaffold2_189442	138.9	79 +/- 3%	-	285	280	3	2	yes	-	-	-	-	uaguaguaguaguaguaguagu	guaguaguggugguaguauua	uaguaguaguaguaguaguagugguggugugguaguaguaguagugguagugguaguggugugugugugguaguaguggugguaguauua	scaffold2:136804160..136804250:-	SMA2	scaffold2	136804160..136804250	136804160	136804250	0
569	scaffold2_258865	31.0	72 +/- 3%	-	99	98	0	1	no	-	-	-	-	ugguuucugcgugauugu	uguuaugcauacuucuuugg	uguuaugcauacuucuuuggguauaugaauuccuuucucucuaaauugguuucugcgugauugu	scaffold2:136829989..136830053:+	PDii2	scaffold2	136829989..136830053	136829989	136830053	0
570	scaffold2_250066	22.3	67 +/- 3%	-	81	80	0	1	no	-	-	-	-	uguagaaucuugacaaccuucc	aaguguaauuuaggagcua	uguagaaucuugacaaccuuccaacuaguaaacuuaaguguaauuuaggagcua	scaffold2:137283719..137283773:+	PDii1	scaffold2	137283719..137283773	137283719	137283773	0
571	scaffold2_337165	22.9	67 +/- 3%	-	81	80	0	1	no	-	-	-	-	uguagaaucuugacaaccuucc	aaguguaauuuaggagcua	uguagaaucuugacaaccuuccaacuaguaaacuuaaguguaauuuaggagcua	scaffold2:137301745..137301799:-	PDii1	scaffold2	137301745..137301799	137301745	137301799	0
572	scaffold2_250112	22.3	67 +/- 3%	-	81	80	0	1	no	-	-	-	-	uguagaaucuugacaaccuucc	aaguguaauuuaggagcua	uguagaaucuugacaaccuuccaacuaguaaacuuaaguguaauuuaggagcua	scaffold2:137358618..137358672:+	PDii1	scaffold2	137358618..137358672	137358618	137358672	0
573	scaffold2_337223	22.9	67 +/- 3%	-	81	80	0	1	no	-	-	-	-	uguagaaucuugacaaccuucc	aaguguaauuuaggagcua	uguagaaucuugacaaccuuccaacuaguaaacuuaaguguaauuuaggagcua	scaffold2:137397604..137397658:-	PDii1	scaffold2	137397604..137397658	137397604	137397658	0
574	scaffold3_482795	390.0	70 +/- 3%	-	787	776	0	11	no	-	-	-	-	ccgagcuugagcacaguauuuga	agacuugucaacgagccgag	agacuugucaacgagccgagccuagccgagcuugagcacaguauuuga	scaffold3:2116122..2116170:-	DI2	scaffold3	2116122..2116170	2116122	2116170	0
575	scaffold3_356215	21.7	70 +/- 4%	-	42	41	0	1	yes	-	-	-	-	cauauauauauauauauaua	auauauauauauauaugcaugu	auauauauauauauaugcauguauauacauaugcauauauauauauauauaua	scaffold3:2608427..2608480:+	EC2	scaffold3	2608427..2608480	2608427	2608480	0
576	scaffold3_351152	24.8	72 +/- 3%	-	62	57	0	5	no	-	-	-	-	uaucgagucgcucauaugg	uguaagggcgcaaaagguacuc	uaucgagucgcucauaugggggguauguacagguuguaagggcgcaaaagguacuc	scaffold3:3782934..3782990:+	PDii2	scaffold3	3782934..3782990	3782934	3782990	0
577	scaffold3_424568	0.3	74 +/- 2%	-	106	66	37	3	yes	-	-	-	-	ugagauuacguugaacuguu	uauugugauuacagagau	ugagauuacguugaacuguuuuucaagcacaguguacaaacgaaacacaucgucaauuggauugcugugugagacaguguauugugauuacagagau	scaffold3:3821558..3821655:-	GA2	scaffold3	3821558..3821655	3821558	3821655	0
578	scaffold3_335050	56.4	75 +/- 2%	-	109	108	0	1	yes	-	-	-	-	ucggugauaaaagucgauagug	cuaucggcuuuuaucauu	cuaucggcuuuuaucauuugugggaaaucggugauaaaagucgauagug	scaffold3:3873918..3873967:+	PL3	scaffold3	3873918..3873967	3873918	3873967	0
579	scaffold3_335090	55.9	75 +/- 2%	-	109	108	0	1	yes	-	-	-	-	ucggugauaaaagucgauagug	cuaucggcuuuuaucauu	cuaucggcuuuuaucauuugugggaaaucggugauaaaagucgauagug	scaffold3:3899691..3899740:+	PL3	scaffold3	3899691..3899740	3899691	3899740	0
580	scaffold3_352287	11.0	72 +/- 3%	-	44	17	14	13	no	-	-	-	-	ucaguuuaauugguuuggac	caagccgauuaauuuccucu	caagccgauuaauuuccucuggaauuuaauuuuacauaguuuugauaaaucugaucuuauucagucaguuuaauugguuuggac	scaffold3:5559885..5559969:+	PDii2	scaffold3	5559885..5559969	5559885	5559969	0
581	scaffold3_359861	220.2	72 +/- 3%	-	522	515	4	3	no	-	-	-	-	cacacacacaacacacacaca	uuguaguuuuguaguuuau	cacacacacaacacacacacacaccuuuuaguauuauauauauuuauuauauuuguaaauagcuuuuuguaguuuuguaguuuau	scaffold3:5877564..5877649:-	SMA1	scaffold3	5877564..5877649	5877564	5877649	0
582	scaffold3_188836	90.5	72 +/- 3%	-	206	204	1	1	no	-	-	-	-	acagaagucagcauugaaug	uucggcaggaauauuuaggug	acagaagucagcauugaaugggcaaaacagcauaaaggcaauuaauacguuggcgauaccaguguugagcuauucggcaggaauauuuaggug	scaffold3:6123701..6123794:-	IST2	scaffold3	6123701..6123794	6123701	6123794	0
583	scaffold3_323829	323.4	74 +/- 4%	-	662	125	457	80	no	-	-	-	-	auggaacguuuccagaaacg	gcucugcugaaauucuccacuc	auggaacguuuccagaaacgcgcuuucaaauggauuuccucuuuggacuauaacgacgcucugcugaaauucuccacuc	scaffold3:6482721..6482800:+	DI3	scaffold3	6482721..6482800	6482721	6482800	0
584	scaffold3_360211	15.8	72 +/- 3%	-	53	51	1	1	no	-	-	-	-	uacaaauuggugaaagauugaagg	uucacuuucaaaaagauuu	uucacuuucaaaaagauuuguguaucgauauauaacauuaaagaacaauacaaauuggugaaagauugaagg	scaffold3:6597383..6597455:-	SMA1	scaffold3	6597383..6597455	6597383	6597455	0
585	scaffold3_194510	50.7	67 +/- 3%	-	133	68	64	1	no	-	-	-	-	uaauaguauuuauuugcgacg	cugcaauuguggguaacuguu	cugcaauuguggguaacuguugagaaacaugggauaucuuucuaauaccuauagccauuuuuuuaauaauaguauuuauuugcgacg	scaffold3:6816083..6816170:+	IST3	scaffold3	6816083..6816170	6816083	6816170	0
586	scaffold3_325778	10.9	69 +/- 3%	-	22	21	0	1	yes	-	-	-	-	guuaagcucagugguuauacugca	aauuuaacuacugaggauaaga	aauuuaacuacugaggauaagauuugcaugagaacaggagacguuguuaagcucagugguuauacugca	scaffold3:7613856..7613925:+	PDii3	scaffold3	7613856..7613925	7613856	7613925	0
587	scaffold3_396502	70.0	48 +/- 4%	-	156	155	0	1	no	-	-	-	-	uguagucuuuacauguaaug	uagucuguaauauugugc	uguagucuuuacauguaauggaaaauuagucuguaauauugugc	scaffold3:9383267..9383311:-	PH2	scaffold3	9383267..9383311	9383267	9383311	0
588	scaffold3_433412	25.3	72 +/- 3%	-	56	54	1	1	no	-	-	-	-	cgcuucaggguagaggccgugcagg	ugcacagcuuuugaaaagca	cgcuucaggguagaggccgugcaggugaugaguucggugugcacagcuuuugaaaagca	scaffold3:9464511..9464570:-	PDii2	scaffold3	9464511..9464570	9464511	9464570	0
589	scaffold3_240980	10.5	60 +/- 3%	-	17	16	0	1	yes	-	-	-	-	cuuaacggcagugugcgacg	ucgcacgcugccguuaaggua	ucgcacgcugccguuaagguaccuuaacuuaagccuuaacggcagugugcgacg	scaffold3:10100248..10100302:+	AMP1	scaffold3	10100248..10100302	10100248	10100302	0
590	scaffold3_293924	128.6	60 +/- 3%	-	265	262	0	3	no	-	-	-	-	uaguaguaguaguaguaguagu	ucuaguaguaguaguaguaguagu	ucuaguaguaguaguaguaguaguaguaguaguaguaguaguaguaguaguaguaguaguaguaguaguaguagu	scaffold3:10172606..10172681:-	AMP1	scaffold3	10172606..10172681	10172606	10172681	0
591	scaffold3_155913	355.0	72 +/- 3%	-	695	434	0	261	yes	-	-	-	-	acacuaucgacuuuuaucaccg	gauaaaagucgauagugggaa	acacuaucgacuuuuaucaccgauuucuugacagaugauaaaagucgauagugggaa	scaffold3:10475793..10475850:+	IST2	scaffold3	10475793..10475850	10475793	10475850	0
592	scaffold3_196114	42.9	67 +/- 3%	-	100	99	0	1	no	-	-	-	-	gucuguguucgaaaucauccu	gaucauuuaacaggacaaca	gaucauuuaacaggacaacagucuguguucgaaaucauccu	scaffold3:11642618..11642659:+	IST3	scaffold3	11642618..11642659	11642618	11642659	0
593	scaffold3_225822	75.4	58 +/- 3%	-	214	212	0	2	no	-	-	-	-	aaggauugaucaauugguuca	uuucaguguauuaaucuua	uuucaguguauuaaucuuauuuuuuauuauaucucuuuuauaaaagagcuaaaaggauugaucaauugguuca	scaffold3:11988588..11988661:+	AMP3	scaffold3	11988588..11988661	11988588	11988661	0
594	scaffold3_420379	37.1	67 +/- 3%	-	102	94	1	7	no	-	-	-	-	ggaaaaucaggauguggaaa	auacuccaaauuuucaucaa	ggaaaaucaggauguggaaaaauuaauuuauuaaugaauaugauuuugagaccuuuuauauauuaugauaaauuauauacuuauacuccaaauuuucaucaa	scaffold3:11993473..11993575:-	PDii1	scaffold3	11993473..11993575	11993473	11993575	0
595	scaffold3_226072	337.9	58 +/- 3%	-	671	658	6	7	no	-	-	-	-	ggauacaggacugaucga	ggucuauucaauguucgaucucu	ggauacaggacugaucgaggcgaucagggacguccuacccguuuuggucuauucaauguucgaucucu	scaffold3:12709049..12709117:+	AMP3	scaffold3	12709049..12709117	12709049	12709117	0
596	scaffold3_275610	140.9	58 +/- 3%	-	318	317	0	1	no	-	-	-	-	ugugauaaaugugauuau	gcaucaauuuaagcauucug	gcaucaauuuaagcauucugguauaaagccauuuaaaugugauaaaugugauuau	scaffold3:12826757..12826812:-	AMP3	scaffold3	12826757..12826812	12826757	12826812	0
597	scaffold3_298102	137.5	72 +/- 3%	-	293	292	0	1	no	-	-	-	-	ugugauaaaugugauuuuagaug	ucugaaaaggcaucaaauuacgcauuc	ucugaaaaggcaucaaauuacgcauucugguaucaagccauuuaguugugauaaaugugauuuuagaug	scaffold3:12857008..12857077:+	SMA1	scaffold3	12857008..12857077	12857008	12857077	0
598	scaffold3_298110	137.5	72 +/- 3%	-	293	292	0	1	no	-	-	-	-	ugugauaaaugugauuuuagaug	ucugaaaaggcaucaaauuacgcauuc	ucugaaaaggcaucaaauuacgcauucugguaucaagccauuuaguugugauaaaugugauuuuagaug	scaffold3:12870410..12870479:+	SMA1	scaffold3	12870410..12870479	12870410	12870479	0
599	scaffold3_298114	137.5	72 +/- 3%	-	293	292	0	1	no	-	-	-	-	ugugauaaaugugauuuuagaug	ucugaaaaggcaucaaauuacgcauuc	ucugaaaaggcaucaaauuacgcauucugguaucaagccauuuaguugugauaaaugugauuuuagaug	scaffold3:12871166..12871235:+	SMA1	scaffold3	12871166..12871235	12871166	12871235	0
600	scaffold3_327137	313.1	48 +/- 4%	-	640	624	0	16	no	-	-	-	-	ugugauaaaugugauuauag	ugaaaagucaucaaauuacgcauucg	ugugauaaaugugauuauagauguucaagaucuucucaucugaaaagucaucaaauuacgcauucg	scaffold3:12999555..12999621:+	PH2	scaffold3	12999555..12999621	12999555	12999621	0
601	scaffold3_323627	76.7	76 +/- 4%	-	159	157	0	2	yes	-	-	-	-	uuucauugauguauacuuugg	ugcuuguggguaucuuugaau	ugcuuguggguaucuuugaauaaccuauaugguuuuuucauugauguauacuuugg	scaffold3:13408626..13408682:+	EC3	scaffold3	13408626..13408682	13408626	13408682	0
602	scaffold3_240309	1.6	74 +/- 2%	-	115	112	0	3	yes	-	-	-	-	guuagacuaggugauugguua	gaauugcacgucuaaccaccc	guuagacuaggugauugguuaaaugugaucugucacauuugaaagaauugcacgucuaaccaccc	scaffold3:13577011..13577076:-	IST3	scaffold3	13577011..13577076	13577011	13577076	0
603	scaffold3_242682	54.5	60 +/- 3%	-	122	120	0	2	no	-	-	-	-	uuacuucauuuugcagauguu	auuugucauugaaacugacg	uuacuucauuuugcagauguuugcgauuugucauugaaacugacg	scaffold3:13977603..13977648:+	AMP1	scaffold3	13977603..13977648	13977603	13977648	0
604	scaffold3_402331	16.6	69 +/- 3%	-	45	35	8	2	no	-	-	-	-	gggaaaacuacgaacugggaac	gggccagugauuguacucuga	gggccagugauuguacucugaggcacuccuugauucgugugggaaagagucgaagacucauuugggaaaacuacgaacugggaac	scaffold3:14773384..14773469:-	PDii3	scaffold3	14773384..14773469	14773384	14773469	0
605	scaffold3_443790	36.1	70 +/- 4%	-	91	15	75	1	no	-	-	-	-	uggagagaaaaucagggg	uugucaaauuuacauuuuga	uggagagaaaaucaggggugucuuucaaguuguacuugguuggaauauaagguuucaguaacuugucaagucauuuugucaaauuuacauuuuga	scaffold3:15117959..15118054:-	EC2	scaffold3	15117959..15118054	15117959	15118054	0
606	scaffold3_437418	11.0	72 +/- 3%	-	44	17	14	13	no	-	-	-	-	ucaguuuaauugguuuggac	caagccgauuaauuuccucu	caagccgauuaauuuccucuggaauuuaauuuuacauaguuuugauaaaucugaucuuauucagucaguuuaauugguuuggac	scaffold3:15142039..15142123:-	PDii2	scaffold3	15142039..15142123	15142039	15142123	0
607	scaffold3_231674	133.3	68 +/- 3%	-	309	299	2	8	no	-	-	-	-	cauuggaagaguugaacaccgugu	cacguuucaaguuuauuacauuuag	cacguuucaaguuuauuacauuuagaucaaaugcagaguuuugcgacauaauacauuggaagaguugaacaccgugu	scaffold3:15564807..15564884:-	IST1	scaffold3	15564807..15564884	15564807	15564884	0
608	scaffold3_335973	100.4	76 +/- 2%	-	232	180	27	25	no	-	-	-	-	uggaagaguugaacaccguguga	cacguuucaaguuuauuacauuuag	cacguuucaaguuuauuacauuuagaucaaaugcagaauuuugcaauauaauauauuggaagaguugaacaccguguga	scaffold3:17173681..17173760:+	PL1	scaffold3	17173681..17173760	17173681	17173760	0
609	scaffold3_434329	67.9	74 +/- 4%	-	149	148	0	1	no	-	-	-	-	ugcacgauggaaggucaaagg	uugaagacaaucgggguuu	uugaagacaaucgggguuuagcuuccaguuugcacgauggaaggucaaagg	scaffold3:18431614..18431665:-	GA2	scaffold3	18431614..18431665	18431614	18431665	0
610	scaffold3_398360	22.1	76 +/- 4%	-	81	76	0	5	no	-	-	-	-	acaaaagaacuugcacaagcuucu	gaggcauuguagugauuuuuggu	gaggcauuguagugauuuuugguacaaugaugacaaaagaacuugcacaagcuucu	scaffold3:18879694..18879750:-	EC3	scaffold3	18879694..18879750	18879694	18879750	0
611	scaffold3_381200	38.1	76 +/- 4%	-	95	79	0	16	no	-	-	-	-	ccgagcuugagcacaguauuuga	cagacuugucaacgagccgag	cagacuugucaacgagccgagcuucuaacgaggagagccgauccguaccgagcuugagcacaguauuuga	scaffold3:18880731..18880801:-	EC1	scaffold3	18880731..18880801	18880731	18880801	0
612	scaffold3_244777	11.3	67 +/- 3%	-	23	14	0	9	yes	-	-	-	-	uuacaaaaguuucacuauuca	auaguggauuauuuugaaaaca	auaguggauuauuuugaaaacauuaccgauguuuuacaaaaguuucacuauuca	scaffold3:19535854..19535908:+	AMP2	scaffold3	19535854..19535908	19535854	19535908	0
613	scaffold3_278294	60.3	58 +/- 3%	-	137	130	0	7	no	-	-	-	-	ugaggcgucgguauaccagac	uuguggugugacgauuccuaa	uuguggugugacgauuccuaaugaauaaucugaggcgucgguauaccagac	scaffold3:19676933..19676984:-	AMP3	scaffold3	19676933..19676984	19676933	19676984	0
614	scaffold3_298207	399.5	60 +/- 3%	-	783	780	2	1	yes	-	-	-	-	gagaauuucagcagagcgucu	cacgcuucugaaagcguucc	gagaauuucagcagagcgucuuguuuggcaagggagagauccauuugaaagcacgcuucugaaagcguucc	scaffold3:19769744..19769815:-	AMP1	scaffold3	19769744..19769815	19769744	19769815	0
615	scaffold3_278386	60.3	58 +/- 3%	-	137	130	0	7	no	-	-	-	-	ugaggcgucgguauaccagac	uuguggugugacgauuccuaa	uuguggugugacgauuccuaaugaauaaucugaggcgucgguauaccagac	scaffold3:19983629..19983680:-	AMP3	scaffold3	19983629..19983680	19983629	19983680	0
616	scaffold3_447053	13.2	70 +/- 4%	-	45	42	0	3	no	-	-	-	-	ugguuugacaaugauagaaaca	ucuucuucguucucaaagcga	ucuucuucguucucaaagcgauggccugauaauugguuugacaaugauagaaaca	scaffold3:20404303..20404358:-	EC2	scaffold3	20404303..20404358	20404303	20404358	0
617	scaffold3_245721	520.4	60 +/- 3%	-	1018	1006	0	12	yes	-	-	-	-	caucaaaagguucucgucug	agacgagcaucuuuuugacgua	agacgagcaucuuuuugacguauaucaauugauauacaucaaaagguucucgucug	scaffold3:20838400..20838456:+	AMP1	scaffold3	20838400..20838456	20838400	20838456	0
618	scaffold3_332295	32.1	48 +/- 4%	-	115	114	0	1	no	-	-	-	-	uauaaggaugguuauugugag	uaauauugaucaaaauaaaugauaa	uaauauugaucaaaauaaaugauaaaacaauaaaacaaacaaauuuuauuggaaaaaauuauaaggaugguuauugugag	scaffold3:20893932..20894012:+	PH2	scaffold3	20893932..20894012	20893932	20894012	0
619	scaffold3_332489	13.6	48 +/- 4%	-	51	29	20	2	yes	-	-	-	-	uuaccaacuuuuauacagcuaacuu	uuugguugugcacauuug	uuaccaacuuuuauacagcuaacuuuucuuuaccaacucuauugguuuuauuugauuuuugguugugcacauuug	scaffold3:21034724..21034799:+	PH2	scaffold3	21034724..21034799	21034724	21034799	0
620	scaffold3_221974	10.1	73 +/- 3%	-	66	65	0	1	no	-	-	-	-	guuaagauacugugggacuu	gccagacauaguaguaguggaca	guuaagauacugugggacuucaccauacagacgagcaagcuaauagaagcacggaagccagacauaguaguaguggaca	scaffold3:23910617..23910696:+	SMA3	scaffold3	23910617..23910696	23910617	23910696	0
621	scaffold3_330467	10.1	76 +/- 4%	-	30	11	15	4	yes	-	-	-	-	aggaucaagccagguuucagu	gagacgacuguuuauugagac	aggaucaagccagguuucaguagugaaaaugaagucaacaggagacuguaagaaauaguuguaaaaacugagacgacuguuuauugagac	scaffold3:23987577..23987667:+	EC3	scaffold3	23987577..23987667	23987577	23987667	0
622	scaffold3_222498	19.3	73 +/- 3%	-	66	65	0	1	no	-	-	-	-	gucaaguuuaauuaaguacg	gcggaauuuuuacauuggca	gucaaguuuaauuaaguacggagcggaauuuuuacauuggca	scaffold3:25429424..25429466:+	SMA3	scaffold3	25429424..25429466	25429424	25429466	0
623	scaffold3_201252	167.2	67 +/- 3%	-	349	154	163	32	no	-	-	-	-	uugaacuguuuuucaagcaug	aguuugaaaucuuucagagua	aguuugaaaucuuucagaguaacugucuuuguuucagcaaugugaaauuuuauuugagauuacauugaacuguuuuucaagcaug	scaffold3:26066461..26066546:+	IST3	scaffold3	26066461..26066546	26066461	26066546	0
624	scaffold3_244685	167.2	67 +/- 3%	-	349	154	163	32	no	-	-	-	-	uugaacuguuuuucaagcaug	aguuugaaaucuuucagagua	aguuugaaaucuuucagaguaacugucuuuguuucagcaaugugaaauuuuauuugagauuacauugaacuguuuuucaagcaug	scaffold3:26073860..26073945:-	IST3	scaffold3	26073860..26073945	26073860	26073945	0
625	scaffold3_201262	167.2	67 +/- 3%	-	349	154	163	32	no	-	-	-	-	uugaacuguuuuucaagcaug	aguuugaaaucuuucagagua	aguuugaaaucuuucagaguaacugucuuuguuucagcaaugugaaauuuuauuugagauuacauugaacuguuuuucaagcaug	scaffold3:26086740..26086825:+	IST3	scaffold3	26086740..26086825	26086740	26086825	0
626	scaffold3_414285	31.5	76 +/- 2%	-	76	71	4	1	no	-	-	-	-	gccuggaugaaaguucugcacc	uuguagaaagcuuucaugaugagga	gccuggaugaaaguucugcaccaccugcgaaaagaaguuggaaaccaacuagagcuauuguagaaagcuuucaugaugagga	scaffold3:27057930..27058012:-	PL1	scaffold3	27057930..27058012	27057930	27058012	0
627	scaffold3_424353	273.7	75 +/- 2%	-	544	537	0	7	no	-	-	-	-	ugcaacuggaugaagggcagaag	uuguggccaaaguccaacguug	ugcaacuggaugaagggcagaagcacuuguuuguggccaaaguccaacguug	scaffold3:27058309..27058361:-	PL3	scaffold3	27058309..27058361	27058309	27058361	0
628	scaffold3_307556	13.2	87 +/- 2%	-	25	24	0	1	yes	-	-	-	-	auacuggagguauggcucuau	uugagacauaccugcggu	uugagacauaccugcgguauagccuuuacccaauaucuauugcuauacuggagguauggcucuau	scaffold3:27640257..27640322:-	HL2	scaffold3	27640257..27640322	27640257	27640322	0
629	scaffold3_235769	12.4	68 +/- 3%	-	45	27	0	18	yes	-	-	-	-	uacauuuggugauugauuca	uaucaacuuacacaccauug	uacauuuggugauugauucaucuuuuuaucaacuuacacaccauug	scaffold3:28006878..28006924:-	IST1	scaffold3	28006878..28006924	28006878	28006924	0
630	scaffold3_336988	133.6	48 +/- 4%	-	311	305	2	4	no	-	-	-	-	uaacaaauguugaaacauguacag	uuuacauauucaacaagcg	uaacaaauguugaaacauguacaggagaguagucagcaauuuuggcuuuacauauucaacaagcg	scaffold3:28682516..28682581:+	PH2	scaffold3	28682516..28682581	28682516	28682581	0
631	scaffold3_232757	14.8	58 +/- 3%	-	53	45	3	5	no	-	-	-	-	ugcagauuuucgagaaauucagg	uguuauggauuuuucuuu	ugcagauuuucgagaaauucaggugugcgaacgcaaucugaucgccuguuauggauuuuucuuu	scaffold3:28687953..28688017:+	AMP3	scaffold3	28687953..28688017	28687953	28688017	0
632	scaffold3_308382	1.7	86 +/- 2%	-	180	145	16	19	yes	-	-	-	-	ugaugugagacugucuguucug	acguuaaacaauaggguagaag	acguuaaacaauaggguagaagaaggugcugccaugugugcgggagcacauaugggggcggugauggugaugugagacugucuguucug	scaffold3:29557474..29557563:-	HL2	scaffold3	29557474..29557563	29557474	29557563	0
633	scaffold3_282340	48.3	58 +/- 3%	-	121	102	0	19	no	-	-	-	-	uaguaauucaguuuuagagaga	ucacuuaacgugauuugcuugc	uaguaauucaguuuuagagagaaauuuuguuuucacuuaacgugauuugcuugc	scaffold3:29958655..29958709:-	AMP3	scaffold3	29958655..29958709	29958655	29958709	0
634	scaffold3_390621	11.3	78 +/- 3%	-	33	32	0	1	no	-	-	-	-	gucuuggccacuuucaaacggau	aauguuuggcuauauucgacaaca	gucuuggccacuuucaaacggauccucuugaaggaauguuuggcuauauucgacaaca	scaffold3:30523151..30523209:-	PL2	scaffold3	30523151..30523209	30523151	30523209	0
635	scaffold3_446735	30.0	72 +/- 3%	-	84	75	3	6	no	-	-	-	-	uguuaaaagagaauuuggaauug	ccguccuuauuguuuuggaua	uguuaaaagagaauuuggaauugggaauggauauccgauauuuuacaguuuauaguguaauuuaccaauuuugggucaugugccguccuuauuguuuuggaua	scaffold3:30558251..30558354:-	PDii2	scaffold3	30558251..30558354	30558251	30558354	0
636	scaffold3_339085	79.1	48 +/- 4%	-	171	155	15	1	no	-	-	-	-	ugagcugagguggugcugug	acaucugaccacuucgucaccuaa	ugagcugagguggugcuguggacucaaccaucguuguagaagagaaggagcuguguuguggaagaggaaacaucugaccacuucgucaccuaa	scaffold3:32020934..32021027:+	PH2	scaffold3	32020934..32021027	32020934	32021027	0
637	scaffold3_417113	24.0	76 +/- 2%	-	68	67	0	1	no	-	-	-	-	ugcauugauuguuuuuguuauua	ugugagaauagugaacucagu	ugugagaauagugaacucagugugaagggacucauaacuacuuaagaguuuagugcauugauuguuuuuguuauua	scaffold3:32653487..32653563:-	PL1	scaffold3	32653487..32653563	32653487	32653563	0
638	scaffold3_406998	79.9	76 +/- 4%	-	173	158	14	1	no	-	-	-	-	ugagcagguuaguaaucgu	ugagaagagaugagguguuga	ugagcagguuaguaaucguaaagcgaccaggaagguugccaugcugagaagagaugagguguuga	scaffold3:34154894..34154959:-	EC3	scaffold3	34154894..34154959	34154894	34154959	0
639	scaffold3_252003	75.6	60 +/- 3%	-	187	147	34	6	no	-	-	-	-	uggaagaguugaacaccgugu	cacguuucaaguuuauuacauuuag	cacguuucaaguuuauuacauuuagaucaaaugcagaauuuugcgauauaauauauuggaagaguugaacaccgugu	scaffold3:34685381..34685458:+	AMP1	scaffold3	34685381..34685458	34685381	34685458	0
640	scaffold3_304469	523.3	60 +/- 3%	-	1024	1012	0	12	yes	-	-	-	-	caucaaaagguucucgucug	agacgagcaucuuuuugacgua	agacgagcaucuuuuugacguauaucaaaugauauacaucaaaagguucucgucug	scaffold3:35078542..35078598:-	AMP1	scaffold3	35078542..35078598	35078542	35078598	0
641	scaffold3_372125	13.8	72 +/- 3%	-	39	22	2	15	no	-	-	-	-	uauuucaacaugauggugcucc	uggcugagcauuuugaggcgaacg	uauuucaacaugauggugcuccaguacacacugccaaguuggugaaaaccuggauggcugagcauuuugaggcgaacg	scaffold3:35092455..35092533:+	PDii2	scaffold3	35092455..35092533	35092455	35092533	0
642	scaffold3_304550	233.3	60 +/- 3%	-	470	407	0	63	no	-	-	-	-	auggguugaguuucuagagag	acgcuagaggccaauggaguu	acgcuagaggccaauggaguuucacgcaaauggguugaguuucuagagag	scaffold3:35168970..35169020:-	AMP1	scaffold3	35168970..35169020	35168970	35169020	0
643	scaffold3_310728	5.9	69 +/- 3%	-	109	59	19	31	no	-	-	-	-	ggcaauggaaucaaacaaaug	guuucuuacuccaaagucaua	ggcaauggaaucaaacaaaugacucagauacuaaagaaucacuucaguccucgcccaauaacugcuucaucauuccguacuccucacguuucuuacuccaaagucaua	scaffold3:35918880..35918988:+	SMA1	scaffold3	35918880..35918988	35918880	35918988	0
644	scaffold3_252271	16.4	67 +/- 3%	-	43	37	5	1	no	-	-	-	-	ugucuugaguaugcacugagc	agugacaagucagguugca	agugacaagucagguugcacaaaucugaaacacuuuuacaaauagagucuaagucgaguuggguuuugucuugaguaugcacugagc	scaffold3:36478189..36478276:+	AMP2	scaffold3	36478189..36478276	36478189	36478276	0
645	scaffold3_197188	116.5	72 +/- 3%	-	249	230	0	19	no	-	-	-	-	uaggaucagacgguuuuuggauag	ucggagaacuugaacugaaacc	uaggaucagacgguuuuuggauagggaccucaaaacagucaacaauagaauugacuucggagaacuugaacugaaacc	scaffold3:36973264..36973342:-	IST2	scaffold3	36973264..36973342	36973264	36973342	0
646	scaffold3_342060	22.3	48 +/- 4%	-	54	33	0	21	no	-	-	-	-	uagaggagucaaaccagag	ugguuauccuaccuuucgcccg	uagaggagucaaaccagagggccauuuagagcgucugguuauccuaccuuucgcccg	scaffold3:37121078..37121135:+	PH2	scaffold3	37121078..37121135	37121078	37121135	0
647	scaffold3_312241	16.6	87 +/- 2%	-	64	60	1	3	no	-	-	-	-	ucuugaaacugacauaggg	ucuaaguugguuuacacguca	ucuaaguugguuuacacgucaaacuccauaaaaugguugguacucuaucaacauaugaaaucuugaaacugacauaggg	scaffold3:38838393..38838472:-	HL2	scaffold3	38838393..38838472	38838393	38838472	0
648	scaffold3_164241	1106.5	72 +/- 3%	-	2206	991	1214	1	no	-	-	-	-	uccuaaccuugacauccgucc	gcugugauguuguucucagug	uccuaaccuugacauccgucccaucucauuugauucauuauccuucgauuucuguuguggcugugauguuguucucagug	scaffold3:40906861..40906941:+	IST2	scaffold3	40906861..40906941	40906861	40906941	0
649	scaffold3_237700	28.3	58 +/- 3%	-	56	52	2	2	yes	-	-	-	-	gugcuguguguguaugugug	uauauauauauacaguggugu	gugcuguguguguaugugugcaauucuauauauauauauauauauauauauauauauauauauacaguggugu	scaffold3:41036428..41036501:+	AMP3	scaffold3	41036428..41036501	41036428	41036501	0
650	scaffold3_272365	15.1	82 +/- 3%	-	42	41	0	1	no	-	-	-	-	uacuaacugggugacucgugagc	uacugucugccuguuauaaag	uacuaacugggugacucgugagcauuuacugucugccuguuauaaag	scaffold3:41706605..41706652:+	GA3	scaffold3	41706605..41706652	41706605	41706652	0
651	scaffold3_287032	164.4	58 +/- 3%	-	341	160	0	181	no	-	-	-	-	gaggaauuagcuuugcggag	uugaacaaagagaguuucaca	uugaacaaagagaguuucacagccuugguacugaaggaaacauugcggaagagggcagagugaggaauuagcuuugcggag	scaffold3:41842137..41842218:-	AMP3	scaffold3	41842137..41842218	41842137	41842218	0
652	scaffold3_396963	11.6	78 +/- 3%	-	37	10	24	3	no	-	-	-	-	gugaauaaggguauuugaucc	ugaauggcuuugaaguuggu	ugaauggcuuugaaguugguguauaaauuauaugagucuuuucauaauugaugaauggcugaucauuuacacuauacacugugaauaaggguauuugaucc	scaffold3:42249594..42249695:-	PL2	scaffold3	42249594..42249695	42249594	42249695	0
653	scaffold3_307512	376.5	60 +/- 3%	-	737	537	0	200	yes	-	-	-	-	ugauccaagccaugaaccugc	caguaguaguggcuugggcac	caguaguaguggcuugggcacauaucaggagcaauucgagggucuuugauccaagccaugaaccugc	scaffold3:42277503..42277570:-	AMP1	scaffold3	42277503..42277570	42277503	42277570	0
654	scaffold3_448692	44.8	74 +/- 4%	-	121	77	39	5	no	-	-	-	-	uaucuuugacugucgauugugg	auaauuuuuuggucgaacuuugga	uaucuuugacugucgauuguggcuuuuccgucuaaaauuuucaaauaaaacccacgauaggaaagugcucccccaaccauaauuuuuuggucgaacuuugga	scaffold3:42353784..42353886:-	GA2	scaffold3	42353784..42353886	42353784	42353886	0
655	scaffold3_255117	741.5	60 +/- 3%	-	1485	1057	427	1	no	-	-	-	-	uggcaauggcauggauagacu	ggguauuaaagacauuagaggcc	uggcaauggcauggauagacuacaggaaggcauaugacagcauauuacauaaguggguauuaaagacauuagaggcc	scaffold3:42635958..42636035:+	AMP1	scaffold3	42635958..42636035	42635958	42636035	0
656	scaffold3_284419	126.8	77 +/- 3%	-	327	266	29	32	no	-	-	-	-	ucgacuucugauuacaaaag	uuggauaacugaugagugcguau	ucgacuucugauuacaaaagaacaucaagaaaaaagauuaaauuucgugaaagaauggaaagacuacacuuuuuaagaugcuuggauaacugaugagugcguau	scaffold3:42830887..42830991:+	PDi1	scaffold3	42830887..42830991	42830887	42830991	0
657	scaffold3_454934	30.0	72 +/- 3%	-	57	49	4	4	yes	-	-	-	-	gcucgcggcauggaauaaag	gaauuucaugccgcgagcguuu	gaauuucaugccgcgagcguuuugauuggucgaaaauugcucgcggcauggaauaaag	scaffold3:43974545..43974603:-	PDii2	scaffold3	43974545..43974603	43974545	43974603	0
658	scaffold3_251167	22.1	67 +/- 3%	-	40	39	0	1	yes	-	-	-	-	ccaaucacguagucuaaccgu	guuagacuauaugauugguc	guuagacuauaugauuggucacgcgugaucugucacauuuuguaaaaucgcgaugcgaccaaucacguagucuaaccgu	scaffold3:45748880..45748959:-	IST3	scaffold3	45748880..45748959	45748880	45748959	0
659	scaffold3_442343	33.6	75 +/- 3%	-	168	167	0	1	no	-	-	-	-	uggguuguauacauuuggugac	caucuuuuaucaacuuuuccacu	uggguuguauacauuuggugacugauucaucuuuuaucaacuuuuccacu	scaffold3:45772271..45772321:-	DI1	scaffold3	45772271..45772321	45772271	45772321	0
660	scaffold3_366772	127.7	75 +/- 3%	-	248	247	0	1	yes	-	-	-	-	caucaaaagguucucgucug	gacgagaaucuuuuugacgua	gacgagaaucuuuuugacguauaucaaaugauauacaucaaaagguucucgucug	scaffold3:45823902..45823957:+	DI1	scaffold3	45823902..45823957	45823902	45823957	0
661	scaffold3_425188	31.9	76 +/- 2%	-	72	71	0	1	no	-	-	-	-	ugcaaggugauuuguucagcgg	gcaaaacauauuaucugaaguccgu	ugcaaggugauuuguucagcggcgugacgucccuggaugcgucaaaucugcaaaacauauuaucugaaguccgu	scaffold3:45915775..45915849:-	PL1	scaffold3	45915775..45915849	45915775	45915849	0
662	scaffold3_300688	117.4	86 +/- 2%	-	239	237	1	1	no	-	-	-	-	gcagaguaaggacgaaacgcuuc	ggcgggacguaccauauaaauag	ggcgggacguaccauauaaauaggaggacaccaacacgagucgucagacccugcagaguaaggacgaaacgcuuc	scaffold3:46060783..46060858:-	PH1	scaffold3	46060783..46060858	46060783	46060858	0
663	scaffold3_328901	35.8	76 +/- 4%	-	69	61	7	1	yes	-	-	-	-	auguguguucgugugugu	uauauuuuuguauauauauauaua	uauauuuuuguauauauauauauauauauauauauauauuuauauauauauauauauauauauauauguguguucgugugugu	scaffold3:47480271..47480354:+	EC1	scaffold3	47480271..47480354	47480271	47480354	0
664	scaffold3_309810	118.2	60 +/- 3%	-	370	367	2	1	no	-	-	-	-	auaauauuguaaaaaagcguu	cguuuuaaaagaaauaucggu	cguuuuaaaagaaauaucgguaaaacuaacuagagauaauauuguaaaaaagcguu	scaffold3:47551220..47551276:-	AMP1	scaffold3	47551220..47551276	47551220	47551276	0
665	scaffold3_419497	37.5	48 +/- 4%	-	90	89	0	1	no	-	-	-	-	uguaaugaaaaggacaauuu	gagauucucacauuaaguc	uguaaugaaaaggacaauuugcaugcaugcuggaauacuaaagcauugacauuauucauaugcauguacaguagcaguauacagagauucucacauuaaguc	scaffold3:47996851..47996953:-	PH2	scaffold3	47996851..47996953	47996851	47996953	0
666	scaffold3_306188	16.3	76 +/- 4%	-	30	16	1	13	yes	-	-	-	-	ucucaaugggauucaagucu	cuugaaucccauugagcguc	ucucaaugggauucaagucuggagaauucccgggccacuccaagacuugaaucccauugagcguc	scaffold3:48429099..48429164:+	GA1	scaffold3	48429099..48429164	48429099	48429164	0
667	scaffold3_240788	182.9	58 +/- 3%	-	423	241	2	180	no	-	-	-	-	cacacacauagacacacaca	guauuuguaguuuguagcu	cacacacauagacacacacacgcauuuauucuauauauaucuuauuauuauuuuguaaauacuuguauuuguaguuuguagcu	scaffold3:48864410..48864493:+	AMP3	scaffold3	48864410..48864493	48864410	48864493	0
668	scaffold3_240957	323.3	58 +/- 3%	-	692	605	4	83	no	-	-	-	-	uuguuauuggaaauguuauuc	gauauuuuucauaaacacaug	uuguuauuggaaauguuauucccuuuaaauuguauuuaucuggauauuuuucauaaacacaug	scaffold3:49436107..49436170:+	AMP3	scaffold3	49436107..49436170	49436107	49436170	0
669	scaffold3_309492	31.9	67 +/- 3%	-	75	53	9	13	no	-	-	-	-	uaugauauggggaugcaucagcgg	cucaguguaucgcucuauuuugg	uaugauauggggaugcaucagcggucagggucgagguggcauauggaucaugcccagaaauacaacuaucaauggcucaguguaucgcucuauuuugg	scaffold3:50367514..50367612:-	AMP2	scaffold3	50367514..50367612	50367514	50367612	0
670	scaffold3_310818	40.5	60 +/- 3%	-	130	128	1	1	no	-	-	-	-	uguagccauuaccgaaauaua	ugugaaaguguuauaucuauu	ugugaaaguguuauaucuauuugcaaccugaacuguuacuaguuguucauuaaauauugcauguagccauuaccgaaauaua	scaffold3:50384110..50384192:-	AMP1	scaffold3	50384110..50384192	50384110	50384192	0
671	scaffold3_420639	573.6	48 +/- 4%	-	1138	1130	6	2	no	-	-	-	-	uccauuugaaagcgcguuucug	agugacagcgggagagugg	agugacagcgggagaguggagaauuccagcagagcgucuuuauaggccaaaggggaaauccauuugaaagcgcguuucug	scaffold3:50576029..50576109:-	PH2	scaffold3	50576029..50576109	50576029	50576109	0
672	scaffold3_309909	26.9	67 +/- 3%	-	62	61	0	1	no	-	-	-	-	ucuccugugcuugaaaag	ucucgugcucguccuggggacau	ucuccugugcuugaaaagucuaacaucacugagucucgugcucguccuggggacau	scaffold3:51431637..51431693:-	AMP2	scaffold3	51431637..51431693	51431637	51431693	0
673	scaffold3_388025	11.2	70 +/- 4%	-	45	26	18	1	no	-	-	-	-	uagguccuguuugaauauuug	ugagauuaacaaaggauuuucua	ugagauuaacaaaggauuuucuauacuauuugcuucaagaacgaucucuugggcuaaggaagaaguagguccuguuugaauauuug	scaffold3:51575964..51576050:+	EC2	scaffold3	51575964..51576050	51575964	51576050	0
674	scaffold3_291065	14.5	58 +/- 3%	-	87	84	1	2	no	-	-	-	-	guuuauugaagaaucguuuu	uugauuuuucguaauuagucc	guuuauugaagaaucguuuuuguuuuaaggcaauuuuuuauuucuuaauuguuuaauaauccucuuugauuuuucguaauuagucc	scaffold3:52123806..52123892:-	AMP3	scaffold3	52123806..52123892	52123806	52123892	0
675	scaffold3_311800	23.8	60 +/- 3%	-	73	69	0	4	no	-	-	-	-	acgcuagaggccaauggaguu	ucacauagguggguguugaag	ucacauagguggguguugaagacgcuagaggccaauggaguu	scaffold3:52480358..52480400:-	AMP1	scaffold3	52480358..52480400	52480358	52480400	0
676	scaffold3_351593	13.7	48 +/- 4%	-	68	66	1	1	no	-	-	-	-	ugauuucgcacaacuugaag	ucacacacaugcaaucgaccagc	ugauuucgcacaacuugaagguaggaaacagcauucaucauacccucacacacaugcaaucgaccagc	scaffold3:52564454..52564522:+	PH2	scaffold3	52564454..52564522	52564454	52564522	0
677	scaffold3_460684	19.0	72 +/- 3%	-	79	78	0	1	no	-	-	-	-	ucaguagcuaugugauguaacc	uuaguaaacaugaguauuguacaa	ucaguagcuaugugauguaaccuguaaauauuagucgauguuauguuaguaaacaugaguauuguacaa	scaffold3:52950420..52950489:-	PDii2	scaffold3	52950420..52950489	52950420	52950489	0
678	scaffold3_439660	157.6	75 +/- 2%	-	328	244	4	80	no	-	-	-	-	agucaugauagagcaaaggcccu	gugcuaagaaucuccggacaaca	agucaugauagagcaaaggcccucaguccccggcaggccuucaagggucagagggugcuaagaaucuccggacaaca	scaffold3:53041648..53041725:-	PL3	scaffold3	53041648..53041725	53041648	53041725	0
679	scaffold3_311258	13.7	67 +/- 3%	-	31	30	0	1	yes	-	-	-	-	guguguguguguuuagacc	uuaaauauauauauacauaua	uuaaauauauauauacauauauauguguguguguguuuagacc	scaffold3:54181072..54181115:-	AMP2	scaffold3	54181072..54181115	54181072	54181115	0
680	scaffold3_250128	32.0	79 +/- 3%	-	92	91	0	1	no	-	-	-	-	guaaugauccugguuguauua	caugcucacuaugaucgaaaa	caugcucacuaugaucgaaaauugcuacuuucacucugcuaguaaugauccugguuguauua	scaffold3:54801484..54801546:-	SMA2	scaffold3	54801484..54801546	54801484	54801546	0
681	scaffold3_313227	305.6	60 +/- 3%	-	615	613	0	2	no	-	-	-	-	guguguguguugugugugu	uaucuaggaucauacgaaau	guguguguguuguguguguacauuaucuaggaucauacgaaau	scaffold3:55904149..55904192:-	AMP1	scaffold3	55904149..55904192	55904149	55904192	0
682	scaffold3_217610	27.5	90 +/- 2%	-	67	65	0	2	no	-	-	-	-	ugcauguuugagugaagagcugu	uaggagucagccaagccuacgccuua	uaggagucagccaagccuacgccuuaguuuuugcauguuugagugaagagcugu	scaffold3:57176267..57176321:+	HL1	scaffold3	57176267..57176321	57176267	57176321	0
683	scaffold3_255290	11.0	67 +/- 3%	-	20	11	0	9	yes	-	-	-	-	caucaaaagauucucgccug	agacgagcaucuuuuugacgua	agacgagcaucuuuuugacguauaucaaaugauauacaucaaaagauucucgccug	scaffold3:57634059..57634115:-	IST3	scaffold3	57634059..57634115	57634059	57634115	0
684	scaffold3_355366	10.7	48 +/- 4%	-	33	32	0	1	no	-	-	-	-	uggaaugaaguggauaacug	uuggugaacugucucuaugauaug	uggaaugaaguggauaacuggauggaucaaaacuguuggugaacugucucuaugauaug	scaffold3:59204943..59205002:+	PH2	scaffold3	59204943..59205002	59204943	59205002	0
685	scaffold3_312825	17.7	76 +/- 4%	-	52	50	0	2	no	-	-	-	-	cacuuuuuucugauuggucgaga	ggugacuagaaggacgugcca	cacuuuuuucugauuggucgagaggugacuagaaggacgugcca	scaffold3:59689962..59690006:+	GA1	scaffold3	59689962..59690006	59689962	59690006	0
686	scaffold3_256085	447.7	67 +/- 3%	-	917	916	0	1	no	-	-	-	-	agcgguugauuuguugguauca	uuguagcaagucuaaaggaau	agcgguugauuuguugguaucaaguuuuuaacaauguauucuaagucauugauuguagcaagucuaaaggaau	scaffold3:59819127..59819200:-	IST3	scaffold3	59819127..59819200	59819127	59819200	0
687	scaffold3_426858	83.0	48 +/- 4%	-	172	170	0	2	no	-	-	-	-	uccguuccgugauuucuuug	cuggaaauuugggagcaucuugcug	cuggaaauuugggagcaucuugcugguacaccuuugccauccguuccgugauuucuuug	scaffold3:60768477..60768536:-	PH2	scaffold3	60768477..60768536	60768477	60768536	0
688	scaffold3_256581	131.8	67 +/- 3%	-	318	305	0	13	no	-	-	-	-	cgucguauugauuauguggu	cuacauugauuucuggca	cuacauugauuucuggcaucucgucguauugauuauguggu	scaffold3:60783375..60783416:-	IST3	scaffold3	60783375..60783416	60783375	60783416	0
689	scaffold3_389252	75.5	72 +/- 3%	-	215	198	14	3	no	-	-	-	-	aaugacuuuauuuagccgcugaa	ugggaggcuggcaaagua	ugggaggcuggcaaaguaauaauaauaauaauaauaauaauaauaauaaaugacuuuauuuagccgcugaa	scaffold3:62339818..62339889:+	PDii2	scaffold3	62339818..62339889	62339818	62339889	0
690	scaffold3_375955	69.3	76 +/- 4%	-	157	134	18	5	no	-	-	-	-	agaagcuggacagaaaagagacu	cuucugugagagaaacaag	agaagcuggacagaaaagagacuuuaucaaguuccauaaaauugauaacaucuucugugagagaaacaag	scaffold3:62356817..62356887:-	GA1	scaffold3	62356817..62356887	62356817	62356887	0
691	scaffold3_246771	37.7	58 +/- 3%	-	77	76	0	1	yes	-	-	-	-	ugaucucauacauuuuccauu	guggcuguaaauguaugucu	ugaucucauacauuuuccauugauguggcuguaaauguaugucu	scaffold3:63229966..63230010:+	AMP3	scaffold3	63229966..63230010	63229966	63230010	0
692	scaffold3_390516	17.9	72 +/- 3%	-	57	44	0	13	no	-	-	-	-	cauuuaaguauucaauccauc	aucuguugcugcugaauuucu	cauuuaaguauucaauccaucucacuacaauggucgaucuguugcugcugaauuucu	scaffold3:64230163..64230220:-	SMA1	scaffold3	64230163..64230220	64230163	64230220	0
693	scaffold3_428774	39.8	48 +/- 4%	-	92	77	0	15	no	-	-	-	-	ugucuaguuugugauaaacacgag	uccaccuuuaucaauuuug	uccaccuuuaucaauuuuggacauuccuccacacugucuaguuugugauaaacacgag	scaffold3:64410232..64410290:-	PH2	scaffold3	64410232..64410290	64410232	64410290	0
694	scaffold3_526829	54.3	70 +/- 3%	-	152	150	1	1	no	-	-	-	-	ugagaacagaaugagggagg	aucucagugucaucaacauac	aucucagugucaucaacauacaacaggcaagacaaguugagaacagaaugagggagg	scaffold3:64442648..64442705:-	DI2	scaffold3	64442648..64442705	64442648	64442705	0
695	scaffold3_264925	87.7	60 +/- 3%	-	215	155	0	60	no	-	-	-	-	uugaacagaucagcuuucucc	agacagguacagagaaguuag	agacagguacagagaaguuagagucaaaauaugcauugaacagaucagcuuucucc	scaffold3:64480836..64480892:+	AMP1	scaffold3	64480836..64480892	64480836	64480892	0
696	scaffold3_390744	80.2	72 +/- 3%	-	190	185	0	5	no	-	-	-	-	ucaucuucuuuauauuguucc	aaucaauuuuucgaaaagugg	aaucaauuuuucgaaaaguggugaaaaauucauguuugaggucuuuucuuucagcagugaucaucaucuucuuuauauuguucc	scaffold3:64540111..64540195:-	SMA1	scaffold3	64540111..64540195	64540111	64540195	0
697	scaffold3_171200	24.0	72 +/- 3%	-	62	61	0	1	no	-	-	-	-	uugaacagaucagcuuucucc	gagacaggugcagagaaguu	gagacaggugcagagaaguuagaggcaaaauaugcauugaacagaucagcuuucucc	scaffold3:64865470..64865527:+	IST2	scaffold3	64865470..64865527	64865470	64865527	0
698	scaffold3_346649	33.5	75 +/- 3%	-	81	80	0	1	no	-	-	-	-	caaucuuguaucggacuuugcug	agcuguguccuagugaugggga	caaucuuguaucggacuuugcugguagcuguguccuagugaugggga	scaffold3:65221217..65221264:+	PDi2	scaffold3	65221217..65221264	65221217	65221264	0
699	scaffold3_447113	622.3	75 +/- 2%	-	1248	948	0	300	no	-	-	-	-	uaaguauguaucuuugaaaaau	uuucauugauguacacuuugg	uaaguauguaucuuugaaaaaugcuauauauuuuucauugauguacacuuugg	scaffold3:65623116..65623169:-	PL3	scaffold3	65623116..65623169	65623116	65623169	0
700	scaffold3_205390	63.1	72 +/- 3%	-	126	122	0	4	yes	-	-	-	-	uaguguguauccuugaagaacc	uuuuucauugacguaugcaugg	uaguguguauccuugaagaaccuuauaugguuuuucauugacguaugcaugg	scaffold3:65624255..65624307:-	IST2	scaffold3	65624255..65624307	65624255	65624307	0
701	scaffold3_317916	13.7	76 +/- 3%	-	45	44	0	1	no	-	-	-	-	gcucuauacauugcacacgaagg	uuucaauguaauggauauggcagugg	gcucuauacauugcacacgaagguauuacaucaagauggauuucaauguaauggauauggcagugg	scaffold3:66318842..66318908:+	PDi3	scaffold3	66318842..66318908	66318842	66318908	0
702	scaffold3_339790	35.2	82 +/- 3%	-	96	76	18	2	no	-	-	-	-	ugagcagguuaguaaucgu	cgaaaaacaaggcguucaaag	ugagcagguuaguaaucguagagugaccaggaagguuuccaugcugagaauaagagaugaggugacgaauuuuugggaagacauaacgaaaaacaaggcguucaaag	scaffold3:66527494..66527601:-	GA3	scaffold3	66527494..66527601	66527494	66527601	0
703	scaffold3_448253	356.1	75 +/- 2%	-	725	724	0	1	no	-	-	-	-	uuuuucauugauucauacuugg	uaguuuguaucuuugcaaaacc	uaguuuguaucuuugcaaaacccuaugugauuuuucauugauucauacuugg	scaffold3:67648161..67648213:-	PL3	scaffold3	67648161..67648213	67648161	67648213	0
704	scaffold3_430973	13.6	48 +/- 4%	-	45	42	1	2	no	-	-	-	-	uccucaaugucuagagcaauuaag	uagaacaucuaacauacagcugag	uccucaaugucuagagcaauuaaggacucauugccacauucccaucuaugguuucagaauuucuuagaacaucuaacauacagcugag	scaffold3:67745979..67746067:-	PH2	scaffold3	67745979..67746067	67745979	67746067	0
705	scaffold3_341234	91.1	76 +/- 4%	-	201	52	141	8	no	-	-	-	-	guugacaaacagauugaagcugacg	gucaaauauguaaucggggug	guugacaaacagauugaagcugacgaaugauugaucugacagcuuagcaggaacagggauuacagauaugucaaauauguaaucggggug	scaffold3:68630393..68630483:+	EC1	scaffold3	68630393..68630483	68630393	68630483	0
706	scaffold3_190551	117.9	89 +/- 2%	-	249	242	0	7	no	-	-	-	-	ccgagcuugagcacaguauuuga	cagacuugucaacgagccgag	cagacuugucaacgagccgagccgagccgagccgagcuugagcacaguauuuga	scaffold3:68693547..68693601:+	PH3	scaffold3	68693547..68693601	68693547	68693601	0
707	scaffold3_267331	0.8	64 +/- 2%	-	1820	1819	0	1	yes	-	-	-	-	uguguguguguguguugugu	aauauauauauauauaua	aauauauauauauauauauauauauauauauauauauauauauauauauaauaaaauguguguguguguguguugugu	scaffold3:68906129..68906207:+	AMP1	scaffold3	68906129..68906207	68906129	68906207	0
708	scaffold3_382173	31.8	75 +/- 3%	-	79	77	0	2	no	-	-	-	-	ugguuagaaugcaaggaaaaaagc	cccauuucaagcguuuuaugc	cccauuucaagcguuuuaugcuauugcaauaaaagaaacaaugguuagaaugcaaggaaaaaagc	scaffold3:69053024..69053089:+	DI1	scaffold3	69053024..69053089	69053024	69053089	0
709	scaffold3_431857	123.7	48 +/- 4%	-	245	242	0	3	yes	-	-	-	-	uaagaaaacuagagugauugagag	uguaucaacacucuagug	uaagaaaacuagagugauugagaggugugacuuguaucaacacucuagug	scaffold3:69381835..69381885:-	PH2	scaffold3	69381835..69381885	69381835	69381885	0
710	scaffold3_381201	1193.7	67 +/- 3%	-	2415	2410	0	5	no	-	-	-	-	ucacaggagaugaaauaggagc	ucaaguuuuauggcagugaggacag	ucaaguuuuauggcagugaggacagucacaggagaugaaauaggagc	scaffold3:69521831..69521878:+	PDii1	scaffold3	69521831..69521878	69521831	69521878	0
711	scaffold3_268116	145.7	60 +/- 3%	-	287	186	0	101	yes	-	-	-	-	uugcagcaaccauuaacauca	uuguuuaugguuguuucauac	uuguuuaugguuguuucauacuuuugguuguugcagcaaccauuaacauca	scaffold3:70720579..70720630:+	AMP1	scaffold3	70720579..70720630	70720579	70720630	0
712	scaffold3_206902	29.3	72 +/- 3%	-	63	45	0	18	yes	-	-	-	-	uugcagcaaccuuuaacauca	uuguuuaugguuguuucauac	uuguuuaugguuguuucauacuuuugguuguugcagcaaccuuuaacauca	scaffold3:70723716..70723767:-	IST2	scaffold3	70723716..70723767	70723716	70723767	0
713	scaffold3_255880	11.3	79 +/- 3%	-	36	10	24	2	no	-	-	-	-	caucucuuggggaaagaaucc	cauucacuccagaggugcucu	cauucacuccagaggugcucuguucaucaacaaucuccccagcagugauccuuggguuuugguuuacuugucgaacuauuuucuguucaucucuuggggaaagaaucc	scaffold3:71537600..71537708:-	SMA2	scaffold3	71537600..71537708	71537600	71537708	0
714	scaffold3_268654	546.9	60 +/- 3%	-	1082	908	2	172	no	-	-	-	-	uagaguccugaggaaagcucu	uaccaaaguggggaggagcag	uaccaaaguggggaggagcaguagcacagaaugcagcauuguuaggagcagcuagaguccugaggaaagcucu	scaffold3:71830484..71830557:+	AMP1	scaffold3	71830484..71830557	71830484	71830557	0
715	scaffold3_218498	166.6	67 +/- 3%	-	345	343	0	2	no	-	-	-	-	gaagacaaucgggguuuggcu	gucaaagguaguauucaa	gaagacaaucgggguuuggcuguugguuugcacgacggaaggucaaagguaguauucaa	scaffold3:72579472..72579531:+	IST3	scaffold3	72579472..72579531	72579472	72579531	0
716	scaffold3_299588	143.5	58 +/- 3%	-	329	255	8	66	no	-	-	-	-	gcagcgaggacagucacagg	ugacuuuauuuagccgcugaa	ugacuuuauuuagccgcugaaggcauacacaacaagaaaauaaaaacaaaucaaguuuuacagcagcgaggacagucacagg	scaffold3:72647294..72647376:-	AMP3	scaffold3	72647294..72647376	72647294	72647376	0
717	scaffold3_364378	70.4	48 +/- 4%	-	150	149	0	1	no	-	-	-	-	ugacuugauuugagagaag	uguuuguaagcugcuuugug	uguuuguaagcugcuuugugucauguccaggauaggaguguacagacgugacuugauuugagagaag	scaffold3:73171078..73171145:+	PH2	scaffold3	73171078..73171145	73171078	73171145	0
718	scaffold3_395553	58.7	72 +/- 3%	-	126	65	59	2	no	-	-	-	-	gcagagauucaggguuggag	gacgaccugaagauguaagcu	gacgaccugaagauguaagcuaguucaaggaagauguugcagaaacaaguggagacauuggagaaggcuagcagagauucaggguuggag	scaffold3:73388049..73388139:-	SMA1	scaffold3	73388049..73388139	73388049	73388139	0
719	scaffold3_451799	291.6	75 +/- 2%	-	585	113	421	51	no	-	-	-	-	ggcgauuagucagguaggacu	gcaaacacugagccuugagg	gcaaacacugagccuugaggggcaccaguaguaacggggacaggagaagagauagacgaguugauuuugacacacugguggcgauuagucagguaggacu	scaffold3:73637149..73637249:-	PL3	scaffold3	73637149..73637249	73637149	73637249	0
720	scaffold3_321465	516.7	60 +/- 3%	-	1024	1020	1	3	no	-	-	-	-	uguaggagaacauuugggauu	agcgcgggugugaaacuc	agcgcgggugugaaacucugagcaggauuacugcuggggagagaugagacagaacgugaggcagcagcacuguaggagaacauuugggauu	scaffold3:74108092..74108183:-	AMP1	scaffold3	74108092..74108183	74108092	74108183	0
721	scaffold3_321523	757.7	60 +/- 3%	-	1519	1051	0	468	no	-	-	-	-	uauuugcguauuucaagaacu	guuuugacauuuuuaguacug	guuuugacauuuuuaguacugccucacguucaguugugacgguauuugcguauuucaagaacu	scaffold3:74231856..74231919:-	AMP1	scaffold3	74231856..74231919	74231856	74231919	0
722	scaffold3_269822	59.1	60 +/- 3%	-	138	137	0	1	no	-	-	-	-	cuccauuuagcugacuauug	uuauguuagggguacaaauag	uuauguuagggguacaaauaggagucuuucuccauuuagcugacuauug	scaffold3:74508892..74508941:+	AMP1	scaffold3	74508892..74508941	74508892	74508941	0
723	scaffold3_211204	1404.3	68 +/- 3%	-	2815	1682	348	785	no	-	-	-	-	cuuucugucacuuaaugcug	ugcuaagcugucagaucacuc	ugcuaagcugucagaucacucauucguucgcugcuccacaauaugcucgauuuaacauugacuuucugucacuuaaugcug	scaffold3:74766375..74766456:+	IST1	scaffold3	74766375..74766456	74766375	74766456	0
724	scaffold3_320830	18.2	67 +/- 3%	-	33	19	0	14	yes	-	-	-	-	ugcguucagacgagcaucu	guucucgucugaacgcaccu	ugcguucagacgagcaucuuuuucacguauaucaaaugauauacaucaaaggguucucgucugaacgcaccu	scaffold3:75919488..75919560:-	AMP2	scaffold3	75919488..75919560	75919488	75919560	0
725	scaffold3_301277	22.7	58 +/- 3%	-	70	65	2	3	no	-	-	-	-	gauguaacugauuuaaacucaauu	guuggauugaauaaguaaag	gauguaacugauuuaaacucaauuuuguaaaguguuuguuggauugaauaaguaaag	scaffold3:76756172..76756229:-	AMP3	scaffold3	76756172..76756229	76756172	76756229	0
726	scaffold3_230816	10.8	89 +/- 2%	-	23	21	0	2	yes	-	-	-	-	ucugcgauguuuacauuugug	cacauguaaaaaucucagaaa	ucugcgauguuuacauuuguguauaacaacacacauguaaaaaucucagaaa	scaffold3:78167592..78167644:-	PH3	scaffold3	78167592..78167644	78167592	78167644	0
727	scaffold3_270371	16.8	67 +/- 3%	-	32	30	0	2	yes	-	-	-	-	uuaacaccuauaaauucguuu	cgaauuuauagguguuaauaa	cgaauuuauagguguuaauaaauauaauuauauucauuaacaccuauaaauucguuu	scaffold3:78344571..78344628:+	AMP2	scaffold3	78344571..78344628	78344571	78344628	0
728	scaffold3_333830	14.9	72 +/- 3%	-	68	67	0	1	no	-	-	-	-	acaaguuggauuauuauuauu	aauaaugaucaaaugaguu	acaaguuggauuauuauuauuguaaaucaacguuuaauaacaaacaucaaauaaugaucaaaugaguu	scaffold3:79224410..79224478:+	SMA1	scaffold3	79224410..79224478	79224410	79224478	0
729	scaffold3_323692	44.0	60 +/- 3%	-	109	107	0	2	no	-	-	-	-	uuggauguuguuuauuacgua	gcuaguagacugacggacua	uuggauguuguuuauuacguaugauugcuaguagacugacggacua	scaffold3:79348972..79349018:-	AMP1	scaffold3	79348972..79349018	79348972	79349018	0
730	scaffold3_323694	44.0	60 +/- 3%	-	109	107	0	2	no	-	-	-	-	uuggauguuguuuauuacgua	gcuaguagacugacggacua	uuggauguuguuuauuacguaugauugcuaguagacugacggacua	scaffold3:79359668..79359714:-	AMP1	scaffold3	79359668..79359714	79359668	79359714	0
731	scaffold3_462574	42.2	75 +/- 3%	-	138	137	0	1	no	-	-	-	-	guguguguuguguguaug	uauaauaaauauauauaau	uauaauaaauauauauaauauuaaaaugugucaguguguguuguguguaug	scaffold3:79697017..79697068:-	DI1	scaffold3	79697017..79697068	79697017	79697068	0
732	scaffold3_335117	10.3	72 +/- 3%	-	18	15	0	3	yes	-	-	-	-	ucucugugugggacucugagg	ucagacaacuaugcacagaga	ucagacaacuaugcacagagacaccucucugugugggacucugagg	scaffold3:81918205..81918251:+	SMA1	scaffold3	81918205..81918251	81918205	81918251	0
733	scaffold3_375664	245.5	76 +/- 2%	-	521	518	0	3	no	-	-	-	-	uuuuucauugauucauacuugg	uaguguguaucuuugcaa	uaguguguaucuuugcaaagcguaugcgauuuuucauugauucauacuugg	scaffold3:84778525..84778576:+	PL1	scaffold3	84778525..84778576	84778525	84778576	0
734	scaffold3_304616	36.9	77 +/- 3%	-	79	78	0	1	yes	-	-	-	-	ugaugaugaugaugaugaugaug	uaugaugaugaugaugaugaug	uaugaugaugaugaugaugaugaugaugaugaugaugaugaugaugaugaugaugaugaugaugaugaugaugaugaugaugaug	scaffold3:85063060..85063145:+	PDi1	scaffold3	85063060..85063145	85063060	85063145	0
735	scaffold3_419847	17.7	78 +/- 3%	-	38	36	0	2	yes	-	-	-	-	gugcacuguugaguucuaacauu	guuagaaauuuaagugccuaaa	gugcacuguugaguucuaacauuuaucauguuagaaauuuaagugccuaaa	scaffold3:85101325..85101376:-	PL2	scaffold3	85101325..85101376	85101325	85101376	0
736	scaffold3_541272	28.4	70 +/- 3%	-	73	72	0	1	no	-	-	-	-	uaggauaaugaacgguuggaaga	cuucuuaagcuugcguuacu	cuucuuaagcuugcguuacuugguuuagauuaggauaaugaacgguuggaaga	scaffold3:85682164..85682217:-	DI2	scaffold3	85682164..85682217	85682164	85682217	0
737	scaffold3_255899	71.3	58 +/- 3%	-	176	145	26	5	no	-	-	-	-	gguauuggauaacaucagc	guggagauuguuaccaugaug	guggagauuguuaccaugaugcacaucggaaaaaaugauccuggcgagaaucagaacaaaagguauuggauaacaucagc	scaffold3:86132495..86132575:+	AMP3	scaffold3	86132495..86132575	86132495	86132575	0
738	scaffold3_442644	12.8	69 +/- 3%	-	27	26	0	1	yes	-	-	-	-	guguuuaguaguggucuggau	ccagaucaugaaagugcacu	guguuuaguaguggucuggauccauuuugcaccagaucaugaaagugcacu	scaffold3:86370578..86370629:-	PDii3	scaffold3	86370578..86370629	86370578	86370629	0
739	scaffold3_223348	83.3	67 +/- 3%	-	187	185	1	1	no	-	-	-	-	aagguuagauuagugauuguu	ugaaucccacgucuaacaaac	aagguuagauuagugauuguuuaaaaagugaucugucacauuuugauugaaucccacgucuaacaaac	scaffold3:87763386..87763454:+	IST3	scaffold3	87763386..87763454	87763386	87763454	0
740	scaffold3_404961	26.9	72 +/- 3%	-	62	14	44	4	no	-	-	-	-	agauuacugauuauuauuguaga	uucaaaauauuagugaguuuuucu	agauuacugauuauuauuguagaaagcuuguugagucaaugucaaaucgcauugcugcguguuuggccaauaauggcggucauucaaaauauuagugaguuuuucu	scaffold3:88204234..88204340:+	PDii2	scaffold3	88204234..88204340	88204234	88204340	0
741	scaffold3_393551	10.4	75 +/- 3%	-	19	15	0	4	yes	-	-	-	-	gacaaaaguuguucguguagcaug	ugcuacacgaccgauuuucguug	ugcuacacgaccgauuuucguuggccaacaaaaauuggcgacaaaaguuguucguguagcaug	scaffold3:89197653..89197716:+	DI1	scaffold3	89197653..89197716	89197653	89197716	0
742	scaffold3_544287	73.9	70 +/- 3%	-	167	100	63	4	no	-	-	-	-	ccaguccaauuuaaguuugcagca	gaggcaaaucagaagggg	ccaguccaauuuaaguuugcagcagguugaacuccaagaugagugugaugagacgcaaaguucacaggugggaggcaaaucagaagggg	scaffold3:89985147..89985236:-	DI2	scaffold3	89985147..89985236	89985147	89985236	0
743	scaffold3_423094	29.1	78 +/- 3%	-	82	81	0	1	no	-	-	-	-	guacaagacuaagagcugauuagu	cuacucagugucauaaucuug	guacaagacuaagagcugauuaguuuucuacucagugucauaaucuug	scaffold3:91412129..91412177:-	PL2	scaffold3	91412129..91412177	91412129	91412177	0
744	scaffold3_423096	29.1	78 +/- 3%	-	82	81	0	1	no	-	-	-	-	guacaagacuaagagcugauuagu	cuacucagugucauaaucuug	guacaagacuaagagcugauuaguuuucuacucagugucauaaucuug	scaffold3:91412461..91412509:-	PL2	scaffold3	91412461..91412509	91412461	91412509	0
745	scaffold3_423098	29.1	78 +/- 3%	-	82	81	0	1	no	-	-	-	-	guacaagacuaagagcugauuagu	cuacucagugucauaaucuug	guacaagacuaagagcugauuaguuuucuacucagugucauaaucuug	scaffold3:91412793..91412841:-	PL2	scaffold3	91412793..91412841	91412793	91412841	0
746	scaffold3_423100	29.1	78 +/- 3%	-	82	81	0	1	no	-	-	-	-	guacaagacuaagagcugauuagu	cuacucagugucauaaucuug	guacaagacuaagagcugauuaguuuucuacucagugucauaaucuug	scaffold3:91413125..91413173:-	PL2	scaffold3	91413125..91413173	91413125	91413173	0
747	scaffold3_423102	33.6	78 +/- 3%	-	82	81	0	1	yes	-	-	-	-	guacaagacuaagagcugauuagu	cuacucagugucauaaucuug	guacaagacuaagagcugauuaguuuucuacucagugucauaaucuug	scaffold3:91413457..91413505:-	PL2	scaffold3	91413457..91413505	91413457	91413505	0
748	scaffold3_225074	81.9	67 +/- 3%	-	188	103	0	85	no	-	-	-	-	uaguaguaguaguaguaguagu	aguaguaguaguaguagu	aguaguaguaguaguaguagcaauaguaguaguaguaguaguagu	scaffold3:92541944..92541989:+	IST3	scaffold3	92541944..92541989	92541944	92541989	0
749	scaffold3_459754	17.9	70 +/- 3%	-	74	71	0	3	no	-	-	-	-	gcauuuacuauauuaaagaacuauu	uguuuuucaaguuguguga	uguuuuucaaguugugugaaaugcuuacagcagcauuuacuauauuaaagaacuauu	scaffold3:93675091..93675148:+	DI2	scaffold3	93675091..93675148	93675091	93675148	0
750	scaffold3_479425	85.1	74 +/- 4%	-	244	152	0	92	no	-	-	-	-	aaugacuuuauuuagccgcugaa	ucacaggagauaaaguaggagc	aaugacuuuauuuagccgcugaaugcagacacuacaaaaaugaaaacaaaucaaguuuuauggcaacgaggacagucacaggagauaaaguaggagc	scaffold3:93931686..93931783:-	GA2	scaffold3	93931686..93931783	93931686	93931783	0
751	scaffold3_329267	49.5	60 +/- 3%	-	94	53	1	40	yes	-	-	-	-	uuaccauaguacagagcggacc	guccgcucuguacuauggua	guccgcucuguacuaugguaaauuauuccaaguguccgcucuguacaccaaauucgaauuuaccauaguacagagcggacc	scaffold3:94044083..94044164:-	AMP1	scaffold3	94044083..94044164	94044083	94044164	0
752	scaffold3_460145	29.1	70 +/- 3%	-	81	74	4	3	no	-	-	-	-	uguuuuggguguuuagacgug	gcgauuuaacacaaauuaguca	gcgauuuaacacaaauuagucaauauuacuaaucaaaguuaacaaaaaauuugauaauauuuuuugccgauauuauugugauauguuuuggguguuuagacgug	scaffold3:94160099..94160203:+	DI2	scaffold3	94160099..94160203	94160099	94160203	0
753	scaffold3_307527	333.3	58 +/- 3%	-	666	617	41	8	no	-	-	-	-	uugccagaacuuacaguugcu	gcucucuuaagauuuuggca	gcucucuuaagauuuuggcaggaacugacugaagaugauuuauuuuuaauguugccagaacuuacaguugcu	scaffold3:94255003..94255075:-	AMP3	scaffold3	94255003..94255075	94255003	94255075	0
754	scaffold3_179508	15.1	72 +/- 3%	-	29	28	0	1	yes	-	-	-	-	gaggcuaaggaacaggggug	cccacuccuuaguuuauugau	cccacuccuuaguuuauugauuuaagucaaauccaggaaaucgugacuuacaagggagaggcuaaggaacaggggug	scaffold3:94830824..94830901:+	IST2	scaffold3	94830824..94830901	94830824	94830901	0
755	scaffold3_330701	322.2	60 +/- 3%	-	659	483	0	176	no	-	-	-	-	cauuuacuauauuaaagaacu	uguuuuucgaguugugugaa	uguuuuucgaguugugugaaauguuuacaacagcauuuacuauauuaaagaacu	scaffold3:97297107..97297161:-	AMP1	scaffold3	97297107..97297161	97297107	97297161	0
756	scaffold3_411172	615.1	72 +/- 3%	-	1203	1182	0	21	yes	-	-	-	-	caucaaaagguucucgucug	gacgagcaucuuuuugacgua	gacgagcaucuuuuugacguauaucaaaugauauacaucaaaagguucucgucug	scaffold3:98005704..98005759:+	PDii2	scaffold3	98005704..98005759	98005704	98005759	0
757	scaffold3_447224	17.5	48 +/- 4%	-	45	44	0	1	no	-	-	-	-	uggauguauguucagcuuug	ggagcagagccaucuuuguguc	ggagcagagccaucuuugugucugaaaaauauggauguauguucagcuuug	scaffold3:98356577..98356628:-	PH2	scaffold3	98356577..98356628	98356577	98356628	0
758	scaffold3_406792	95.1	74 +/- 4%	-	200	199	0	1	no	-	-	-	-	uucuucauugauauaugcuuag	uaguguguguguuugacgaa	uaguguguguguuugacgaaccuuguuaugguucuucauugauauaugcuuag	scaffold3:98594349..98594402:+	GA2	scaffold3	98594349..98594402	98594349	98594402	0
759	scaffold3_471801	35.1	67 +/- 3%	-	65	64	0	1	yes	-	-	-	-	ucgucacaucgcuaauuaucucg	gaaaugauuugcaaugugac	gaaaugauuugcaaugugacgaucacaaagaaaucgaacgagcacgauuucuuggugaucgucacaucgcuaauuaucucg	scaffold3:98751152..98751233:-	PDii1	scaffold3	98751152..98751233	98751152	98751233	0
760	scaffold3_214349	79.4	72 +/- 3%	-	198	196	0	2	no	-	-	-	-	cgucgaaauacauguguguuguug	gauaauaaaauuugcgug	cgucgaaauacauguguguuguugaaggauaauaaaauuugcgug	scaffold3:98825398..98825443:-	IST2	scaffold3	98825398..98825443	98825398	98825443	0
761	scaffold3_260666	1242.8	58 +/- 3%	-	2460	2437	0	23	no	-	-	-	-	ugagacuuggaacuacuugau	aaguuaggauagggaaca	aaguuaggauagggaacagauaaguuauuuuguugagcugagacuuggaacuacuugau	scaffold3:98856971..98857030:+	AMP3	scaffold3	98856971..98857030	98856971	98857030	0
762	scaffold3_227201	325.8	67 +/- 3%	-	658	463	135	60	no	-	-	-	-	uaggcuggcauguuacuuaga	ccaauaacaugucugccaaca	ccaauaacaugucugccaacaauguggaaauugcuaacuucagugauuuuaaauaggcuggcauguuacuuaga	scaffold3:98917130..98917204:+	IST3	scaffold3	98917130..98917204	98917130	98917204	0
763	scaffold3_322063	1.8	84 +/- 2%	-	303	297	3	3	yes	-	-	-	-	ucaguuaguagccuugguugg	ucggcuucacuccugcugaucag	ucaguuaguagccuugguuggugaaagcuucguagagaggcgcaacccucucaaugaagcucggccuucggcuucacuccugcugaucag	scaffold3:100557301..100557391:-	PH1	scaffold3	100557301..100557391	100557301	100557391	0
764	scaffold3_448629	176.8	48 +/- 4%	-	356	335	0	21	yes	-	-	-	-	uuguguguaucuuugaauaa	uuucauugaugcauacuuugg	uuguguguaucuuugaauaagcuuauacgguuuuucauugaugcauacuuugg	scaffold3:101085155..101085208:-	PH2	scaffold3	101085155..101085208	101085155	101085208	0
765	scaffold3_397804	237.3	76 +/- 3%	-	500	436	0	64	no	-	-	-	-	uuucauugauguauacuuugg	uuguguguaucuuugaauaa	uuguguguaucuuugaauaagcuuaugcgguuuuucauugauguauacuuugg	scaffold3:101102961..101103014:-	PDi3	scaffold3	101102961..101103014	101102961	101103014	0
766	scaffold3_361675	20.4	78 +/- 3%	-	80	41	2	37	no	-	-	-	-	ugauaaaguucauauagcgaauu	uauagcgaauuucaucuacag	ugauaaaguucauauagcgaauuucaucuacaguugaaugauaauacucgucgauaaaguucauauagcgaauuucaucuacag	scaffold3:102477677..102477761:+	PL2	scaffold3	102477677..102477761	102477677	102477761	0
767	scaffold3_279866	25.2	67 +/- 3%	-	83	54	1	28	no	-	-	-	-	uccaaagacaucaguuaaagcacuc	ugugaucaaugugcuuau	uccaaagacaucaguuaaagcacucuaguauaaagccauuuaagugugaucaaugugcuuau	scaffold3:102789180..102789242:+	AMP2	scaffold3	102789180..102789242	102789180	102789242	0
768	scaffold3_450406	13.3	48 +/- 4%	-	41	35	5	1	no	-	-	-	-	ugcaauagcguuaguaauucag	ugaguuccuuagugcuguug	ugaguuccuuagugcuguugguauaguccccagccaucgauucuacauggugguaucguuuugcaauagcguuaguaauucag	scaffold3:104242159..104242242:-	PH2	scaffold3	104242159..104242242	104242159	104242242	0
769	scaffold3_261028	731.5	68 +/- 3%	-	1432	1423	0	9	yes	-	-	-	-	caucaaaagguucucgucug	agacgagcaucuuuuugacgua	agacgagcaucuuuuugacguauaucaaaugauauacaucaaaagguucucgucug	scaffold3:105000344..105000400:-	IST1	scaffold3	105000344..105000400	105000344	105000400	0
770	scaffold3_454042	10.9	69 +/- 3%	-	46	44	0	2	no	-	-	-	-	augggaagggcgggagggau	ugaucuugucauuggcguugu	ugaucuugucauuggcguuguacaaucagaugggaagggcgggagggau	scaffold3:105928553..105928602:-	PDii3	scaffold3	105928553..105928602	105928553	105928602	0
771	scaffold3_388234	162.7	76 +/- 2%	-	358	352	0	6	no	-	-	-	-	uauugaaucucuuaauuuguugu	auacaaguaauuuuggauggg	uauugaaucucuuaauuuguuguguagaaacgaaacaguguuuugggcauacaaguaauuuuggauggg	scaffold3:107065510..107065579:+	PL1	scaffold3	107065510..107065579	107065510	107065579	0
772	scaffold3_335030	620.4	60 +/- 3%	-	1245	595	649	1	no	-	-	-	-	uugaaguagucccgguaguag	aggagcugggaguaacaacg	uugaaguagucccgguaguaguaggagcagugaguaagaagcauaagagauacuuggaggagcugggaguaacaacg	scaffold3:107350030..107350107:-	AMP1	scaffold3	107350030..107350107	107350030	107350107	0
773	scaffold3_460349	46.4	76 +/- 2%	-	115	75	0	40	no	-	-	-	-	cuauaaagacgcucugcugaaau	uccagaaacgcgcuuucaaaugg	uccagaaacgcgcuuucaaauggaucuccccuuuggccuauaaagacgcucugcugaaau	scaffold3:108631291..108631351:-	PL1	scaffold3	108631291..108631351	108631291	108631351	0
774	scaffold3_226387	24.0	79 +/- 3%	-	60	48	0	12	no	-	-	-	-	aacaaaguggacaugaccguu	gcgguugucgcggaauuugg	gcgguugucgcggaauuuggcaucuuuuggacuucgaacaaaguggacaugaccguu	scaffold3:108789203..108789260:+	SMA2	scaffold3	108789203..108789260	108789203	108789260	0
775	scaffold3_383487	227.5	48 +/- 4%	-	488	486	0	2	no	-	-	-	-	uauagauugaccagccaaug	uugguuggaaaaagugugaua	uauagauugaccagccaauggaaauacauugaacuuaugaaaauaauuauugguuggaaaaagugugaua	scaffold3:110000880..110000950:+	PH2	scaffold3	110000880..110000950	110000880	110000950	0
776	scaffold3_279295	13.7	90 +/- 2%	-	36	18	0	18	no	-	-	-	-	ucucacucucugcuguaggac	cuacugcagugagagggaccc	ucucacucucugcuguaggacaagcgguacugcaauuucuucuagagcuaugguucuucuacugcagugagagggaccc	scaffold3:110256636..110256715:-	HL1	scaffold3	110256636..110256715	110256636	110256715	0
777	scaffold3_278090	23.2	87 +/- 2%	-	44	24	0	20	yes	-	-	-	-	ucucacucacugcuguaggac	ucuacugcagugagagggacu	ucucacucacugcuguaggacaagcgguacugcaauuucuucuagagcuaugguucuucuacugcagugagagggacu	scaffold3:110639928..110640006:+	HL3	scaffold3	110639928..110640006	110639928	110640006	0
778	scaffold3_278095	1.4	87 +/- 2%	-	120	96	0	24	yes	-	-	-	-	ucuaccgcagugagagggacu	ucacucacugcuguaggacaag	ucacucacugcuguaggacaagcgguacugcaauuucuucuagagcuaugguucuucuaccgcagugagagggacu	scaffold3:110644603..110644679:+	HL3	scaffold3	110644603..110644679	110644603	110644679	0
779	scaffold3_456607	103.5	69 +/- 3%	-	211	132	10	69	no	-	-	-	-	gaaucugucauggucugguccug	agucauucaauguaagaggucagg	agucauucaauguaagaggucaggugcaucgccggaguggagaacgcuuuaaagcagaguguuuacaagcaacgguuaaauuuccugaaucugucauggucugguccug	scaffold3:111002068..111002177:-	PDii3	scaffold3	111002068..111002177	111002068	111002177	0
780	scaffold3_473843	40.1	75 +/- 2%	-	90	89	0	1	no	-	-	-	-	aggagacaagugguaugagca	gcuuagcaccauuaauguu	gcuuagcaccauuaauguuuguaguuagcucaagcaggagacaagugguaugagca	scaffold3:112143299..112143355:-	PL3	scaffold3	112143299..112143355	112143299	112143355	0
781	scaffold3_335377	10.7	67 +/- 3%	-	19	18	0	1	yes	-	-	-	-	gucgcacacugccguuaagu	uuaccggcagugugcgacg	uuaccggcagugugcgacgaucuagagugggucgcacacugccguuaagu	scaffold3:112389265..112389315:-	AMP2	scaffold3	112389265..112389315	112389265	112389315	0
782	scaffold3_276373	10.7	86 +/- 2%	-	22	19	0	3	yes	-	-	-	-	cccagcgccgcugaauaccaga	uggaauucagcagcgcucaua	cccagcgccgcugaauaccagaggaaucgaaauuuacuggaauucagcagcgcucaua	scaffold3:112411026..112411084:+	PH1	scaffold3	112411026..112411084	112411026	112411084	0
783	scaffold3_386904	11.5	69 +/- 3%	-	28	26	0	2	yes	-	-	-	-	cuaugaaauaucgauagcugaaa	cagcaucagauaucucaaccccaga	cuaugaaauaucgauagcugaaacaacuggagcagucucagcaucagauaucucaaccccaga	scaffold3:113304380..113304443:+	PDii3	scaffold3	113304380..113304443	113304380	113304443	0
784	scaffold3_263475	985.4	68 +/- 3%	-	1968	1967	0	1	no	-	-	-	-	ugugacaaaugugauuauucaug	ugaagagacaugaguuugcgcacuc	ugaagagacaugaguuugcgcacucugguauaaaaccuuuuaaaugugacaaaugugauuauucaug	scaffold3:113807484..113807551:-	IST1	scaffold3	113807484..113807551	113807484	113807551	0
785	scaffold3_266410	21.7	58 +/- 3%	-	73	72	0	1	no	-	-	-	-	auauggaguuauaaaugcugu	gucauauauauauauccau	gucauauauauauauccauuuguauagcccauauggaguuauaaaugcugu	scaffold3:114213535..114213586:+	AMP3	scaffold3	114213535..114213586	114213535	114213586	0
786	scaffold3_440573	233.9	75 +/- 3%	-	497	481	0	16	no	-	-	-	-	caaaugaucuaaacuuuuucugaaa	uuuaaugauguuuagaug	uuuaaugauguuuagaugacgagaaugaucaaaugaucuaaacuuuuucugaaa	scaffold3:114748401..114748455:-	PDi2	scaffold3	114748401..114748455	114748401	114748455	0
787	scaffold3_336176	159.0	67 +/- 3%	-	345	301	0	44	no	-	-	-	-	caaaugauuuaaacauuuucugaaa	uuuaaugauguuuagaug	uuuaaugauguuuagaugacuagaaugaucaaaugauuuaaacauuuucugaaa	scaffold3:114760046..114760100:-	AMP2	scaffold3	114760046..114760100	114760046	114760100	0
788	scaffold3_506549	27.1	70 +/- 4%	-	62	50	0	12	no	-	-	-	-	guuguccggagauucuuagcacccu	uguguuugauuuuggacu	guuguccggagauucuuagcacccuugaagaccugccggggacugagggccauugcucuuucaugacuucucaucaguguuuuauuguguuugauuuuggacu	scaffold3:115422537..115422640:-	EC2	scaffold3	115422537..115422640	115422537	115422640	0
789	scaffold3_290983	20.7	87 +/- 2%	-	58	56	1	1	no	-	-	-	-	ugcauguuugagugaagagcu	ccucuccacaagauuaac	ccucuccacaagauuaacaaaaucaauaggagucagccaagccuaugccuuaguuuuugcauguuugagugaagagcu	scaffold3:115565632..115565710:+	HL2	scaffold3	115565632..115565710	115565632	115565710	0
790	scaffold3_407783	24.6	67 +/- 3%	-	67	56	5	6	no	-	-	-	-	guacugugaugauaagaacugcu	caguucuguaucugaguac	guacugugaugauaagaacugcuuggcguguaaauauuuugaaacuguuguaaauagcuugaaggcaaggaaaaaagaaucaguucuguaucugaguac	scaffold3:115952877..115952976:+	PDii1	scaffold3	115952877..115952976	115952877	115952976	0
791	scaffold3_352490	44.8	72 +/- 3%	-	104	51	42	11	no	-	-	-	-	uauccaauaugaguaguagug	uuuaaacauuggauuucguuu	uuuaaacauuggauuucguuuuuucaaugaugcuuuuguuuuuacagcauaucucaucaucaaggaaauuuauccaauaugaguaguagug	scaffold3:115998680..115998771:+	SMA1	scaffold3	115998680..115998771	115998680	115998771	0
792	scaffold3_457513	2381.4	48 +/- 4%	-	4689	2609	2076	4	no	-	-	-	-	uccauagugauugaaaaug	ugcggaacaauuuggauaa	uccauagugauugaaaaugaaaagcugcaggaaauauccucuagcuaauauugcggaacaauuuggauaa	scaffold3:116903439..116903509:-	PH2	scaffold3	116903439..116903509	116903439	116903509	0
793	scaffold3_476820	96.4	75 +/- 2%	-	209	167	5	37	no	-	-	-	-	ugaaaaugaaaugcugcaggaaa	uguuguugcuguuuuuuguuuuc	uguuguugcuguuuuuuguuuucugaaucucuauaaauaacacuaagaugguguggccauccauagucauugaaaaugaaaugcugcaggaaa	scaffold3:116915164..116915257:-	PL3	scaffold3	116915164..116915257	116915164	116915257	0
794	scaffold3_476822	96.4	75 +/- 2%	-	209	167	5	37	no	-	-	-	-	ugaaaaugaaaugcugcaggaaa	uguuguugcuguuuuuuguuuuc	uguuguugcuguuuuuuguuuucugaaucucuauaaauaacacuaagaugguguggccauccauagucauugaaaaugaaaugcugcaggaaa	scaffold3:116915395..116915488:-	PL3	scaffold3	116915395..116915488	116915395	116915488	0
795	scaffold3_366230	46.4	76 +/- 4%	-	107	106	0	1	no	-	-	-	-	uccauagugauugaaaaggaaaugc	uauccucuaucuaauacugcgg	uccauagugauugaaaaggaaaugcugcaggaaguauccucuaucuaauacugcgg	scaffold3:116928016..116928072:+	EC1	scaffold3	116928016..116928072	116928016	116928072	0
796	scaffold3_387808	42.1	48 +/- 4%	-	113	112	0	1	no	-	-	-	-	ugccaaucaauacaaaagacuuuaa	uaguacugcaguagugauugcaaga	uaguacugcaguagugauugcaagaauuacagugaugccaaucaauacaaaagacuuuaa	scaffold3:116948753..116948813:+	PH2	scaffold3	116948753..116948813	116948753	116948813	0
797	scaffold3_499671	49.0	72 +/- 3%	-	136	127	0	9	no	-	-	-	-	cacaauauuagcuagagg	uucauugauagcuguuggag	uucauugauagcuguuggaguagcaaccagucauacaaacuuggcauuuuuggcacaauauuagcuagagg	scaffold3:116998228..116998299:-	PDii2	scaffold3	116998228..116998299	116998228	116998299	0
798	scaffold3_457843	21.2	48 +/- 4%	-	40	38	0	2	yes	-	-	-	-	ucacaucacuaauuaucucggu	agagaaaauuagcgauguaa	agagaaaauuagcgauguaacaaucgucacaucacuaauuaucucggu	scaffold3:117324453..117324501:-	PH2	scaffold3	117324453..117324501	117324453	117324501	0
799	scaffold3_477465	10.3	75 +/- 2%	-	26	25	0	1	yes	-	-	-	-	ugcuuucauaauugauugguug	uugaaaaagauuguuaagcagaau	ugcuuucauaauugauugguugccucaauugaaaaagauuguuaagcagaau	scaffold3:117690882..117690934:-	PL3	scaffold3	117690882..117690934	117690882	117690934	0
800	scaffold3_409425	18.4	67 +/- 3%	-	57	46	8	3	no	-	-	-	-	ugauaaaguagcagcuuuggua	uaaaauuugcaacuuuuuauagg	uaaaauuugcaacuuuuuauaggaugaaauugacgaguuucgugccauggauuccuuuacaucugauucauuuaauccugauaaaguagcagcuuuggua	scaffold3:117869859..117869959:+	PDii1	scaffold3	117869859..117869959	117869859	117869959	0
801	scaffold3_458757	21.2	48 +/- 4%	-	40	38	0	2	yes	-	-	-	-	ucacaucacuaauuaucucggu	agagaaaauuagcgauguaa	agagaaaauuagcgauguaacaaucgucacaucacuaauuaucucggu	scaffold3:118675459..118675507:-	PH2	scaffold3	118675459..118675507	118675459	118675507	0
802	scaffold3_385656	17.7	76 +/- 4%	-	42	40	0	2	yes	-	-	-	-	cauauauauauauauauaua	uauauauauauauauacugg	cauauauauauauauauauauauauauauauauauauauauauauacugg	scaffold3:120748273..120748323:+	EC3	scaffold3	120748273..120748323	120748273	120748323	0
803	scaffold3_318122	213.4	58 +/- 3%	-	450	449	0	1	no	-	-	-	-	ugacaggaugcugaugugaua	ccuaccagcccacaauucuac	ccuaccagcccacaauucuacauggcgaccaugacaggaugcugaugugaua	scaffold3:120999182..120999234:-	AMP3	scaffold3	120999182..120999234	120999182	120999234	0
804	scaffold3_408439	10.1	76 +/- 3%	-	31	30	0	1	no	-	-	-	-	gggucgcagguucgaauccu	gauuugaaaucuaauccccu	gauuugaaaucuaauccccucuggggucgcagguucgaauccu	scaffold3:121459602..121459645:-	PDi3	scaffold3	121459602..121459645	121459602	121459645	0
805	scaffold3_408448	16.1	76 +/- 3%	-	31	30	0	1	yes	-	-	-	-	gggucgcagguucgaauccu	gauuugaaaucuaauccccu	gauuugaaaucuaauccccucuggggucgcagguucgaauccu	scaffold3:121461052..121461095:-	PDi3	scaffold3	121461052..121461095	121461052	121461095	0
806	scaffold3_378137	73.8	75 +/- 3%	-	143	80	1	62	yes	-	-	-	-	ccucggcccgugcuuauuuaacc	guggaacuuaagcacauagagu	ccucggcccgugcuuauuuaaccuccuugucccaaaggaauuguuuucaacucuuucuuuggacaaggagaaguggaacuuaagcacauagagu	scaffold3:123766595..123766689:+	PDi2	scaffold3	123766595..123766689	123766595	123766689	0
807	scaffold4_319522	54.1	58 +/- 3%	-	114	98	0	16	no	-	-	-	-	gcugaaaucaaacacuugcg	gcaggugucacuacggaugg	gcugaaaucaaacacuugcgggaugaauuaucacagcaggugucacuacggaugg	scaffold4:170066..170121:+	AMP3	scaffold4	170066..170121	170066	170121	0
808	scaffold4_319847	26.3	58 +/- 3%	-	82	79	0	3	no	-	-	-	-	uuguguuguguguugugu	cacaacuugacuuaaacu	cacaacuugacuuaaacuuucuuuguguuguguguugugu	scaffold4:1028241..1028281:+	AMP3	scaffold4	1028241..1028281	1028241	1028281	0
809	scaffold4_284961	159.3	90 +/- 2%	-	356	307	48	1	no	-	-	-	-	ugguauaaagucauuuaagug	uuuaaauguaaucagugugag	uuuaaauguaaucagugugaguaucaauguucauauccuaguacuaugaagcaacaucaacuucgacacucugguauaaagucauuuaagug	scaffold4:1193915..1194007:+	HL1	scaffold4	1193915..1194007	1193915	1194007	0
810	scaffold4_499670	29.4	74 +/- 4%	-	97	94	1	2	no	-	-	-	-	ugugacuguccucgcugccg	ucagcggcuaauaaaguca	ugugacuguccucgcugccguaaacccugacuuguuucuuauauuuuuguaguuuuugccuucagcggcuaauaaaguca	scaffold4:1614270..1614350:+	GA2	scaffold4	1614270..1614350	1614270	1614350	0
811	scaffold4_442835	681.0	78 +/- 3%	-	1363	551	779	33	no	-	-	-	-	gugaugcauacaaucgugu	cacguuucaaguuuauuacauuuag	cacguuucaaguuuauuacauuuagaucaaaugcagaguuuugcgauauaauacauuggaagaguugaacauugugugaugcauacaaucgugu	scaffold4:1774112..1774206:+	PL2	scaffold4	1774112..1774206	1774112	1774206	0
812	scaffold4_463182	201.1	48 +/- 4%	-	429	214	208	7	no	-	-	-	-	cgauauaauacauuggaagaguuga	gaacaaaaugguguguaaguugg	cgauauaauacauuggaagaguugaacauugugugaugcauacaaucguguaaacaaaagccuauaaaaucaaauaaaguugaacaaaaugguguguaaguugg	scaffold4:1774155..1774259:+	PH2	scaffold4	1774155..1774259	1774155	1774259	0
813	scaffold4_283278	22.6	89 +/- 2%	-	63	19	27	17	no	-	-	-	-	augacucacgcaugcaaagccaa	ggcuacuugugcugauucuaaug	augacucacgcaugcaaagccaaucgauuucuaaagacucaccacggaggauggcuacuugugcugauucuaaug	scaffold4:1826381..1826456:-	PH3	scaffold4	1826381..1826456	1826381	1826456	0
814	scaffold4_442514	270.5	77 +/- 3%	-	614	613	0	1	no	-	-	-	-	aguaguaguaguaguagu	uaguaguaguaguagugagug	uaguaguaguaguagugaguguaguaguaguaguaguagu	scaffold4:2340239..2340279:-	PDi1	scaffold4	2340239..2340279	2340239	2340279	0
815	scaffold4_488771	77.0	67 +/- 3%	-	170	168	1	1	no	-	-	-	-	ugugaucagugugaguau	ugcuaguagacugaagcaac	ugugaucagugugaguaucaauguucacaugcuaguagacugaagcaac	scaffold4:2517708..2517757:+	PDii1	scaffold4	2517708..2517757	2517708	2517757	0
816	scaffold4_222004	15.6	72 +/- 3%	-	46	42	0	4	no	-	-	-	-	augguauguuacaaagcac	uguagugacaaaaucagguuu	augguauguuacaaagcacagaauuucuacgaugggugggcucagaaaugcccgaaugacucagucuauguagugacaaaaucagguuu	scaffold4:2851519..2851608:+	IST2	scaffold4	2851519..2851608	2851519	2851608	0
817	scaffold4_256620	107.7	72 +/- 3%	-	239	194	0	45	no	-	-	-	-	uucaguagaauuaaagguauc	uuccuaauucuaacugacaug	uuccuaauucuaacugacaugaagaauuuucaguagaauuaaagguauc	scaffold4:3515704..3515753:-	IST2	scaffold4	3515704..3515753	3515704	3515753	0
818	scaffold4_466667	57.0	74 +/- 4%	-	137	132	2	3	no	-	-	-	-	ugugaucagugugaguau	uacacucugguuuuaagccauuuaaa	ugugaucagugugaguauaaauguucaacugcugguaaucugaagcaacaucaaaugauacacucugguuuuaagccauuuaaa	scaffold4:5457643..5457727:+	DI3	scaffold4	5457643..5457727	5457643	5457727	0
819	scaffold4_491915	11.5	72 +/- 3%	-	22	13	1	8	yes	-	-	-	-	ucuagaauacccgagagcucg	gagcaucucggguaagcac	gagcaucucggguaagcaccggcuauacaugaugcacccguuaacuggagucaugaaccaccgucuagaauacccgagagcucg	scaffold4:5498231..5498315:-	SMA1	scaffold4	5498231..5498315	5498231	5498315	0
820	scaffold4_472784	11.1	76 +/- 2%	-	49	47	0	2	no	-	-	-	-	uuaaaugugauauguguagu	uauacacucuggcauuaaacc	uauacacucuggcauuaaaccauuuaaaugugauauguguagu	scaffold4:5678663..5678706:+	PL1	scaffold4	5678663..5678706	5678663	5678706	0
821	scaffold4_466845	56.3	74 +/- 4%	-	136	132	2	2	no	-	-	-	-	ugugaucagugugaguau	uacacucugguuuuaagcuauuuaaa	ugugaucagugugaguauaaauguucaacugcugguaaucugaagcaacaucaaaugauacacucugguuuuaagcuauuuaaa	scaffold4:5715559..5715643:+	DI3	scaffold4	5715559..5715643	5715559	5715643	0
822	scaffold4_322341	198.6	67 +/- 3%	-	409	408	0	1	no	-	-	-	-	gcagccaaaccccgauugucu	cgcaaaucuaggugugguag	cgcaaaucuaggugugguaguucagaauuuaucaacacgcaccauugggcgucguguaaacuagcagccaaaccccgauugucu	scaffold4:5943909..5943993:-	IST3	scaffold4	5943909..5943993	5943909	5943993	0
823	scaffold4_598688	12.9	70 +/- 4%	-	32	15	16	1	yes	-	-	-	-	ucaauguucaacugcugg	uaguaauuugaagugacau	uaguaauuugaagugacaucaacuuagacacucuggcauaaagccauuuaaaugugauaagugugagcaucaauguucaacugcugg	scaffold4:6017164..6017251:-	EC2	scaffold4	6017164..6017251	6017164	6017251	0
824	scaffold4_397929	10.1	60 +/- 3%	-	43	42	0	1	no	-	-	-	-	caaucuuugcauaaaugaacu	guucauguauagaacuuucc	guucauguauagaacuuucccgcaaucuuugcauaaaugaacu	scaffold4:6310768..6310811:-	AMP1	scaffold4	6310768..6310811	6310768	6310811	0
825	scaffold4_465582	396.5	48 +/- 4%	-	804	803	0	1	no	-	-	-	-	ucaaaagccgacuuauuacaauaug	uaagguaauuucguuuuguaa	uaagguaauuucguuuuguaauucaaaagccgacuuauuacaauaug	scaffold4:7185391..7185438:+	PH2	scaffold4	7185391..7185438	7185391	7185438	0
826	scaffold4_358609	64.8	73 +/- 3%	-	202	152	7	43	no	-	-	-	-	guuucgccauguauuuagucu	guuuaaauucuguaagcgaug	guuucgccauguauuuagucuuuuguuguaucccauauuauuuuguucuuuuagcaaauuauuuuuuaacaaauguuuaaauucuguaagcgaug	scaffold4:7841723..7841818:-	SMA3	scaffold4	7841723..7841818	7841723	7841818	0
827	scaffold4_466329	19.0	48 +/- 4%	-	67	66	0	1	no	-	-	-	-	ugacuucauuguuggaug	uacuaaaugauaaaguucau	uacuaaaugauaaaguucauguagcaaauuucaucuacaguugaaugagcaaugauaauauucuucaugacuucauuguuggaug	scaffold4:8842675..8842760:+	PH2	scaffold4	8842675..8842760	8842675	8842760	0
828	scaffold4_537914	118.8	48 +/- 4%	-	260	255	4	1	no	-	-	-	-	uguaguuaugaaucuucaug	ugaaaagucauaaguuuuc	ugaaaagucauaaguuuucaaagcauugugguauaaggccauuuaaaugugauaaauguaguuaugaaucuucaug	scaffold4:9278220..9278296:-	PH2	scaffold4	9278220..9278296	9278220	9278296	0
829	scaffold4_537975	109.9	48 +/- 4%	-	256	255	0	1	no	-	-	-	-	uguaguuaugaaucuucaug	ugaaaacucauaagcuuucaaa	uguaguuaugaaucuucaugguuugggaaucugaaaacucauaagcuuucaaa	scaffold4:9445051..9445104:-	PH2	scaffold4	9445051..9445104	9445051	9445104	0
830	scaffold4_319805	2133.5	79 +/- 3%	-	4190	3411	0	779	yes	-	-	-	-	uuucauugauguauacuuugg	uuguguguaucuuugaauaacc	uuguguguaucuuugaauaaccuuauaugguuuuucauugauguauacuuugg	scaffold4:10235846..10235899:-	SMA2	scaffold4	10235846..10235899	10235846	10235899	0
831	scaffold4_538373	31.8	48 +/- 4%	-	108	103	0	5	no	-	-	-	-	ucuauugauuuugauaagaaaaaag	uuuuucaaaaugaucaguu	uuuuucaaaaugaucaguuuucaauaacuuuuuacacuuuucuauugauuuugauaagaaaaaag	scaffold4:10439714..10439779:-	PH2	scaffold4	10439714..10439779	10439714	10439779	0
832	scaffold4_346244	1.4	70 +/- 2%	-	427	416	0	11	yes	-	-	-	-	ugagcugagauguggcacuca	auacacugagcuaggauaggg	auacacugagcuaggauaggguacacauaaaccguaucaauugagcugagauguggcacuca	scaffold4:11247811..11247873:+	AMP1	scaffold4	11247811..11247873	11247811	11247873	0
833	scaffold4_285624	31.5	89 +/- 2%	-	63	60	0	3	yes	-	-	-	-	uaguaauucaguuuuagagaga	cgcucuuaaggugauuugcuugc	uaguaauucaguuuuagagagagauuuuguucucgcucuuaaggugauuugcuugc	scaffold4:11376993..11377049:-	PH3	scaffold4	11376993..11377049	11376993	11377049	0
834	scaffold4_445998	105.3	77 +/- 3%	-	208	205	0	3	yes	-	-	-	-	cauggaaguagagugacagcggg	cgcuucuggaaccguucca	cauggaaguagagugacagcgggagaguggagaauuugaagaguguuuuuguauggcaaggaagagauccauuugaaagcccgcuucuggaaccguucca	scaffold4:11377690..11377790:-	PDi1	scaffold4	11377690..11377790	11377690	11377790	0
835	scaffold4_505555	10.6	74 +/- 4%	-	23	22	0	1	yes	-	-	-	-	cauauauauauauauauaua	auauauauauauauauagggu	cauauauauauauauauauauauauauauauauauauauauauauagggu	scaffold4:11781662..11781712:+	GA2	scaffold4	11781662..11781712	11781662	11781712	0
836	scaffold4_400440	16.2	60 +/- 3%	-	101	100	0	1	no	-	-	-	-	ccuuguagaaauuuuguuuu	uucgaguuuuuuuaaauacug	ccuuguagaaauuuuguuuuauucuuuucuuugggaauauucgaguuuuuuuaaauacug	scaffold4:12215332..12215392:-	AMP1	scaffold4	12215332..12215392	12215332	12215392	0
837	scaffold4_324133	242.0	58 +/- 3%	-	507	459	1	47	no	-	-	-	-	uaguuggaaaugcuagucagc	cuaagguuugguuauccaacc	cuaagguuugguuauccaaccauuuguugagaguuaauuaucuaauacauuuaguuggaaaugcuagucagc	scaffold4:12302831..12302903:+	AMP3	scaffold4	12302831..12302903	12302831	12302903	0
838	scaffold4_324248	180.4	67 +/- 3%	-	382	381	0	1	no	-	-	-	-	uuccuaauucuaacugacaug	uuucaguagaacuaaagguauc	uuccuaauucuaacugacaugaauuaaaaauuucaguagaacuaaagguauc	scaffold4:12430087..12430139:-	IST3	scaffold4	12430087..12430139	12430087	12430139	0
839	scaffold4_347228	272.3	60 +/- 3%	-	591	590	0	1	no	-	-	-	-	uguguguguguaugugugug	uaaauguguuuagcauguuug	uguguguguguaugugugugugugggucuauguguguggugagcucaguguaaaaaccaguaaauguguuuagcauguuug	scaffold4:12790006..12790087:+	AMP1	scaffold4	12790006..12790087	12790006	12790087	0
840	scaffold4_400655	272.3	60 +/- 3%	-	591	590	0	1	no	-	-	-	-	uguguguguguaugugugug	uaaauguguuuagcauguuug	uguguguguguaugugugugugugggucuauguguguggugagcucaguguaaaaaccaguaaauguguuuagcauguuug	scaffold4:12807623..12807704:-	AMP1	scaffold4	12807623..12807704	12807623	12807704	0
841	scaffold4_468735	61.5	48 +/- 4%	-	132	126	0	6	yes	-	-	-	-	uaucaaugagauuauuacaaag	uugaaugcuuugauuaaguug	uugaaugcuuugauuaaguugguggcuuuaaaaaaagccgauuuaucaaugagauuauuacaaag	scaffold4:12832045..12832110:+	PH2	scaffold4	12832045..12832110	12832045	12832110	0
842	scaffold4_338006	80.3	86 +/- 2%	-	179	178	0	1	no	-	-	-	-	ucaaagauuucuugaagcucg	ggaaaagaaagcaauugc	ucaaagauuucuugaagcucggcgacggggaaaagaaagcaauugc	scaffold4:14241210..14241256:+	PH1	scaffold4	14241210..14241256	14241210	14241256	0
843	scaffold4_471950	29.2	74 +/- 4%	-	87	19	59	9	yes	-	-	-	-	cucucugauuccauccuacu	agggaccccucagguugcu	cucucugauuccauccuacuucuuguauaucuucuuuccuucacucucaguucuuaucuucuucaacuccuuagugaccucuaguagggaccccucagguugcu	scaffold4:14606606..14606710:+	DI3	scaffold4	14606606..14606710	14606606	14606710	0
844	scaffold4_481583	24.9	76 +/- 3%	-	93	91	0	2	no	-	-	-	-	caguuuucgaucagagugag	ucaugacuguaauaagaaca	ucaugacuguaauaagaacagauaugugugagugcaaggaacaagauaaauuuaaaaucgccagcaguuuucgaucagagugag	scaffold4:15075625..15075709:-	PDi3	scaffold4	15075625..15075709	15075625	15075709	0
845	scaffold4_481603	24.9	76 +/- 3%	-	93	91	0	2	no	-	-	-	-	caguuuucgaucagagugag	ucaugacuguaauaagaaca	ucaugacuguaauaagaacagauaugugugagugcaaggaacaagauaaauuuaaaaucgccagcaguuuucgaucagagugag	scaffold4:15083199..15083283:-	PDi3	scaffold4	15083199..15083283	15083199	15083283	0
846	scaffold4_481623	24.9	76 +/- 3%	-	93	91	0	2	no	-	-	-	-	caguuuucgaucagagugag	ucaugacuguaauaagaaca	ucaugacuguaauaagaacagauaugugugagugcaaggaacaagauaaauuuaaaaucgccagcaguuuucgaucagagugag	scaffold4:15091143..15091227:-	PDi3	scaffold4	15091143..15091227	15091143	15091227	0
847	scaffold4_481641	24.9	76 +/- 3%	-	93	91	0	2	no	-	-	-	-	caguuuucgaucagagugag	ucaugacuguaauaagaaca	ucaugacuguaauaagaacagauaugugugagugcaaggaacaagauaaauuuaaaaucgccagcaguuuucgaucagagugag	scaffold4:15097504..15097588:-	PDi3	scaffold4	15097504..15097588	15097504	15097588	0
848	scaffold4_481651	24.9	76 +/- 3%	-	93	91	0	2	no	-	-	-	-	caguuuucgaucagagugag	ucaugacuguaauaagaaca	ucaugacuguaauaagaacagauaugugugagugcaaggaacaagauaaauuuaaaaucgccagcaguuuucgaucagagugag	scaffold4:15102749..15102833:-	PDi3	scaffold4	15102749..15102833	15102749	15102833	0
849	scaffold4_325435	174.8	58 +/- 3%	-	373	372	0	1	no	-	-	-	-	ugugauaaaugugauuau	uaguucacuaaaagcacaucaguu	ugugauaaaugugauuaugaauguucacaucuuaguucacuaaaagcacaucaguu	scaffold4:15237577..15237633:+	AMP3	scaffold4	15237577..15237633	15237577	15237633	0
850	scaffold4_348538	15.8	60 +/- 3%	-	61	60	0	1	no	-	-	-	-	ugugauaaaugcgaauauga	uucauucucuuaaaucacaucagc	ugugauaaaugcgaauaugaguguucccggcuucauucucuuaaaucacaucagc	scaffold4:15341385..15341440:+	AMP1	scaffold4	15341385..15341440	15341385	15341440	0
851	scaffold4_249549	23.2	89 +/- 2%	-	63	19	27	17	no	-	-	-	-	augacucacgcaugcaaagccaa	ggcuacuugugcugauucuaaug	augacucacgcaugcaaagccaaucgauuucuaaagacucaccacggaggauggcuacuugugcugauucuaaug	scaffold4:16669608..16669683:+	PH3	scaffold4	16669608..16669683	16669608	16669683	0
852	scaffold4_482592	29.6	76 +/- 3%	-	62	58	1	3	yes	-	-	-	-	ugaugaugaugaugaugaugaug	gaugaugaugaugaugaug	ugaugaugaugaugaugaugaugaugaugaugaugaugaugaugaugaugaugaugaugacgaugaugacgaugaugaugaugaugaug	scaffold4:16882040..16882129:-	PDi3	scaffold4	16882040..16882129	16882040	16882129	0
853	scaffold4_515342	16.8	72 +/- 3%	-	50	45	0	5	no	-	-	-	-	aucauggaaaugcugcuuuccu	ucagcuuuuagcuaccuuucag	aucauggaaaugcugcuuuccugguugcaaagggagcauucuuuguaccacuucagcuuuuagcuaccuuucag	scaffold4:16927869..16927943:+	PDii2	scaffold4	16927869..16927943	16927869	16927943	0
854	scaffold4_541749	16.9	48 +/- 4%	-	44	37	2	5	no	-	-	-	-	ucuucuucucaaguaaguug	uauuagauaagaggaggag	ucuucuucucaaguaaguuggauaaguuuaauaaaccauuguuuuggugaaagcaccauauuagauaagaggaggag	scaffold4:17270607..17270684:-	PH2	scaffold4	17270607..17270684	17270607	17270684	0
855	scaffold4_594655	10.4	72 +/- 3%	-	42	41	0	1	no	-	-	-	-	gaaucuagagagaacuaugcca	ucauauuguagaaucacuguguu	ucauauuguagaaucacuguguugaaucuagagagaacuaugcca	scaffold4:17422289..17422334:-	PDii2	scaffold4	17422289..17422334	17422289	17422334	0
856	scaffold4_402522	13985.5	60 +/- 3%	-	27439	27436	0	3	yes	-	-	-	-	uucuucauugauguaugcuuug	uaguguauauccuuuaagaacc	uaguguauauccuuuaagaaccuuauuaugguucuucauugauguaugcuuug	scaffold4:17639467..17639520:-	AMP1	scaffold4	17639467..17639520	17639467	17639520	0
857	scaffold4_581774	16.1	70 +/- 3%	-	46	17	13	16	no	-	-	-	-	ugaaagauuuucuguggcgagccg	cggcucguugacaagucugau	ugaaagauuuucuguggcgagccgaggcgaacuuacucaaaauuuaaacgagcagagccgagcuuagaaauugcggcucguugacaagucugau	scaffold4:18176793..18176887:+	DI2	scaffold4	18176793..18176887	18176793	18176887	0
858	scaffold4_542540	55.4	48 +/- 4%	-	115	77	3	35	no	-	-	-	-	cgaguccugcgguggucgau	guggccgccuggcucaauug	guggccgccuggcucaauuggauagagcaccugacuacggaucaggaggcugcagguucgaguccugcgguggucgau	scaffold4:18392706..18392784:-	PH2	scaffold4	18392706..18392784	18392706	18392784	0
859	scaffold4_542566	22.1	48 +/- 4%	-	50	35	14	1	no	-	-	-	-	guggccgccuggcucaauug	guucgaguccucgguggucaauuu	guggccgccuggcucaauuggauagagcaccugacuacggaucaggagguugcagguucgaguccucgguggucaauuu	scaffold4:18419770..18419849:-	PH2	scaffold4	18419770..18419849	18419770	18419849	0
860	scaffold4_542568	21.9	48 +/- 4%	-	50	35	14	1	no	-	-	-	-	guggccgccuggcucaauug	guucgaguccucgguggucaauuu	guggccgccuggcucaauuggauagagcaccugacuacggaucaggagguugcagguucgaguccucgguggucaauuu	scaffold4:18421331..18421410:-	PH2	scaffold4	18421331..18421410	18421331	18421410	0
861	scaffold4_519812	66.3	78 +/- 3%	-	137	121	1	15	no	-	-	-	-	cgaguccugcgguggucgau	guggccgccuggcucaauug	guggccgccuggcucaauuguauagagcaccugacuacggaucaggagguuucagguucgaguccugcgguggucgau	scaffold4:18426099..18426177:-	PL2	scaffold4	18426099..18426177	18426099	18426177	0
862	scaffold4_519839	18.4	78 +/- 3%	-	47	46	0	1	no	-	-	-	-	uccugcgguggucgauuuuu	uggauggagcaccugacu	uggauggagcaccugacuacggaucaauagguugcagguucguguccugcgguggucgauuuuu	scaffold4:18466773..18466837:-	PL2	scaffold4	18466773..18466837	18466773	18466837	0
863	scaffold4_519985	10.9	78 +/- 3%	-	18	16	0	2	yes	-	-	-	-	ucagacuugucaacgagccg	ggcucguugacaagucug	ucagacuugucaacgagccgagauuaaaaauuucggcucguugacaagucug	scaffold4:18767085..18767137:-	PL2	scaffold4	18767085..18767137	18767085	18767137	0
864	scaffold4_499261	12.3	72 +/- 3%	-	50	49	0	1	no	-	-	-	-	uuucugcguuucgaaaggaau	uuauuuaacguuuuaauaua	uuauuuaacguuuuaauauauggaaauggugcgaguucacccaauguaauuucugcguuucgaaaggaau	scaffold4:19766678..19766748:-	SMA1	scaffold4	19766678..19766748	19766678	19766748	0
865	scaffold4_363308	0.9	70 +/- 2%	-	106	103	0	3	yes	-	-	-	-	uguuccaggucgauguggacu	accaucaccaauaggaauug	accaucaccaauaggaauugauaccccucgcugucuuucgagagcuguuccaggucgauguggacu	scaffold4:20908617..20908683:-	SMA3	scaffold4	20908617..20908683	20908617	20908683	0
866	scaffold4_500112	179.3	67 +/- 3%	-	384	202	181	1	no	-	-	-	-	guggcagauauugaaaaaug	guuuuugcaauggccaccaagu	guuuuugcaauggccaccaaguucggcugaucuuucuccaaucgaaaacguguggcagauauugaaaaaug	scaffold4:21764397..21764468:+	PDii1	scaffold4	21764397..21764468	21764397	21764468	0
867	scaffold4_357355	18894.3	87 +/- 2%	-	37068	32769	0	4299	yes	-	-	-	-	uuucauugauguaugcuuugg	uaguguguaucuuugaagaa	uaguguguaucuuugaagaaccuuaaauguuuuuucauugauguaugcuuugg	scaffold4:21842945..21842998:+	HL2	scaffold4	21842945..21842998	21842945	21842998	0
868	scaffold4_351277	49.3	60 +/- 3%	-	139	122	16	1	no	-	-	-	-	uauuaaacggguuaucuucauc	ugagcauuuuucuuugau	ugagcauuuuucuuugauucuucuugacucuuuguuuggaaaacaaacaagauaugaucaaugaaauuauuaaacggguuaucuucauc	scaffold4:22184237..22184326:+	AMP1	scaffold4	22184237..22184326	22184237	22184326	0
869	scaffold4_555593	23.5	76 +/- 2%	-	67	66	0	1	no	-	-	-	-	ugaugaugaugaugaugaugaug	ugaugaugauaaugaugaugaug	ugaugaugauaaugaugaugaugaugaugaugaugaugaugaugaugaug	scaffold4:22497188..22497238:-	PL1	scaffold4	22497188..22497238	22497188	22497238	0
870	scaffold4_584915	82.0	70 +/- 3%	-	169	82	84	3	no	-	-	-	-	gggaacuugagaugcuugagg	caaagcacucuccuucuuacuccua	caaagcacucuccuucuuacuccuacgaggcgugaugguacccacacuaacguacgcgugugaaaccugggcagaaucuuggagggaacuugagaugcuugagg	scaffold4:22756486..22756590:+	DI2	scaffold4	22756486..22756590	22756486	22756590	0
871	scaffold4_576361	50.4	67 +/- 3%	-	117	77	22	18	no	-	-	-	-	gggaagaaugguacacug	agugguaugagcacaagcc	gggaagaaugguacacuggaguuuuagcaggcagcauggguuagaagcaggagagcagugguaugagcacaagcc	scaffold4:23052011..23052086:-	PDii1	scaffold4	23052011..23052086	23052011	23052086	0
872	scaffold4_378941	81.5	58 +/- 3%	-	224	211	0	13	no	-	-	-	-	uacaauaguuuuaaucguauu	auuugaagagaaguaccugu	uacaauaguuuuaaucguauuuauaguaauuugaagagaaguaccugu	scaffold4:23493271..23493319:-	AMP3	scaffold4	23493271..23493319	23493271	23493319	0
873	scaffold4_470939	10.1	76 +/- 4%	-	35	24	0	11	no	-	-	-	-	caucgucagaauguuuccuuuug	caggaagauaccauuuauggcg	caggaagauaccauuuauggcgauacgaagaaauuaaacaucgucagaauguuuccuuuug	scaffold4:24556336..24556397:+	EC3	scaffold4	24556336..24556397	24556336	24556397	0
874	scaffold4_482389	11.1	76 +/- 4%	-	22	5	0	17	yes	-	-	-	-	uagucaaguuuuucguugcggga	ugaaaacguugaaccugc	ugaaaacguugaaccugcuguacuugaaggcgguaaacaucaauucgccauagucaaguuuuucguugcggga	scaffold4:24607101..24607174:-	GA1	scaffold4	24607101..24607174	24607101	24607174	0
875	scaffold4_557579	2155.6	76 +/- 2%	-	4252	3197	0	1055	no	-	-	-	-	uuucauugauguacgcuuugg	uaaguauguaucuuugaaaaa	uaaguauguaucuuugaaaaaugcaauuauuuuucauugauguacgcuuugg	scaffold4:25023977..25024029:-	PL1	scaffold4	25023977..25024029	25023977	25024029	0
876	scaffold4_358918	335.2	87 +/- 2%	-	654	648	0	6	yes	-	-	-	-	caucaaaagguucucgucug	agacgagcaucuuuuugacgu	agacgagcaucuuuuugacguauaucaaaugauauacaucaaaagguucucgucug	scaffold4:25396402..25396458:+	HL2	scaffold4	25396402..25396458	25396402	25396458	0
877	scaffold4_324917	12.7	79 +/- 3%	-	22	21	0	1	yes	-	-	-	-	uggguaguucucauggcugc	ugucaugaaaacuacccacu	uggguaguucucauggcugccaucagaaaucaaaguaaacaaauuuuaaaauugucaugaaaacuacccacu	scaffold4:25466775..25466847:-	SMA2	scaffold4	25466775..25466847	25466775	25466847	0
878	scaffold4_547530	1.7	56 +/- 3%	-	152	151	0	1	yes	-	-	-	-	uggauaugaauucguuguaug	augacaaugaauuuacccauug	uggauaugaauucguuguauggggguacaaugacaaugaauuuacccauug	scaffold4:26718623..26718674:-	PH2	scaffold4	26718623..26718674	26718623	26718674	0
879	scaffold4_476150	1302.0	48 +/- 4%	-	2562	2536	0	26	no	-	-	-	-	uugacgucaucaucuucccg	ucguggugauuggacgug	ucguggugauuggacgugguuccauugacgucaucaucuucccg	scaffold4:27194894..27194938:+	PH2	scaffold4	27194894..27194938	27194894	27194938	0
880	scaffold4_476156	1302.0	48 +/- 4%	-	2562	2536	0	26	no	-	-	-	-	uugacgucaucaucuucccg	ucguggugauuggacgug	ucguggugauuggacgugguuccauugacgucaucaucuucccg	scaffold4:27200051..27200095:+	PH2	scaffold4	27200051..27200095	27200051	27200095	0
881	scaffold4_472378	734.5	76 +/- 4%	-	1452	1451	0	1	no	-	-	-	-	guccugucacggucgcca	gguggcugguaagacuua	guccugucacggucgccauguagaaucgguggcugguaagacuua	scaffold4:27329265..27329310:+	EC3	scaffold4	27329265..27329310	27329265	27329310	0
882	scaffold4_414057	25.3	87 +/- 2%	-	62	54	1	7	no	-	-	-	-	ggcuaucucaaggaugug	gcuucauugaaugaccugaagg	ggcuaucucaaggauguggucuaucguaacggcaugcccgcuucauugaaugaccugaagg	scaffold4:27341229..27341290:-	HL2	scaffold4	27341229..27341290	27341229	27341290	0
883	scaffold4_476481	55.4	48 +/- 4%	-	124	118	0	6	no	-	-	-	-	uacagugucugaagauag	uaggcauuggcagagcauuuug	uaggcauuggcagagcauuuugguuaauagcguuaagggaacggcaaauuacagugucugaagauag	scaffold4:27361424..27361491:+	PH2	scaffold4	27361424..27361491	27361424	27361491	0
884	scaffold4_488324	152.5	76 +/- 3%	-	330	276	47	7	no	-	-	-	-	uucuucggaauggaaacguugaaa	uacuucguaauuauuugaaaacac	uacuucguaauuauuugaaaacacuuagcaaacaaauuguuuugcuuugcaaaguuucuacuugaguucuucggaauggaaacguugaaa	scaffold4:27800143..27800233:-	PDi3	scaffold4	27800143..27800233	27800143	27800233	0
885	scaffold4_380876	244.8	58 +/- 3%	-	519	408	0	111	no	-	-	-	-	aaagacguugguaagcuaaac	ucacuuauagaaauguucuu	ucacuuauagaaauguucuuucaaaauuaaccauagaaagacguugguaagcuaaac	scaffold4:28106523..28106580:-	AMP3	scaffold4	28106523..28106580	28106523	28106580	0
886	scaffold4_253117	10.9	89 +/- 2%	-	19	9	0	10	yes	-	-	-	-	gauuuccuugugaucgucaca	ugugacgaucacgaagaaauc	ugugacgaucacgaagaaaucgugcgcguucgauuuccuugugaucgucaca	scaffold4:29195057..29195109:+	PH3	scaffold4	29195057..29195109	29195057	29195109	0
887	scaffold4_613996	40.8	70 +/- 4%	-	90	88	1	1	no	-	-	-	-	uacauggcgaccgugacaggac	ucucuuucggugguuuggagu	uacauggcgaccgugacaggacacugacgugauaacaacauaauauuuugguagucucuuucggugguuuggagu	scaffold4:30327815..30327890:-	EC2	scaffold4	30327815..30327890	30327815	30327890	0
888	scaffold4_505433	12.7	72 +/- 3%	-	26	19	1	6	yes	-	-	-	-	cucauuguguugggaaaugcu	auuucaagaucuaugugcacu	auuucaagaucuaugugcacuaucucauuggguugcgucgcgaugauuuuuuccaguggagcucauuguguugggaaaugcu	scaffold4:31586926..31587008:-	SMA1	scaffold4	31586926..31587008	31586926	31587008	0
889	scaffold4_481820	71.9	69 +/- 3%	-	198	179	16	3	no	-	-	-	-	uaucauggaauugcugcga	cuaaugaauuuaacgugucu	cuaaugaauuuaacgugucucaaccuauacacauuuucaaguuuacaugcuuagaacaauaguggugcauaucauggaauugcugcga	scaffold4:32544408..32544496:+	PDii3	scaffold4	32544408..32544496	32544408	32544496	0
890	scaffold4_355620	195.5	60 +/- 3%	-	389	357	0	32	yes	-	-	-	-	ugcuaguucaaggaagauguu	cauuggagaaggcaagcagag	ugcuaguucaaggaagauguugaagaagcaaguggagacauuggagaaggcaagcagag	scaffold4:33237629..33237688:+	AMP1	scaffold4	33237629..33237688	33237629	33237688	0
891	scaffold4_574811	12.9	75 +/- 2%	-	23	19	0	4	yes	-	-	-	-	ccggauguauucauuaacugc	guuaaugaauacauccaag	ccggauguauucauuaacugcagccacaguaugcaguuaaugaauacauccaag	scaffold4:33750729..33750783:-	PL3	scaffold4	33750729..33750783	33750729	33750783	0
892	scaffold4_383237	23.2	58 +/- 3%	-	42	40	0	2	yes	-	-	-	-	caauuacagguuuuacgguau	uaccguaaagccuguaauuga	uaccguaaagccuguaauugaaugccacugccuuuuauuuuucaaccuccuugcuaggguggccuucaauuacagguuuuacgguau	scaffold4:35418689..35418776:-	AMP3	scaffold4	35418689..35418776	35418689	35418776	0
893	scaffold4_549093	22.6	76 +/- 4%	-	45	40	0	5	yes	-	-	-	-	cauauauauauauauauaua	uauauauauauauauauugg	cauauauauauauauauauauauauauauauauauauauauauauugg	scaffold4:37077867..37077915:-	EC3	scaffold4	37077867..37077915	37077867	37077915	0
894	scaffold4_594999	14.3	70 +/- 3%	-	47	42	3	2	no	-	-	-	-	ugguuaggauucguggcucu	aguaauguuuuuuucaacc	aguaauguuuuuuucaaccuguucgcuuuauaaauuauuugaaaaauuucaaauaauguccaaaguggucuagugguuaggauucguggcucu	scaffold4:39469694..39469787:+	DI2	scaffold4	39469694..39469787	39469694	39469787	0
895	scaffold4_585029	15.4	67 +/- 3%	-	44	42	1	1	no	-	-	-	-	uggaucccuuuuugucaaaucgca	uaguuucacgaaaaacuucugg	uggaucccuuuuugucaaaucgcaaaugagucauuauugcuuugaagcgaucccugcucauaguuucacgaaaaacuucugg	scaffold4:39612561..39612643:-	PDii1	scaffold4	39612561..39612643	39612561	39612643	0
896	scaffold4_351059	17.1	87 +/- 2%	-	52	48	2	2	no	-	-	-	-	gggcccuaguggccaagggg	cgcgaggacccggguucg	gggcccuaguggccaagggguaaacggcuagacugggaccgcgaggacccggguucg	scaffold4:39728558..39728615:+	HL3	scaffold4	39728558..39728615	39728558	39728615	0
897	scaffold4_291039	33.0	67 +/- 3%	-	68	66	0	2	yes	-	-	-	-	uguguguguauguguguguuu	aauauauauauauauauaua	aauauauauauauauauauauauauauauauguguguguauguguguguuu	scaffold4:39800493..39800544:+	IST3	scaffold4	39800493..39800544	39800493	39800544	0
898	scaffold4_530321	102.7	78 +/- 3%	-	218	217	0	1	no	-	-	-	-	aucggauuugugcauuauugcu	acaauagugugccacuuucg	aucggauuugugcauuauugcucuucaucacaauagugugccacuuucg	scaffold4:40031667..40031716:-	PL2	scaffold4	40031667..40031716	40031667	40031716	0
899	scaffold4_554161	344.8	48 +/- 4%	-	703	679	0	24	no	-	-	-	-	uggauguuacucguuuacgacag	uaauuaagcguuugaucauuug	uaauuaagcguuugaucauuugauuaguucuuuuggauguuacucguuuacgacag	scaffold4:40624465..40624521:-	PH2	scaffold4	40624465..40624521	40624465	40624521	0
900	scaffold4_294235	34.2	89 +/- 2%	-	80	78	0	2	no	-	-	-	-	ucacaguuguuauaggagaauucag	gagucuccuauuacaagucc	ucacaguuguuauaggagaauucagggaaggauugggccugcucuuguuagauuagagucuccuauuacaagucc	scaffold4:41067463..41067538:-	PH3	scaffold4	41067463..41067538	41067463	41067538	0
901	scaffold4_385861	28.4	58 +/- 3%	-	55	54	0	1	yes	-	-	-	-	uaguguguaucuuugaaaaa	guucauugaugcauacuuua	uaguguguaucuuugaaaaacuuucuauuguuguucauugaugcauacuuua	scaffold4:41127797..41127849:-	AMP3	scaffold4	41127797..41127849	41127797	41127849	0
902	scaffold4_555245	10.8	48 +/- 4%	-	46	45	0	1	no	-	-	-	-	ugucaauguacuuucucaag	ugagagcauuuucuaacagug	ugucaauguacuuucucaaggagcgaauaauaaauagccucugagagcauuuucuaacagug	scaffold4:41131539..41131601:-	PH2	scaffold4	41131539..41131601	41131539	41131601	0
903	scaffold4_467145	11.3	75 +/- 3%	-	39	37	0	2	no	-	-	-	-	ugugaaagaaguuucaguguug	acgcaaucgacuuuugccuaugca	ugugaaagaaguuucaguguugcgaagaacauuaagucaccacaacgcaaucgacuuuugccuaugca	scaffold4:41179338..41179406:+	PDi2	scaffold4	41179338..41179406	41179338	41179406	0
904	scaffold4_622744	33.6	70 +/- 4%	-	94	93	0	1	no	-	-	-	-	ugaagucccgagguaaugaagagg	cucaucaucuaaggaaauagaca	cucaucaucuaaggaaauagacauauuaagauacaacaaaaauauacccuugucuuuugugaaccuuugaagucccgagguaaugaagagg	scaffold4:41404546..41404637:-	EC2	scaffold4	41404546..41404637	41404546	41404637	0
905	scaffold4_298325	54.4	90 +/- 2%	-	136	77	3	56	no	-	-	-	-	cuaucagagugaaaguagcag	uaacuugucaagcagaaug	uaacuugucaagcagaauggaaugagagaggugaucaaaugcuuuugagaugucaagaaggauaauacaaccaggaacauuacuaucagagugaaaguagcag	scaffold4:41631246..41631349:+	HL1	scaffold4	41631246..41631349	41631246	41631349	0
906	scaffold4_523208	479.9	74 +/- 4%	-	940	938	0	2	yes	-	-	-	-	gugugugugucgugugug	guacguacguacccgcgcgu	gugugugugucgugugugugcguucguacguacguacguacccgcgcgu	scaffold4:41930069..41930118:+	GA2	scaffold4	41930069..41930118	41930069	41930118	0
907	scaffold4_554914	39.8	76 +/- 4%	-	80	34	27	19	yes	-	-	-	-	uguuaaucuauuguaauuuuccaga	uggaauaacgauuacuugauu	uggaauaacgauuacuugauuuuagcuggaugcuaucaccgucaauacguuguucuugguagcaaucugguguuaaucuauuguaauuuuccaga	scaffold4:42036285..42036380:-	EC3	scaffold4	42036285..42036380	42036285	42036380	0
908	scaffold4_400533	68.7	77 +/- 3%	-	203	199	1	3	no	-	-	-	-	uggguuguauacauuuggugac	uuaccaacuuuuauaugg	uuaccaacuuuuauauggcuaacuuuucuuuacacucucuuuugguuuauuugauuuuuuggguuguauacauuuggugac	scaffold4:42880156..42880237:+	PDi1	scaffold4	42880156..42880237	42880156	42880237	0
909	scaffold4_323868	23.1	68 +/- 3%	-	80	53	26	1	no	-	-	-	-	ucucaucucuauaaauaugcu	gccauugaugaaguugaaug	gccauugaugaaguugaaugaagucugccucaauaucaguaaacauggcaggacacaucucaucucuauaaauaugcu	scaffold4:43796975..43797053:-	IST1	scaffold4	43796975..43797053	43796975	43797053	0
910	scaffold4_559418	36.1	48 +/- 4%	-	90	88	1	1	no	-	-	-	-	ugggcagaaugaaauacg	ugaucacuucugcaagag	ugggcagaaugaaauacggagugcagcugaaaccgugaucacuucugcaagag	scaffold4:43808439..43808492:-	PH2	scaffold4	43808439..43808492	43808439	43808492	0
911	scaffold4_559483	71.2	48 +/- 4%	-	153	147	5	1	no	-	-	-	-	ugauuaguggacaaugug	uuuggccaauuaacucaauucuuu	uuuggccaauuaacucaauucuuuugaagguuuccaagcagcuccugggacuugaagaaauugauuaguggacaaugug	scaffold4:43816305..43816384:-	PH2	scaffold4	43816305..43816384	43816305	43816384	0
912	scaffold4_540113	311.9	75 +/- 3%	-	663	660	0	3	no	-	-	-	-	uaguguauaucuuugaagaa	uuucauuaauguaugcaaggg	uaguguauaucuuugaagaaauuuauaugguuuucauuaauguaugcaaggg	scaffold4:43878094..43878146:-	PDi2	scaffold4	43878094..43878146	43878094	43878146	0
913	scaffold4_559723	37.8	48 +/- 4%	-	96	95	0	1	no	-	-	-	-	uggaacugcggaugaugcug	guuucaauguugucuuccug	uggaacugcggaugaugcugggcucauaauugcaucaguuucaauguugucuuccug	scaffold4:43963869..43963926:-	PH2	scaffold4	43963869..43963926	43963869	43963926	0
914	scaffold4_584266	10.6	75 +/- 2%	-	34	33	0	1	no	-	-	-	-	ucgacuguuggagcgugucucauu	uugacgauucuuuccaacauucc	ucgacuguuggagcgugucucauuauuguuuaaaguuuuugacgauucuuuccaacauucc	scaffold4:43971407..43971468:-	PL3	scaffold4	43971407..43971468	43971407	43971468	0
915	scaffold4_414075	33.0	67 +/- 3%	-	82	78	0	4	no	-	-	-	-	uucuagacucucaucugu	ugacaguguagcaaguauauu	ugacaguguagcaaguauauuuucuagacucucaucugu	scaffold4:44026868..44026907:-	AMP2	scaffold4	44026868..44026907	44026868	44026907	0
916	scaffold4_498694	56.5	76 +/- 3%	-	147	141	2	4	no	-	-	-	-	uguauucucuuuguguuc	ugacugguaguuguauuguu	ugacugguaguuguauuguuuguaaauauuguaaauauuguauauauaaagcugaaagcauuguguaaauagaaauaguuuaaacuguauucucuuuguguuc	scaffold4:44069486..44069589:-	PDi3	scaffold4	44069486..44069589	44069486	44069589	0
917	scaffold4_541798	19.3	70 +/- 4%	-	50	49	0	1	yes	-	-	-	-	cauauauauauauauauaua	uauauauauauauauaauuugag	cauauauauauauauauauauauauauauauauauauauaauuugag	scaffold4:44208494..44208541:+	EC2	scaffold4	44208494..44208541	44208494	44208541	0
918	scaffold4_560422	83.3	48 +/- 4%	-	183	182	0	1	no	-	-	-	-	ugcucaaauucauaucuuguacgag	gcuguuagaauggaugugucagu	ugcucaaauucauaucuuguacgaggugggguacaauuaucucgcuauagcuguuagaauggaugugucagu	scaffold4:44465310..44465382:-	PH2	scaffold4	44465310..44465382	44465310	44465382	0
919	scaffold4_293549	47.9	67 +/- 3%	-	91	90	0	1	yes	-	-	-	-	gucgcacacugccguuaagg	uuaauggcaguguacgacg	gucgcacacugccguuaagguaaccuuaaccuaagccuuaauggcaguguacgacg	scaffold4:44634256..44634312:+	IST3	scaffold4	44634256..44634312	44634256	44634312	0
920	scaffold4_386282	99.4	82 +/- 3%	-	209	45	163	1	no	-	-	-	-	uguuacagaagaagcagg	guuacuuuuguuacacccugua	guuacuuuuguuacacccuguaggauccacacagaccaauggacaauggcauaaguggacagaugagcagaacaggacagcauuggaguguuacagaagaagcagg	scaffold4:45654648..45654754:+	GA3	scaffold4	45654648..45654754	45654648	45654754	0
921	scaffold4_515657	24.3	67 +/- 3%	-	45	44	0	1	yes	-	-	-	-	uuugccaaauauuuggaaucga	cuuuccaaauauuuggcaaau	uuugccaaauauuuggaaucgauuugcaaaccuuuccaaauauuuggcaaau	scaffold4:47144716..47144768:+	PDii1	scaffold4	47144716..47144768	47144716	47144768	0
922	scaffold4_562435	56.8	48 +/- 4%	-	110	82	27	1	yes	-	-	-	-	uauguauauauuauguaua	uucgucguuuguaccauac	uauguauauauuauguauauauauauauauguauauauauauauauauauauauguauauauauauauauauucgucguuuguaccauac	scaffold4:47738642..47738732:-	PH2	scaffold4	47738642..47738732	47738642	47738732	0
923	scaffold4_616798	1014.0	72 +/- 3%	-	2017	2012	0	5	yes	-	-	-	-	aguaguaguaguaguagu	agugguaguaguaguagu	aguaguaguaguaguaguaguguagugguaguaguaguagu	scaffold4:48539352..48539393:-	PDii2	scaffold4	48539352..48539393	48539352	48539393	0
924	scaffold4_333890	32.5	79 +/- 3%	-	108	33	73	2	no	-	-	-	-	gaauuuaucgcgauaauguca	guuuuaaugcuaugaaagaag	gaauuuaucgcgauaaugucaauguguucucucccaacaucaaauuacuuguuauugguugugaaagagcugguguuuuaaugcuaugaaagaag	scaffold4:48786310..48786405:-	SMA2	scaffold4	48786310..48786405	48786310	48786405	0
925	scaffold4_363281	185.1	60 +/- 3%	-	374	211	151	12	no	-	-	-	-	cacucaaguaaaguuguaacu	ucuggaacgaugguugagucc	ucuggaacgaugguugaguccacaucaccaucucagcucaacugggauuaauuauguaugcccuacguuagcucgguguuugcacucaaguaaaguuguaacu	scaffold4:48851708..48851811:+	AMP1	scaffold4	48851708..48851811	48851708	48851811	0
926	scaffold4_375147	1.1	74 +/- 3%	-	271	270	0	1	yes	-	-	-	-	ucacauuuugaugaaaucgca	ugugauuggucacgcguga	ugugauuggucacgcgugaucuaucacauuuugaugaaaucgca	scaffold4:49113441..49113485:-	SMA3	scaffold4	49113441..49113485	49113441	49113485	0
927	scaffold4_490564	18.4	48 +/- 4%	-	111	110	0	1	no	-	-	-	-	uaggaaaaucuacuacaag	ugaauagaguaaauuuuug	uaggaaaaucuacuacaaggacguugaauagaguaaauuuuug	scaffold4:49530464..49530507:+	PH2	scaffold4	49530464..49530507	49530464	49530507	0
928	scaffold4_295383	424.5	67 +/- 3%	-	852	836	14	2	no	-	-	-	-	uucaucacugaaaccuggcuu	uccaguggucgucauggaggu	uucaucacugaaaccuggcuugaucuacucuuaaaguuuuuucucguauggaucgcuccaguggucgucauggaggu	scaffold4:49588248..49588325:+	IST3	scaffold4	49588248..49588325	49588248	49588325	0
929	scaffold4_574550	17.9	76 +/- 2%	-	56	51	4	1	no	-	-	-	-	uuguaacugacuuaaacucaauu	uugauugaguaguuccaag	uugauugaguaguuccaagucucagcacaucaaagcacuuauguguucccuauccuaacucagugcaggucucaaugcuguuuguaacugacuuaaacucaauu	scaffold4:50069317..50069421:-	PL1	scaffold4	50069317..50069421	50069317	50069421	0
930	scaffold4_537278	27.6	72 +/- 3%	-	112	108	2	2	no	-	-	-	-	gugcauuauaucgccaauuaagg	uucaguacgacuguugcagaagc	gugcauuauaucgccaauuaagggagcuguuaccauuaccuucaguacgacuguugcagaagc	scaffold4:50425230..50425293:+	PDii2	scaffold4	50425230..50425293	50425230	50425293	0
931	scaffold4_340618	0.5	64 +/- 2%	-	515	484	0	31	yes	-	-	-	-	ggacuuacgcaaucauuuuggg	ggcgaagaugaacuacccc	ggacuuacgcaaucauuuugggagggggaccaaucccaggaggcgaagaugaacuacccc	scaffold4:50767334..50767394:+	AMP3	scaffold4	50767334..50767394	50767334	50767394	0
932	scaffold4_392288	16.1	58 +/- 3%	-	29	10	0	19	yes	-	-	-	-	cuuaacggcagugugcgacg	gucgcacacugccguuaagu	cuuaacggcagugugcgacgaucaagaggaggucgcacacugccguuaagu	scaffold4:51728860..51728911:-	AMP3	scaffold4	51728860..51728911	51728860	51728911	0
933	scaffold4_569526	35.4	74 +/- 4%	-	67	36	6	25	yes	-	-	-	-	uugugggggcugucaagaagauga	uccaaugacagccauuagaaguc	uugugggggcugucaagaagaugaugaauuuugaucuguucaaaucaauuuuggauacaguagaaauuguucaucauccaaugacagccauuagaaguc	scaffold4:51977969..51978068:-	DI3	scaffold4	51977969..51978068	51977969	51978068	0
934	scaffold4_362874	69.6	67 +/- 3%	-	144	143	0	1	no	-	-	-	-	cuaagauacaacgggaauug	ucuccugggaguucuuaugc	cuaagauacaacgggaauugcaagacggcagucuccugggaguucuuaugc	scaffold4:52851427..52851478:+	AMP2	scaffold4	52851427..52851478	52851427	52851478	0
935	scaffold4_565287	1021.4	48 +/- 4%	-	2037	2029	0	8	no	-	-	-	-	uccuucaugauauuauagug	uguauaauagggaaauuc	uguauaauagggaaauucgauucuuaaaugccuccuucaugauauuauagug	scaffold4:52938960..52939012:-	PH2	scaffold4	52938960..52939012	52938960	52939012	0
936	scaffold4_500829	27.8	76 +/- 2%	-	69	67	0	2	no	-	-	-	-	ugaugaugaugaugaugaugaug	uggugaugaugaugaugaugaug	uggugaugaugaugaugaugaugaugaugaugaugaugaugaugaugaug	scaffold4:53142740..53142790:+	PL1	scaffold4	53142740..53142790	53142740	53142790	0
937	scaffold4_539203	16.2	72 +/- 3%	-	40	18	20	2	no	-	-	-	-	ggcaacaaagaacuuugagu	agcauuaaguuuuuuagcuaugc	ggcaacaaagaacuuugaguguuucuugauaugugcaaagauauugcaaacccauugaggcauaucgugcacaaagucagaggcuuagcauuaaguuuuuuagcuaugc	scaffold4:53508644..53508753:+	PDii2	scaffold4	53508644..53508753	53508644	53508753	0
938	scaffold4_539239	16.2	72 +/- 3%	-	40	18	20	2	no	-	-	-	-	ggcaacaaagaacuuugagu	agcauuaaguuuuuuagcuaugc	ggcaacaaagaacuuugaguguuucuugauaugugcaaagauauugcaaacccauugaggcauaucgugcacaaagucagaggcuuagcauuaaguuuuuuagcuaugc	scaffold4:53521072..53521181:+	PDii2	scaffold4	53521072..53521181	53521072	53521181	0
939	scaffold4_492591	608.9	48 +/- 4%	-	1229	1228	0	1	no	-	-	-	-	uaguaagugagauauuaugucug	agcguuuaaauaucucagucauuuc	agcguuuaaauaucucagucauuucuauuaaucauuuauuucgauuguaccguauuaguaagugagauauuaugucug	scaffold4:53522155..53522233:+	PH2	scaffold4	53522155..53522233	53522155	53522233	0
940	scaffold4_492601	608.9	48 +/- 4%	-	1229	1228	0	1	no	-	-	-	-	uaguaagugagauauuaugucug	agcguuuaaauaucucagucauuuc	agcguuuaaauaucucagucauuucuauuaaucauuuauuucgauuguaccguauuaguaagugagauauuaugucug	scaffold4:53530034..53530112:+	PH2	scaffold4	53530034..53530112	53530034	53530112	0
941	scaffold4_419838	18.7	60 +/- 3%	-	33	28	0	5	yes	-	-	-	-	gauuuccuugugaucgucaca	ugugacgaucacaaagaaauc	ugugacgaucacaaagaaaucgugcgcguucgauuuccuugugaucgucaca	scaffold4:53634844..53634896:-	AMP1	scaffold4	53634844..53634896	53634844	53634896	0
942	scaffold4_371645	13.4	87 +/- 2%	-	30	27	0	3	yes	-	-	-	-	uugaaucgcacgucuaaccacc	cacgguuagacuagugauu	cacgguuagacuagugauuaguuaaaaagugaucuguaaacauuuugauugaaucgcacgucuaaccacc	scaffold4:54204502..54204572:+	HL2	scaffold4	54204502..54204572	54204502	54204572	0
943	scaffold4_566536	125.5	48 +/- 4%	-	255	254	0	1	no	-	-	-	-	uaucgauuggguuaaucuugug	cagauuuaaccuuugaaaccaugu	uaucgauuggguuaaucuuguggagaggcaucagauuuaaccuuugaaaccaugu	scaffold4:54224047..54224102:-	PH2	scaffold4	54224047..54224102	54224047	54224102	0
944	scaffold4_363692	10.6	67 +/- 3%	-	33	31	1	1	no	-	-	-	-	gaugagacucuugaucgca	acgaaucaagacgucuucaga	acgaaucaagacgucuucagaccacacaccaggauucaugagugcaagaugagacucuugaucgca	scaffold4:54751518..54751584:+	AMP2	scaffold4	54751518..54751584	54751518	54751584	0
945	scaffold4_342250	57.6	58 +/- 3%	-	122	107	9	6	no	-	-	-	-	ugcacuuaaguuagguauag	ugagcuaauugagcaguguuuaau	ugagcuaauugagcaguguuuaauagaggucuggauacaucacagggaaggauucuagggucucugugccagaucacgaaagugcacuuaaguuagguauag	scaffold4:55162956..55163058:+	AMP3	scaffold4	55162956..55163058	55162956	55163058	0
946	scaffold4_452363	36.8	72 +/- 3%	-	153	150	0	3	no	-	-	-	-	ccugguucaugucuuguguuc	aauggcccugaccacuguguu	aauggcccugaccacuguguuuuuagcuuccuuaccugguucaugucuuguguuc	scaffold4:55258921..55258976:+	SMA1	scaffold4	55258921..55258976	55258921	55258976	0
947	scaffold4_364409	66.3	67 +/- 3%	-	157	156	0	1	no	-	-	-	-	uaguguuuauuuuguccgcgugu	cauguuucuuuuaaauguuga	uaguguuuauuuuguccgcgugucguuaugcuagaaguucguccauguuucuuuuaaauguuga	scaffold4:56501862..56501926:+	AMP2	scaffold4	56501862..56501926	56501862	56501926	0
948	scaffold4_364415	66.3	67 +/- 3%	-	157	156	0	1	no	-	-	-	-	uaguguuuauuuuguccgcgugu	cauguuucuuuuaaauguuga	uaguguuuauuuuguccgcgugucguuaugcuagaaguucguccauguuucuuuuaaauguuga	scaffold4:56533816..56533880:+	AMP2	scaffold4	56533816..56533880	56533816	56533880	0
949	scaffold4_342924	230.8	58 +/- 3%	-	477	474	0	3	no	-	-	-	-	uuugcgaguuucaugacaucu	guuauguauucauuugcg	uuugcgaguuucaugacaucuaauugauucguuuuugaaaugggguuauguauucauuugcg	scaffold4:56896457..56896519:+	AMP3	scaffold4	56896457..56896519	56896457	56896519	0
950	scaffold4_497465	14.5	69 +/- 3%	-	30	26	3	1	yes	-	-	-	-	uuggagagauuucucugaaauc	uuuagucucauuauucacu	uuuagucucauuauucacugauacacuuaucucauuucagaacaagaugggacgcaagaagaguaguguuuggagagauuucucugaaauc	scaffold4:57128588..57128679:+	PDii3	scaffold4	57128588..57128679	57128588	57128679	0
951	scaffold4_364929	451.2	67 +/- 3%	-	905	895	1	9	no	-	-	-	-	ugugucaaaaucaacucgucu	cuuugaugcugauuucaucg	cuuugaugcugauuucaucgaacugcuucagucuuaucuguccaaucgucgccagugugucaaaaucaacucgucu	scaffold4:57615402..57615478:+	AMP2	scaffold4	57615402..57615478	57615402	57615478	0
952	scaffold4_504069	32.1	76 +/- 2%	-	61	55	0	6	yes	-	-	-	-	uuugccaaauauuuggaaucga	cuuuccaauuauuuggcaauu	uuugccaaauauuuggaaucgauuugcaaauccuuuccaauuauuuggcaauu	scaffold4:58128318..58128371:+	PL1	scaffold4	58128318..58128371	58128318	58128371	0
953	scaffold4_504071	32.0	76 +/- 2%	-	61	55	0	6	yes	-	-	-	-	uuugccaaauauuuggaaucga	cuuuccaauuauuuggcaauu	uuugccaaauauuuggaaucgauuugcaaauccuuuccaauuauuuggcaauu	scaffold4:58131142..58131195:+	PL1	scaffold4	58131142..58131195	58131142	58131195	0
954	scaffold4_569943	254.0	48 +/- 4%	-	518	513	0	5	no	-	-	-	-	ugcucuuuauuuuauacag	uguauaauagggaaauuc	ugcucuuuauuuuauacaggagagagucuguuucacuguauaauagggaaauuc	scaffold4:59208399..59208453:-	PH2	scaffold4	59208399..59208453	59208399	59208453	0
955	scaffold4_570562	93.8	48 +/- 4%	-	194	20	0	174	no	-	-	-	-	gaaguccgggguucgauucc	guuaguaucucagucugucaca	guuaguaucucagucugucacauugaaguccgggguucgauucc	scaffold4:60238656..60238700:-	PH2	scaffold4	60238656..60238700	60238656	60238700	0
956	scaffold4_545918	62.6	78 +/- 3%	-	161	160	0	1	no	-	-	-	-	gguuaguaucucagucuguc	gaagaccgcgguucgauucc	gguuaguaucucagucugucacauugaagaccgcgguucgauucc	scaffold4:60254383..60254428:-	PL2	scaffold4	60254383..60254428	60254383	60254428	0
957	scaffold4_396348	0.7	64 +/- 2%	-	131	36	83	12	yes	-	-	-	-	gucccgaguaguauagug	cccugcucgggaguaauuuu	gucccgaguaguauagugguuaguaucucagucugucacauugaagaccgggguucgauucccugcucgggaguaauuuu	scaffold4:60315829..60315909:-	AMP3	scaffold4	60315829..60315909	60315829	60315909	0
958	scaffold4_421848	135.1	67 +/- 3%	-	266	48	174	44	yes	-	-	-	-	gucccgaguaguauagug	ccgcucgggaguaauuuu	gucccgaguaguauagugguuaguaucucagucugucacauugaagaccgggguucgauuacccgcucgggaguaauuuu	scaffold4:60358777..60358857:-	AMP2	scaffold4	60358777..60358857	60358777	60358857	0
959	scaffold4_423391	271.1	60 +/- 3%	-	570	569	0	1	no	-	-	-	-	cgauugaaaaacgagugaaggg	uuucuucguacgacgaaugga	cgauugaaaaacgagugaagggugcgauguuucuucguacgacgaaugga	scaffold4:60605392..60605442:-	AMP1	scaffold4	60605392..60605442	60605392	60605442	0
960	scaffold4_307389	10.6	90 +/- 2%	-	17	13	3	1	yes	-	-	-	-	ugccacacgauuagucuuu	gacugaccguguggcaccccc	ugccacacgauuagucuuuugucuauaguaaaaaaacuuuuuugacuauagucaaaagacugaccguguggcaccccc	scaffold4:61585586..61585664:+	HL1	scaffold4	61585586..61585664	61585586	61585664	0
961	scaffold4_574993	147.0	69 +/- 3%	-	312	216	95	1	no	-	-	-	-	ugagcagguuaguaaucgu	cgaaaaacaaggcguucaaag	ugagcagguuaguaaucguagagcgaccaagaaagguugccaugcugagaagaagagaugaggugacgaauuuuuggaaauacauaacgaaaaacaaggcguucaaag	scaffold4:62545648..62545756:-	PDii3	scaffold4	62545648..62545756	62545648	62545756	0
962	scaffold4_573217	21.7	48 +/- 4%	-	74	72	0	2	no	-	-	-	-	ucaucuuguaaauauucaug	ugguauaugggagauauug	ugguauaugggagauauugguccgcuuauuaacauacuuaauuucggccucaucuuguaaauauucaug	scaffold4:64478296..64478365:-	PH2	scaffold4	64478296..64478365	64478296	64478365	0
963	scaffold4_370032	289.8	67 +/- 3%	-	627	260	114	253	no	-	-	-	-	acaaacagauugaagcugacg	gucaaauauauaaucggggug	acaaacagauugaagcugacgaauaagugaucagacagcuuagcaggaacaggaauuacagauaugucaaauauauaaucggggug	scaffold4:65257490..65257576:+	AMP2	scaffold4	65257490..65257576	65257490	65257576	0
964	scaffold4_370070	13.2	67 +/- 3%	-	26	25	0	1	yes	-	-	-	-	caaucgcuagucuuaccgugg	agguuagacgugcgauucaau	agguuagacgugcgauucaauuaaaaugagauauaucacuuuuaaaccaaucgcuagucuuaccgugg	scaffold4:65338591..65338659:+	AMP2	scaffold4	65338591..65338659	65338591	65338659	0
965	scaffold4_504356	17.3	69 +/- 3%	-	52	51	0	1	no	-	-	-	-	gaacagaucagcuuucuccagg	uggagacagguacauagaag	uggagacagguacauagaaguuagaggcaaaauaugcauugaacagaucagcuuucuccagg	scaffold4:66675401..66675463:+	PDii3	scaffold4	66675401..66675463	66675401	66675463	0
966	scaffold4_543020	11.9	74 +/- 4%	-	22	19	0	3	yes	-	-	-	-	ucucaaugggauucaaguc	uugaauuucauugagcguca	ucucaaugggauucaagucuggagaauucccgggccacuccaagacuugaauuucauugagcguca	scaffold4:66747193..66747259:+	GA2	scaffold4	66747193..66747259	66747193	66747259	0
967	scaffold4_241261	12.2	72 +/- 3%	-	41	39	1	1	no	-	-	-	-	gaggaauuagcuuugcggag	gccgcaaggugaacuccaag	gaggaauuagcuuugcggaggugaaugacacaugaccagaccaauucaaguuagccgcaaggugaacuccaag	scaffold4:67105374..67105447:+	IST2	scaffold4	67105374..67105447	67105374	67105447	0
968	scaffold4_619423	85.2	70 +/- 3%	-	220	158	61	1	no	-	-	-	-	caguuuucgaucagagugagcag	ugggagucgaucaaaagcuuuaga	ugggagucgaucaaaagcuuuagaaaugucaagaaagauaauacauccaggaucauuacuaucagagugaaaguugcaguuuucgaucagagugagcag	scaffold4:67105863..67105962:+	DI2	scaffold4	67105863..67105962	67105863	67105962	0
969	scaffold4_623602	64.0	74 +/- 4%	-	123	57	61	5	yes	-	-	-	-	uuucuuguuagugacugg	ugggcacacaagaaaagu	ugggcacacaagaaaagucgcugagucuggcuuggggcggcauguaacaucgcugguaguuguugcuauuuaucagccagacuucaugcuuuucuuguuagugacugg	scaffold4:67463017..67463125:-	GA2	scaffold4	67463017..67463125	67463017	67463125	0
970	scaffold4_348673	293.9	58 +/- 3%	-	607	394	1	212	no	-	-	-	-	gcucugcugaaauucuccacu	uggaacguuuccagaaacgcg	uggaacguuuccagaaacgcgcuuugaaaugaauuuccucuuuggccuauaaagaugcucugcugaaauucuccacu	scaffold4:67702324..67702401:+	AMP3	scaffold4	67702324..67702401	67702324	67702401	0
971	scaffold4_586496	48.8	76 +/- 2%	-	103	101	0	2	no	-	-	-	-	ugcagaagcgcaaccggucucgaa	uuggcugccgguuugcacga	ugcagaagcgcaaccggucucgaauguucuuugaaaacaaucaggguuuggcugccgguuugcacga	scaffold4:68387745..68387812:-	PL1	scaffold4	68387745..68387812	68387745	68387812	0
972	scaffold4_362387	70.9	86 +/- 2%	-	164	163	0	1	no	-	-	-	-	uuuuucagugaaaauguauugug	acggaccauauuucaaaaaauaaug	acggaccauauuucaaaaaauaaugauguuuuuucagugaaaauguauugug	scaffold4:68745373..68745425:+	PH1	scaffold4	68745373..68745425	68745373	68745425	0
973	scaffold4_534601	160.5	75 +/- 3%	-	321	300	0	21	yes	-	-	-	-	cgcucuuaacgugauuugcuugc	uaguaauucaguuuuagagagaa	uaguaauucaguuuuagagagaaauguuguuuucgcucuuaacgugauuugcuugc	scaffold4:68863876..68863932:+	DI1	scaffold4	68863876..68863932	68863876	68863932	0
974	scaffold4_601321	17.6	75 +/- 2%	-	63	60	0	3	no	-	-	-	-	ugcucaauguuggauguaugu	uauaaucaauguuugagugaau	uauaaucaauguuugagugaauguuugugugggugcucaauguuggauguaugu	scaffold4:69950757..69950811:-	PL3	scaffold4	69950757..69950811	69950757	69950811	0
975	scaffold4_513451	79.5	76 +/- 3%	-	156	152	3	1	yes	-	-	-	-	gugugugggugaugaauuguugu	caacauucauuauccauuacau	caacauucauuauccauuacaucugcauggagaacacucugauuaucuguuagucccacauaaaaugugugugggugaugaauuguugu	scaffold4:70681826..70681915:-	PDi3	scaffold4	70681826..70681915	70681826	70681915	0
976	scaffold4_292317	169.2	68 +/- 3%	-	330	300	0	30	yes	-	-	-	-	ccacuaucgacuuuuaucauc	gauaaaagucgauagugg	ccacuaucgacuuuuaucaucugucaagaaaucggugauaaaagucgauagugg	scaffold4:70749600..70749654:+	IST1	scaffold4	70749600..70749654	70749600	70749654	0
977	scaffold4_447897	89.1	76 +/- 3%	-	221	205	8	8	no	-	-	-	-	cauuggaagaguugaacaccgu	cguuucaaguuuauuacauuuag	cguuucaaguuuauuacauuuagaucaaaugcagaguuuugcaauauaauacauuggaagaguugaacaccgu	scaffold4:70800853..70800926:+	PDi3	scaffold4	70800853..70800926	70800853	70800926	0
978	scaffold4_602782	13.2	75 +/- 2%	-	42	41	0	1	no	-	-	-	-	auuaguggucuagugguaug	gccacgauggcgacccgggu	auuaguggucuagugguaugaugucucccugccacgauggcgacccgggu	scaffold4:71955911..71955961:-	PL3	scaffold4	71955911..71955961	71955911	71955961	0
979	scaffold4_632954	18.2	72 +/- 3%	-	52	29	0	23	no	-	-	-	-	cccugccacgguggcgacccgggu	cgcauugguggucuagugg	cgcauugguggucuagugguaugauuucacccugccacgguggcgacccgggu	scaffold4:71968277..71968330:-	PDii2	scaffold4	71968277..71968330	71968277	71968330	0
980	scaffold4_632956	18.1	72 +/- 3%	-	52	29	0	23	no	-	-	-	-	cccugccacgguggcgacccgggu	cgcauugguggucuagugg	cgcauugguggucuagugguaugauuucacccugccacgguggcgacccgggu	scaffold4:71968690..71968743:-	PDii2	scaffold4	71968690..71968743	71968690	71968743	0
981	scaffold4_632962	18.1	72 +/- 3%	-	52	29	0	23	no	-	-	-	-	cccugccacgguggcgacccgggu	cgcauugguggucuagugg	cgcauugguggucuagugguaugauuucacccugccacgguggcgacccgggu	scaffold4:71973641..71973694:-	PDii2	scaffold4	71973641..71973694	71973641	71973694	0
982	scaffold4_552698	13.0	78 +/- 3%	-	34	20	2	12	no	-	-	-	-	gcauugguggucuagugg	gauucccggccaaugcaauuu	gcauugguggucuagugguuugaugucacccugccacgguagcgaacaggguuagauucccggccaaugcaauuu	scaffold4:71980758..71980833:-	PL2	scaffold4	71980758..71980833	71980758	71980833	0
983	scaffold4_552704	13.2	78 +/- 3%	-	34	20	2	12	no	-	-	-	-	gcauugguggucuagugg	gauucccggccaaugcaauuu	gcauugguggucuagugguuugaugucacccugccacgguagcgaacaggguuagauucccggccaaugcaauuu	scaffold4:71987494..71987569:-	PL2	scaffold4	71987494..71987569	71987494	71987569	0
984	scaffold4_580918	42.5	69 +/- 3%	-	92	79	0	13	no	-	-	-	-	ucgauucccggccaaugcaa	gcauugguggucuagugg	gcauugguggucuagugguaugaugucaccuugccacgguggcgacccgauuucgauucccggccaaugcaa	scaffold4:72030947..72031019:-	PDii3	scaffold4	72030947..72031019	72030947	72031019	0
985	scaffold4_580920	44.3	69 +/- 3%	-	96	84	0	12	no	-	-	-	-	ucgauucccggccaaugcaa	gcauugguggucuagugg	gcauugguggucuagugguaugaggucacccugccacgguggcgacccgguucgauucccggccaaugcaa	scaffold4:72039203..72039274:-	PDii3	scaffold4	72039203..72039274	72039203	72039274	0
986	scaffold4_580922	44.3	69 +/- 3%	-	96	84	0	12	no	-	-	-	-	ucgauucccggccaaugcaa	gcauugguggucuagugg	gcauugguggucuagugguaugaggucacccugccacgguggcgacccgguucgauucccggccaaugcaa	scaffold4:72040867..72040938:-	PDii3	scaffold4	72040867..72040938	72040867	72040938	0
987	scaffold4_478616	68.7	77 +/- 3%	-	143	105	11	27	no	-	-	-	-	ucgauucccggccaaugcaa	gcauugguggucuagugg	gcauugguggucuagugguaugaugucacccugccacgguggcgacccguucgauucccggccaaugcaa	scaffold4:72101365..72101435:-	PDi1	scaffold4	72101365..72101435	72101365	72101435	0
988	scaffold4_623197	161.1	70 +/- 3%	-	331	330	0	1	no	-	-	-	-	gggcccuaguggccaagggg	uaaaaggcuaggcugggaccgcga	gggcccuaguggccaagggguaaaaggcuaggcugggaccgcga	scaffold4:72775383..72775427:+	DI2	scaffold4	72775383..72775427	72775383	72775427	0
989	scaffold4_460275	21.5	82 +/- 3%	-	74	73	0	1	no	-	-	-	-	uggaaaaggagguuaaau	ggacacaucuuuuucgaacu	uggaaaaggagguuaaauauacacgggcugaggacacaucuuuuucgaacu	scaffold4:74503669..74503720:-	GA3	scaffold4	74503669..74503720	74503669	74503720	0
990	scaffold4_422039	15.1	87 +/- 2%	-	31	30	0	1	yes	-	-	-	-	ugaaguguuaguuucaccuggg	ccgugauagcuggcgcugaucc	ccgugauagcuggcgcugauccuggauugauucacuaaauagauuaucuaguuaugaaguguuaguuucaccuggg	scaffold4:74752841..74752917:-	HL3	scaffold4	74752841..74752917	74752841	74752917	0
991	scaffold4_579876	16.9	48 +/- 4%	-	55	53	0	2	no	-	-	-	-	uugaaauugcuucaaacaacgag	ucaguuguuuggcuuucaaug	ucaguuguuuggcuuucaauggauuauacuugcguucuugaaauugcuucaaacaacgag	scaffold4:75646528..75646588:-	PH2	scaffold4	75646528..75646588	75646528	75646588	0
992	scaffold4_352065	161.7	58 +/- 3%	-	323	228	0	95	yes	-	-	-	-	uaguguguauccuugaagaacc	uuuuucauugacguaugcucg	uaguguguauccuugaagaaccuuauaugguuuuucauugacguaugcucg	scaffold4:76414666..76414717:+	AMP3	scaffold4	76414666..76414717	76414666	76414717	0
993	scaffold4_580633	32.5	48 +/- 4%	-	84	79	0	5	no	-	-	-	-	ugaauguugugugggagacag	ugugauuacauauaauuuuucauc	ugaauguugugugggagacaggaaaacauuuccuuugaauguuguacugugauuacauauaauuuuucauc	scaffold4:76637823..76637894:-	PH2	scaffold4	76637823..76637894	76637823	76637894	0
994	scaffold4_510975	18.2	74 +/- 4%	-	63	48	0	15	no	-	-	-	-	ugugagaaugagcugaauugc	uaguuaggguacacauuauagaau	uaguuaggguacacauuauagaaucaguccuugugagaaugagcugaauugc	scaffold4:76787276..76787328:+	DI3	scaffold4	76787276..76787328	76787276	76787328	0
995	scaffold4_510621	190.9	69 +/- 3%	-	387	209	177	1	no	-	-	-	-	ccaugucuuagaccacuuauaag	uaaaaguggugcgaagaccguagc	ccaugucuuagaccacuuauaaguacuuuucuagauguaguuuuuaauuuggaaucgaauaaaaguggugcgaagaccguagc	scaffold4:76789179..76789262:+	PDii3	scaffold4	76789179..76789262	76789179	76789262	0
996	scaffold4_504556	176.1	76 +/- 4%	-	381	219	106	56	no	-	-	-	-	uggcagauauugaaaaaugacgu	ucaacacauuuugacaucugaaa	uggcagauauugaaaaaugacguugagaaggaaaauucgaaaaauauauccgauuuaaaagaaaaaauccaagaacgucaacacauuuugacaucugaaa	scaffold4:77439234..77439334:+	EC3	scaffold4	77439234..77439334	77439234	77439334	0
997	scaffold4_504636	131.6	76 +/- 4%	-	283	219	8	56	yes	-	-	-	-	uggcagauauugaaaaaugacgu	ucaacacauuuugacaucugaaa	uggcagauauugaaaaaugacguugagaaggaaaauucgaaaaauauauccgauuuaaaagaaaaauccaagaacgucaacacauuuugacaucugaaa	scaffold4:77556461..77556560:+	EC3	scaffold4	77556461..77556560	77556461	77556560	0
998	scaffold4_423077	0.2	83 +/- 2%	-	27019	25653	0	1366	yes	-	-	-	-	uagcguguaucuuugaggaa	uucuucauugauuuaugcuuug	uagcguguaucuuugaggaacuuuguuaugguucuucauugauuuaugcuuug	scaffold4:77610690..77610743:-	HL3	scaffold4	77610690..77610743	77610690	77610743	0
999	scaffold4_517900	154.4	76 +/- 2%	-	338	337	0	1	no	-	-	-	-	ucugaagacaauagagcacgugg	uggcucaaauugauucugguca	ucugaagacaauagagcacgugguauaauggcucaaauugauucugguca	scaffold4:77979402..77979452:+	PL1	scaffold4	77979402..77979452	77979402	77979452	0
1000	scaffold4_350054	30.9	67 +/- 3%	-	81	59	0	22	no	-	-	-	-	uguauuauuugcauuagagcg	uuuaaggaaaacaauucauag	uuuaaggaaaacaauucauagauugaaaacccagauauuauguauuauuugcauuagagcg	scaffold4:78615947..78616008:-	IST3	scaffold4	78615947..78616008	78615947	78616008	0
1001	scaffold4_376217	33.3	67 +/- 3%	-	83	82	0	1	no	-	-	-	-	uuauuuaauuuaaaguuugcg	caaacaugcaaauaaaaucc	caaacaugcaaauaaaauccacuuuauuuaauuuaaaguuugcg	scaffold4:78970939..78970983:+	AMP2	scaffold4	78970939..78970983	78970939	78970983	0
1002	scaffold4_619587	125.9	75 +/- 3%	-	244	243	0	1	yes	-	-	-	-	caucaaaagguucucgucug	gacgagaaucuuuuugacgua	gacgagaaucuuuuugacguauaucaaaugauagacaucaaaagguucucgucug	scaffold4:79185406..79185461:-	DI1	scaffold4	79185406..79185461	79185406	79185461	0
1003	scaffold4_306977	178.1	67 +/- 3%	-	393	278	111	4	no	-	-	-	-	acaacaucaucagagcgagug	gucgauugaacaggaggag	acaacaucaucagagcgaguggagcgggaauuagagaacuuaaugaaaucaaaaggagcagucgauugaacaggaggag	scaffold4:79227248..79227327:+	IST3	scaffold4	79227248..79227327	79227248	79227327	0
1004	scaffold4_538032	16.0	67 +/- 3%	-	48	42	0	6	no	-	-	-	-	ugguuuaugauuugcgcgccag	cgcuucgucaauuguuugcagaa	ugguuuaugauuugcgcgccagcaacguugcucgcuucgucaauuguuugcagaa	scaffold4:79410521..79410576:+	PDii1	scaffold4	79410521..79410576	79410521	79410576	0
1005	scaffold4_512676	32.4	69 +/- 3%	-	79	74	4	1	no	-	-	-	-	ucgagccuggguagugucaa	ugcacuaugguguagugg	ugcacuaugguguagugguuaucacgucugcuuuacacgcagaagguccccaguucgagccuggguagugucaa	scaffold4:80525892..80525966:+	PDii3	scaffold4	80525892..80525966	80525892	80525966	0
1006	scaffold4_512678	33.4	69 +/- 3%	-	79	74	4	1	no	-	-	-	-	ucgagccuggguagugucaa	ugcacuaugguguagugg	ugcacuaugguguagugguuaucacgucugcuuuacacgcagaagguccccaguucgagccuggguagugucaa	scaffold4:80528395..80528469:+	PDii3	scaffold4	80528395..80528469	80528395	80528469	0
1007	scaffold4_512680	31.2	69 +/- 3%	-	76	74	1	1	no	-	-	-	-	ucgagccuggguagugucaa	ugcacuaugguguagugg	ugcacuaugguguagugguuaucacgucugcuuuacgcagaagguccccaguucgagccuggguagugucaa	scaffold4:80529638..80529710:+	PDii3	scaffold4	80529638..80529710	80529638	80529710	0
1008	scaffold4_512682	31.5	69 +/- 3%	-	79	74	4	1	no	-	-	-	-	ucgagccuggguagugucaa	ugcacuaugguguagugg	ugcacuaugguguagugguuaucacgucugcuuuacacgcagaagguccccaguucgagccuggguagugucaa	scaffold4:80530893..80530967:+	PDii3	scaffold4	80530893..80530967	80530893	80530967	0
1009	scaffold4_360191	2757.3	90 +/- 2%	-	5414	5413	0	1	yes	-	-	-	-	uuguucauuggcguauacuugg	ugguauauguuuugaaaaa	ugguauauguuuugaaaaaccucauacgguuguucauuggcguauacuugg	scaffold4:81047908..81047959:-	HL1	scaffold4	81047908..81047959	81047908	81047959	0
1010	scaffold4_431438	814.0	67 +/- 3%	-	1601	1594	0	7	yes	-	-	-	-	uaguguguaucuuugaauaacc	uucuucauugaugcgugcuuu	uaguguguaucuuugaauaaccuuauaugguucuucauugaugcgugcuuu	scaffold4:81054511..81054562:-	AMP2	scaffold4	81054511..81054562	81054511	81054562	0
1011	scaffold4_583470	21.7	48 +/- 4%	-	59	55	0	4	no	-	-	-	-	ugaugagaaaaguugcug	ugcguguuuuccaaaauuuuaaug	ugaugagaaaaguugcugacgagaugucgaagcugucacguuucuugcguguuuuccaaaauuuuaaug	scaffold4:81451134..81451203:-	PH2	scaffold4	81451134..81451203	81451134	81451203	0
1012	scaffold4_432164	15.7	67 +/- 3%	-	31	24	0	7	yes	-	-	-	-	uuaacuacacgauuuaaucg	uuaaaucguguaguuaagaa	uuaacuacacgauuuaaucggcccuauuaaaucguguaguuaagaa	scaffold4:83037578..83037624:-	AMP2	scaffold4	83037578..83037624	83037578	83037624	0
1013	scaffold4_489526	32.6	78 +/- 3%	-	80	16	55	9	no	-	-	-	-	guggccuuugaccugagac	uuuuguguuauuuaugug	guggccuuugaccugagacgacguggauauuggcggggguguuuuacugacgucauggauguaauuuuacuaguuuuguguuauuuaugug	scaffold4:83977756..83977847:+	PL2	scaffold4	83977756..83977847	83977756	83977847	0
1014	scaffold4_589638	232.6	74 +/- 4%	-	576	562	1	13	no	-	-	-	-	uuagauacuguauuccaaacgcc	cuguuuaugaagucuuuauaaca	uuagauacuguauuccaaacgccaacuuacgaaccuugcuguuuaugaagucuuuauaaca	scaffold4:84049463..84049524:-	DI3	scaffold4	84049463..84049524	84049463	84049524	0
1015	scaffold4_640687	153.7	72 +/- 3%	-	342	340	0	2	no	-	-	-	-	uuaaaugugacaaaugugau	uuaaaacucaucaguuaacgcacuc	uuaaaugugacaaaugugauuauuuaaguuuucaacguaguaaucuuaaaacucaucaguuaacgcacuc	scaffold4:84081393..84081463:-	PDii2	scaffold4	84081393..84081463	84081393	84081463	0
1016	scaffold4_640691	153.7	72 +/- 3%	-	342	340	0	2	no	-	-	-	-	uuaaaugugacaaaugugau	uuaaaacucaucaguuaacgcacuc	uuaaaugugacaaaugugauuauuuaaguuuucaacguaguaaucuuaaaacucaucaguuaacgcacuc	scaffold4:84081813..84081883:-	PDii2	scaffold4	84081813..84081883	84081813	84081883	0
1017	scaffold4_303636	84.5	79 +/- 3%	-	181	169	11	1	no	-	-	-	-	cuacugacucgcaaauuggau	uuuuguuuuugagaaaugg	uuuuguuuuugagaaauggaugccugugaucuccuccuguucaaucaacuacugacucgcaaauuggau	scaffold4:84897029..84897098:+	SMA2	scaffold4	84897029..84897098	84897029	84897098	0
1018	scaffold4_490325	16.9	78 +/- 3%	-	49	38	10	1	no	-	-	-	-	gcauuaguggucuaguggua	ucgauuccuggcuaaugc	gcauuaguggucuagugguaugauggcacccucccaagguggcgacccguguucgauuccuggcuaaugc	scaffold4:85025795..85025865:+	PL2	scaffold4	85025795..85025865	85025795	85025865	0
1019	scaffold4_469388	15.5	72 +/- 3%	-	30	10	0	20	yes	-	-	-	-	gcucugagggggcauguagc	uguuuguucugacauagagug	uguuuguucugacauagaguggguuugcucugaaguggaguaaguuugcucugagggggcauguagc	scaffold4:86126956..86127023:+	SMA1	scaffold4	86126956..86127023	86126956	86127023	0
1020	scaffold4_434887	354.9	60 +/- 3%	-	727	725	0	2	no	-	-	-	-	uuguaacugacuuaaacuca	guauuuaugucacuuugc	uuguaacugacuuaaacucaauuuguaauguguauuuaugucacuuugc	scaffold4:87044261..87044310:-	AMP1	scaffold4	87044261..87044310	87044261	87044310	0
1021	scaffold4_304398	19.1	79 +/- 3%	-	56	54	1	1	no	-	-	-	-	ucaucagcgcugauaccugcu	gcggagaacacguuugac	gcggagaacacguuugacaguuucaacacuagcuucaucagcgcugauaccugcu	scaffold4:87349123..87349178:+	SMA2	scaffold4	87349123..87349178	87349123	87349178	0
1022	scaffold4_442981	17.9	87 +/- 2%	-	53	52	0	1	no	-	-	-	-	cagacuugucaacgagccgag	ccgagcuugagcacugcauugga	cagacuugucaacgagccgagccgagccgagcuugagcacugcauugga	scaffold4:87746700..87746749:-	HL2	scaffold4	87746700..87746749	87746700	87746749	0
1023	scaffold4_356939	95.4	58 +/- 3%	-	198	194	3	1	no	-	-	-	-	ugcacgauggaaggucaaagg	ugauacauuccgcgcuacugcac	ugcacgauggaaggucaaagguaguauucaaucaacgccuaauggugcguguugauacauuccgcgcuacugcac	scaffold4:89223848..89223923:+	AMP3	scaffold4	89223848..89223923	89223848	89223923	0
1024	scaffold4_382040	2385.6	60 +/- 3%	-	4693	2138	2553	2	no	-	-	-	-	agcagccggauuagcagau	gagugaucuggcagcuuagc	agcagccggauuagcagauggagaaguagaguugacaaacagauugaagcugaugaaugagugaucuggcagcuuagc	scaffold4:89719887..89719965:+	AMP1	scaffold4	89719887..89719965	89719887	89719965	0
1025	scaffold4_537674	62.0	75 +/- 2%	-	119	106	0	13	yes	-	-	-	-	gcugccacacgauuagucuuu	gacuaaccguguggcacccc	gcugccacacgauuagucuuuugacuagucaaaagacuaaccguguggcacccc	scaffold4:90242549..90242603:+	PL3	scaffold4	90242549..90242603	90242549	90242603	0
1026	scaffold4_374432	13.8	87 +/- 2%	-	41	36	2	3	no	-	-	-	-	ucacuagucuaaccguggccu	ugguuagacgugcaauucacu	ugguuagacgugcaauucacucaaaaugugauagaucacuuuuaagcaaaucacuagucuaaccguggccu	scaffold4:90371164..90371235:+	HL3	scaffold4	90371164..90371235	90371164	90371235	0
1027	scaffold4_348758	36.0	79 +/- 3%	-	72	70	0	2	yes	-	-	-	-	uaguguguauccuugaagaacc	uuuuucauugacguauaugcucg	uaguguguauccuugaagaaccuuauaugguuuuucauugacguauaugcucg	scaffold4:91589148..91589201:-	SMA2	scaffold4	91589148..91589201	91589148	91589201	0
1028	scaffold4_382956	118.3	60 +/- 3%	-	257	256	0	1	no	-	-	-	-	uaguaguaguaguaguaguagu	ugcauaguaguaguaguaguag	ugcauaguaguaguaguaguaguaguaguaguaguaguaguaguaguaguagu	scaffold4:91775626..91775679:+	AMP1	scaffold4	91775626..91775679	91775626	91775679	0
1029	scaffold4_591771	35.7	69 +/- 3%	-	71	44	18	9	yes	-	-	-	-	gauuucuucgugaucgucaca	ugauagaucacuuuuaagcaaau	gauuucuucgugaucgucacaucgcaauuaucucgggugguuagacaugcgauucacucaaaaugugauagaucacuuuuaagcaaau	scaffold4:92339197..92339285:-	PDii3	scaffold4	92339197..92339285	92339197	92339285	0
1030	scaffold4_545819	18.9	67 +/- 3%	-	47	35	0	12	no	-	-	-	-	cacuuuuuucugauuggucg	ucugauuggucgagagggu	cacuuuuuucugauuggucgagaagaggguagggugaagucuguuuuccacuuuuuuuuucugauuggucgagagggu	scaffold4:93409486..93409564:+	PDii1	scaffold4	93409486..93409564	93409486	93409564	0
1031	scaffold4_437305	269.0	60 +/- 3%	-	540	538	0	2	no	-	-	-	-	ugauccaagccaugaaccugc	caguaguagugacuugggca	caguaguagugacuugggcacacaucaggagagauuugaaggucauugauccaagccaugaaccugc	scaffold4:93469855..93469922:-	AMP1	scaffold4	93469855..93469922	93469855	93469922	0
1032	scaffold4_622255	21.7	67 +/- 3%	-	55	48	2	5	no	-	-	-	-	ugcauaaacaugggaacuuuc	uaggccuuggcugugacugucuc	ugcauaaacaugggaacuuucuccuaaauuauuuugagguaggccuuggcugugacugucuc	scaffold4:93623753..93623815:-	PDii1	scaffold4	93623753..93623815	93623753	93623815	0
1033	scaffold4_513879	39.8	76 +/- 4%	-	80	34	27	19	yes	-	-	-	-	uguuaaucuauuguaauuuuccaga	uggaauaacgauuacuugauu	uggaauaacgauuacuugauuuuagcuggaugcuaucaccgucaauacguuguucuugguagcaaucugguguuaaucuauuguaauuuuccaga	scaffold4:94851141..94851236:+	EC3	scaffold4	94851141..94851236	94851141	94851236	0
1034	scaffold4_359378	55.2	58 +/- 3%	-	108	104	0	4	yes	-	-	-	-	gauaaaagucgauagugg	acuaucgccuuuuaucaccg	acuaucgccuuuuaucaccgauuacuugauagacgauaaaagucgauagugg	scaffold4:95554970..95555022:+	AMP3	scaffold4	95554970..95555022	95554970	95555022	0
1035	scaffold4_410303	55.2	58 +/- 3%	-	108	104	0	4	yes	-	-	-	-	gauaaaagucgauagugg	acuaucgccuuuuaucaccg	acuaucgccuuuuaucaccgauuacuugauagacgauaaaagucgauagugg	scaffold4:95559504..95559556:-	AMP3	scaffold4	95559504..95559556	95559504	95559556	0
1036	scaffold4_519266	670.6	48 +/- 4%	-	1349	1348	0	1	no	-	-	-	-	ugugauaaaugugauuaug	gcaucaauuuaggcauucu	gcaucaauuuaggcauucugguauaaaaccauuuaggugugauaaaugugauuaug	scaffold4:95616522..95616578:+	PH2	scaffold4	95616522..95616578	95616522	95616578	0
1037	scaffold4_590402	304.3	48 +/- 4%	-	625	624	0	1	no	-	-	-	-	ugugauaaaugugauuauag	uagucucaaacugcaucaau	ugugauaaaugugauuauagauguucacaaucuuauagucucaaacugcaucaau	scaffold4:96391612..96391667:-	PH2	scaffold4	96391612..96391667	96391612	96391667	0
1038	scaffold4_590406	311.0	48 +/- 4%	-	628	624	0	4	no	-	-	-	-	ugugauaaaugugauuauag	ucaaaauacaucuacguag	ugugauaaaugugauuauagauguucaagaucuggaucucucaaaauacaucuacguag	scaffold4:96391944..96392003:-	PH2	scaffold4	96391944..96392003	96391944	96392003	0
1039	scaffold4_624128	360.1	67 +/- 3%	-	723	722	0	1	no	-	-	-	-	gcaacaaugacugaaaaggagcu	ccacuaguuauacaaugca	ccacuaguuauacaaugcaagaaguaaagcagagacccucugguauuugcauugcaacaaugacugaaaaggagcu	scaffold4:97164783..97164859:-	PDii1	scaffold4	97164783..97164859	97164783	97164859	0
1040	scaffold4_603559	16.4	76 +/- 2%	-	30	21	8	1	yes	-	-	-	-	uauauauguauauauauaua	auauauauauauauauacugu	uauauauguauauauauauauauauauauauauauauauauauauauauacauguauauauauauauauauauauauauauacugu	scaffold4:98754947..98755033:-	PL1	scaffold4	98754947..98755033	98754947	98755033	0
1041	scaffold4_516636	34.2	76 +/- 4%	-	70	68	0	2	yes	-	-	-	-	ugauaaaagucgauagugu	cacaaucgacuuuuauaau	cacaaucgacuuuuauaaucugucaagaaauaagugauaaaagucgauagugu	scaffold4:99281664..99281717:+	EC3	scaffold4	99281664..99281717	99281664	99281717	0
1042	scaffold4_592854	50.0	48 +/- 4%	-	119	117	0	2	no	-	-	-	-	uaguguuuaacuuugacgaacc	uuuuucauuguugauuacuugg	uaguguuuaacuuugacgaaccuuauaugguuuuucauuguugauuacuugg	scaffold4:100772085..100772137:-	PH2	scaffold4	100772085..100772137	100772085	100772137	0
1043	scaffold4_285706	32.9	72 +/- 3%	-	85	68	4	13	no	-	-	-	-	accuucugugaugauuugggg	caaagauucaacacacguuacaug	caaagauucaacacacguuacaugcaacaaacuguccgcuuagaaccuucugugaugauuugggg	scaffold4:101805614..101805679:-	IST2	scaffold4	101805614..101805679	101805614	101805679	0
1044	scaffold4_357087	27.9	67 +/- 3%	-	86	46	39	1	no	-	-	-	-	accauauggauuauacgaaug	acuguguaaagcguauugc	acuguguaaagcguauugcuuggguaugaauggaagaaagugacauugaaaagacagcauucauuacaccauauggauuauacgaaug	scaffold4:102394904..102394992:-	IST3	scaffold4	102394904..102394992	102394904	102394992	0
1045	scaffold4_644019	35.2	70 +/- 3%	-	80	79	0	1	no	-	-	-	-	ucaguaguuauucgacguugaag	ucaccggaagguuagcgauucuac	ucaguaguuauucgacguugaagacagucauauuuucugguauggcugaaauggcagauuuuucaccggaagguuagcgauucuac	scaffold4:103128420..103128506:+	DI2	scaffold4	103128420..103128506	103128420	103128506	0
1046	scaffold4_362013	14.7	58 +/- 3%	-	49	26	0	23	no	-	-	-	-	gcugguagggauuuauua	uguaacauccucuaccaggca	uguaacauccucuaccaggcauuacuacuguuuauccucuguuacucuauaacauuaguuguaucauugcugguagggauuuauua	scaffold4:103172350..103172436:+	AMP3	scaffold4	103172350..103172436	103172350	103172436	0
1047	scaffold4_600045	63.1	74 +/- 4%	-	130	129	0	1	no	-	-	-	-	gaucuaucgacgucuugcuggga	caguuagauauacgacccauugc	caguuagauauacgacccauugcggugggagagaucuaucgacgucuugcuggga	scaffold4:104732786..104732841:-	DI3	scaffold4	104732786..104732841	104732786	104732841	0
1048	scaffold4_652636	30.0	72 +/- 3%	-	57	49	4	4	yes	-	-	-	-	gcucgcggcauggaauaaag	gaauuucaugccgcgagcguuu	gaauuucaugccgcgagcguuuugauuggucgaaaauugcucgcggcauggaauaaag	scaffold4:106138892..106138950:-	PDii2	scaffold4	106138892..106138950	106138892	106138950	0
1049	scaffold4_395104	84.8	87 +/- 2%	-	170	161	0	9	yes	-	-	-	-	cuguuuacacgugacaugucu	gcgaaugucacgucuaaac	cuguuuacacgugacaugucuuguguuuucaaugagcgaaugucacgucuaaac	scaffold4:107105678..107105732:+	HL2	scaffold4	107105678..107105732	107105678	107105732	0
1050	scaffold4_414360	17.2	58 +/- 3%	-	53	48	0	5	no	-	-	-	-	uccggcaguggcuugugca	uauaaccauuuggagucaaug	uauaaccauuuggagucaauguuuccggcaguggcuugugca	scaffold4:107278862..107278904:-	AMP3	scaffold4	107278862..107278904	107278862	107278904	0
1051	scaffold4_358643	20.3	67 +/- 3%	-	78	63	0	15	no	-	-	-	-	guaucaaguuuuuuaacaaug	uuauaagaagcgguugauuu	uuauaagaagcgguugauuuuuuguaucaaguuuuuuaacaaug	scaffold4:107369690..107369734:-	IST3	scaffold4	107369690..107369734	107369690	107369734	0
1052	scaffold4_592661	15.2	76 +/- 4%	-	33	29	3	1	yes	-	-	-	-	uuagaaauugcgcagaac	ucagcaauuucauucauuaca	uuagaaauugcgcagaacgagaaguugcuuugagauuuucaaguaaggcugauuuuuguucagcaauuucauucauuaca	scaffold4:107512307..107512387:-	EC3	scaffold4	107512307..107512387	107512307	107512387	0
1053	scaffold4_596429	503.0	48 +/- 4%	-	1018	1014	0	4	no	-	-	-	-	uuucacugaagcaaguguaugug	uuguauaucuuaucaguguuugcc	uuguauaucuuaucaguguuugccauuaauauuuucacugaagcaaguguaugug	scaffold4:107536827..107536882:-	PH2	scaffold4	107536827..107536882	107536827	107536882	0
1054	scaffold4_601951	214.2	74 +/- 4%	-	529	528	0	1	no	-	-	-	-	uuuuaaaaaaagaaaaaaaga	uuuaguuuuuauuuuguaaag	uuuaguuuuuauuuuguaaaguaguguaccguguuuuuaaaaaaagaaaaaaaga	scaffold4:107553858..107553913:-	DI3	scaffold4	107553858..107553913	107553858	107553913	0
1055	scaffold4_525509	506.1	48 +/- 4%	-	1019	1014	0	5	no	-	-	-	-	uuucacugaagcaaguguaugug	uuguauaucuuaucaguguuugcc	uuguauaucuuaucaguguuugccauuaauauuuucacugaagcaaguguaugug	scaffold4:107555078..107555133:+	PH2	scaffold4	107555078..107555133	107555078	107555133	0
1056	scaffold4_525982	0.3	55 +/- 3%	-	507	501	0	6	yes	-	-	-	-	uucuauuggauuuaagucug	cggaccaagaaucucaauaucu	uucuauuggauuuaagucugggcugcuuccgggccacggaccaagaaucucaauaucu	scaffold4:107921692..107921750:+	PH2	scaffold4	107921692..107921750	107921692	107921750	0
1057	scaffold4_415194	30.5	58 +/- 3%	-	93	87	1	5	no	-	-	-	-	cuggacuuggcaggagca	caucacugaaugcaccggau	cuggacuuggcaggagcaagaggaacuggauaagaucaaggaagaacuagcaaaauugccaucacugaaugcaccggau	scaffold4:108239641..108239720:-	AMP3	scaffold4	108239641..108239720	108239641	108239720	0
1058	scaffold4_647835	46.5	70 +/- 3%	-	104	99	1	4	no	-	-	-	-	ccuugaaucauugguuaacacca	ggucuauucaauguucgaacu	ggucuauucaauguucgaacucuaaacaacgaucacacccuugaaucauugguuaacacca	scaffold4:108332336..108332397:+	DI2	scaffold4	108332336..108332397	108332336	108332397	0
1059	scaffold4_389655	205.3	60 +/- 3%	-	403	219	0	184	yes	-	-	-	-	caguaguaguggcuugggcac	auccaagccaugaaccugca	caguaguaguggcuugggcacauaucaggagugacucaaggggccuuucauccaagccaugaaccugca	scaffold4:108563150..108563219:+	AMP1	scaffold4	108563150..108563219	108563150	108563219	0
1060	scaffold4_609227	159.6	76 +/- 2%	-	338	337	0	1	no	-	-	-	-	ucugaagacaauagagcacgugg	uggcucaaauugauucugguca	ucugaagacaauagagcacgugguauaauggcucaaauugauucugguca	scaffold4:109614463..109614513:-	PL1	scaffold4	109614463..109614513	109614463	109614513	0
1061	scaffold4_317029	28.0	67 +/- 3%	-	61	59	0	2	yes	-	-	-	-	ugugaacacucuaucugcuuu	ggucgauagucugaacgcuca	ugugaacacucuaucugcuuuuuuaucagcugauaaaggucgauagucugaacgcuca	scaffold4:110715896..110715954:+	IST3	scaffold4	110715896..110715954	110715896	110715954	0
1062	scaffold4_252920	12.8	72 +/- 3%	-	52	48	3	1	no	-	-	-	-	agggaaaggacugcuaagugug	gaaaagcaaccuaaguggucc	agggaaaggacugcuaagugugaaggaaauuguggaaguagaagcaauagggcuacaggaauauuuagaaaagcaaccuaaguggucc	scaffold4:111738575..111738663:+	IST2	scaffold4	111738575..111738663	111738575	111738663	0
1063	scaffold4_347519	23.8	68 +/- 3%	-	43	29	0	14	yes	-	-	-	-	cguuucgacgugauuuuguuu	caaaaucacgucgaaacgcc	caaaaucacgucgaaacgccaauuaucuugucguuucgacgugauuuuguuu	scaffold4:112175698..112175750:-	IST1	scaffold4	112175698..112175750	112175698	112175750	0
1064	scaffold4_599229	20.1	48 +/- 4%	-	55	30	0	25	no	-	-	-	-	ugauugucugugagagaacg	ucuuucuucagauuucgag	ucuuucuucagauuucgaggauuuugucgucguggaugauugucugugagagaacg	scaffold4:113149003..113149059:-	PH2	scaffold4	113149003..113149059	113149003	113149059	0
1065	scaffold4_416921	454.9	58 +/- 3%	-	922	910	3	9	no	-	-	-	-	gcuucaauauaagauauguug	acuaaucugauacuauuua	gcuucaauauaagauauguugguauuaacuuaaauuaacuccaacuaaucugauacuauuua	scaffold4:113642881..113642943:-	AMP3	scaffold4	113642881..113642943	113642881	113642943	0
1066	scaffold4_483446	36.4	72 +/- 3%	-	94	91	0	3	no	-	-	-	-	cuggaccuacuguuagagaug	uugaugauuguaguugcauuu	uugaugauuguaguugcauuuucaaaauaugaguggauuauuccacuaaaagauuaaacuggaccuacuguuagagaug	scaffold4:113746861..113746940:+	SMA1	scaffold4	113746861..113746940	113746861	113746940	0
1067	scaffold4_600239	93.2	48 +/- 4%	-	186	185	0	1	yes	-	-	-	-	ucgaauucuuaaagcaugug	gcagcuacuagaauucuaaag	gcagcuacuagaauucuaaagaaaagugcuugucgaauucuuaaagcaugug	scaffold4:115512294..115512346:-	PH2	scaffold4	115512294..115512346	115512294	115512346	0
1068	scaffold4_498095	36.5	77 +/- 3%	-	89	88	0	1	no	-	-	-	-	uucacagguagaggcaaaucaga	uaaguuugcagcaaggugaac	uaaguuugcagcaaggugaacaccaaaaugagaaaaguucacagguagaggcaaaucaga	scaffold4:116262980..116263040:-	PDi1	scaffold4	116262980..116263040	116262980	116263040	0
1069	scaffold4_361824	17.5	67 +/- 3%	-	50	49	0	1	no	-	-	-	-	aaagggugugaaggaugaaa	uuaaacugucagaaauug	uuaaacugucagaaauugaggauaaagcaucuuaauguuugucagguggaugcuaucccaaagggugugaaggaugaaa	scaffold4:116538042..116538121:-	IST3	scaffold4	116538042..116538121	116538042	116538121	0
1070	scaffold4_319787	118.7	89 +/- 2%	-	249	242	0	7	no	-	-	-	-	ccgagcuugagcacaguauuuga	cagacuugucaacgagccgag	cagacuugucaacgagccgagccgagccgagcuugagcacaguauuuga	scaffold4:116756648..116756697:-	PH3	scaffold4	116756648..116756697	116756648	116756697	0
1071	scaffold4_635483	23.1	67 +/- 3%	-	73	51	7	15	no	-	-	-	-	aucugauagcagggugugaga	aggcagcauggguuagaagca	aucugauagcagggugugagaaguuagcgcagaauuaguauaaauucaggcauuacaaggugggacgaaugguacauuggagcuugagcaggcagcauggguuagaagca	scaffold4:116774039..116774149:-	PDii1	scaffold4	116774039..116774149	116774039	116774149	0
1072	scaffold4_605211	58.9	69 +/- 3%	-	187	173	12	2	no	-	-	-	-	guaaugaauuagaaucca	aucuuguuuaugaaaaauu	guaaugaauuagaauccauugaauacuucaaucuauuuuucucugaugaagugauauccaaauugaucuuguuuaugaaaaauu	scaffold4:117080048..117080132:-	PDii3	scaffold4	117080048..117080132	117080048	117080132	0
1073	scaffold4_605241	21.0	69 +/- 3%	-	56	50	5	1	no	-	-	-	-	ccucaaagcaaagauuacgccgg	ugugcgaaacauccugaag	ugugcgaaacauccugaagagguacucaauugggacuuucguggcauccagaaagccauuauuaaccucaaagcaaagauuacgccgg	scaffold4:117116264..117116352:-	PDii3	scaffold4	117116264..117116352	117116264	117116352	0
1074	scaffold4_362056	22.9	67 +/- 3%	-	47	19	27	1	yes	-	-	-	-	ucucgggugguuagacgugcg	uaguauaacccuggccuuac	ucucgggugguuagacgugcgauucaaucaaaaugugauagaucacuuuugaaccaaucacuaguauaacccuggccuuac	scaffold4:117118815..117118896:-	IST3	scaffold4	117118815..117118896	117118815	117118896	0
1075	scaffold4_368631	36.7	58 +/- 3%	-	80	34	0	46	no	-	-	-	-	gauaguacuccacauggcca	ggcgaguggacgaacacc	gauaguacuccacauggccaacaugaaggcgaguggacgaacacc	scaffold4:120341023..120341068:+	AMP3	scaffold4	120341023..120341068	120341023	120341068	0
1076	scaffold4_577720	43.1	78 +/- 3%	-	179	101	77	1	no	-	-	-	-	uaaaucuguauugugcaau	uugauuuacaauuuuacugu	uaaaucuguauugugcaauucucaucccuuuuguagcuugaaugacuuacuauaaccuuacucagugauugauuuacaauuuuacugu	scaffold4:120671539..120671627:-	PL2	scaffold4	120671539..120671627	120671539	120671627	0
1077	scaffold4_555437	12.9	72 +/- 3%	-	28	22	0	6	yes	-	-	-	-	uaguauguaucuuugaauaaccu	uucuucauugaugugugcuuug	uaguauguaucuuugaauaaccuuauaugguucuucauugaugugugcuuug	scaffold4:122238170..122238222:-	SMA1	scaffold4	122238170..122238222	122238170	122238222	0
1078	scaffold5_609021	21.7	69 +/- 3%	-	45	44	0	1	yes	-	-	-	-	gaguuggucauucugcaauccccag	aggacauagaauguaccacu	gaguuggucauucugcaauccccagggugacacauugcucaggacauagaauguaccacu	scaffold5:1335394..1335454:+	PDii3	scaffold5	1335394..1335454	1335394	1335454	0
1079	scaffold5_642927	39.4	76 +/- 4%	-	91	28	62	1	no	-	-	-	-	gcaaucgauaggggucag	uguucucagucauugcug	uguucucagucauugcuggacacaauuggugauggacaugguuucaaugguuaaaucugaugccucuccacaagauuaaugcaaucgauaggggucag	scaffold5:1381600..1381698:-	EC1	scaffold5	1381600..1381698	1381600	1381698	0
1080	scaffold5_752613	21.2	70 +/- 4%	-	42	41	0	1	yes	-	-	-	-	cauauauauauauauauaua	uauauauauauauauauagauug	cauauauauauauauauauauauauauauauauauauauauauauauagauug	scaffold5:1672813..1672866:-	EC2	scaffold5	1672813..1672866	1672813	1672866	0
1081	scaffold5_499835	484.0	60 +/- 3%	-	984	187	785	12	no	-	-	-	-	agucaagauguaauuagcag	ugcgauguuucuugggacga	agucaagauguaauuagcaguacgagcacgauugaaaaacgagugaagggugcgauguuucuugggacga	scaffold5:2189355..2189425:-	AMP1	scaffold5	2189355..2189425	2189355	2189425	0
1082	scaffold5_502335	42.2	77 +/- 3%	-	151	150	0	1	no	-	-	-	-	guguguguguugugugug	auauaauaaauauauauau	auauaauaaauauauauauuaaaguguguguguugugugug	scaffold5:2838816..2838857:+	PDi1	scaffold5	2838816..2838857	2838816	2838857	0
1083	scaffold5_832163	398.1	70 +/- 3%	-	789	776	0	13	no	-	-	-	-	ccgagcuugagcacaguauuuga	agacuugucaacgagccgag	agacuugucaacgagccgagccgagccgagccgagccgagcuugagcacaguauuuga	scaffold5:2948266..2948324:-	DI2	scaffold5	2948266..2948324	2948266	2948324	0
1084	scaffold5_437660	5039.4	86 +/- 2%	-	9888	5032	0	4856	yes	-	-	-	-	uuucacugauguaugcuuugg	uaguguguaucuuugaagaa	uaguguguaucuuugaagaaccuuauaugguuuuucacugauguaugcuuugg	scaffold5:3533291..3533344:+	PH1	scaffold5	3533291..3533344	3533291	3533344	0
1085	scaffold5_450741	87.4	60 +/- 3%	-	205	204	0	1	no	-	-	-	-	uaaucuucaaucuuauguguu	cgcaguguauugugauuacag	cgcaguguauugugauuacagagauaauguuaaucuucaaucuuauguguu	scaffold5:4311035..4311086:+	AMP1	scaffold5	4311035..4311086	4311035	4311086	0
1086	scaffold5_486438	11.8	86 +/- 2%	-	39	35	0	4	no	-	-	-	-	ugaaguguuaguuucaccuggg	cgugauggcugacucugaucc	cgugauggcugacucugaucccucguugauucucuaagaagauuauugguuuaugaaguguuaguuucaccuggg	scaffold5:4726281..4726356:-	PH1	scaffold5	4726281..4726356	4726281	4726356	0
1087	scaffold5_610808	10.8	69 +/- 3%	-	26	25	0	1	yes	-	-	-	-	ugaaguugguuuauaaauu	auguaagcuaauuguaauucu	auguaagcuaauuguaauucuaucaaugaauuaucuugaaguugguuuauaaauu	scaffold5:4965906..4965961:+	PDii3	scaffold5	4965906..4965961	4965906	4965961	0
1088	scaffold5_680134	552.5	70 +/- 4%	-	1083	982	0	101	yes	-	-	-	-	uuucauugauguaugcuuugg	uaguguauaucuuugaagaa	uaguguauaucuuugaagaacccuuuauaugguuuuucauugauguaugcuuugg	scaffold5:5068984..5069039:+	EC2	scaffold5	5068984..5069039	5068984	5069039	0
1089	scaffold5_503182	315.6	77 +/- 3%	-	625	622	0	3	no	-	-	-	-	ucaguuaguagccuugguugg	acgcaggugcucacgaguuacc	acgcaggugcucacgaguuaccucaguuaguagccuugguugg	scaffold5:5071821..5071864:+	PDi1	scaffold5	5071821..5071864	5071821	5071864	0
1090	scaffold5_352410	46.8	68 +/- 3%	-	105	86	0	19	yes	-	-	-	-	cagacuugucaacgagccgac	ucggcucguuuaaauuuugu	cagacuugucaacgagccgacauuuccaaucucgacucggcucguuuaaauuuugu	scaffold5:5961170..5961226:+	IST1	scaffold5	5961170..5961226	5961170	5961226	0
1091	scaffold5_501190	24.2	60 +/- 3%	-	46	41	4	1	yes	-	-	-	-	guggcgccguggcuuagu	ucacgcccggugccuuuuu	guggcgccguggcuuagugguaaagcgccugucuaguaaacaggagaucggugguucgaucacgcccggugccuuuuu	scaffold5:6348430..6348508:-	AMP1	scaffold5	6348430..6348508	6348430	6348508	0
1092	scaffold5_499315	1927.2	67 +/- 3%	-	3782	3428	0	354	yes	-	-	-	-	uaguguguaucuuugaggaa	cuucauugauauaugcuuugg	uaguguguaucuuugaggaacuuuguuaugguucuucauugauauaugcuuugg	scaffold5:7079929..7079983:-	AMP2	scaffold5	7079929..7079983	7079929	7079983	0
1093	scaffold5_674474	73.1	48 +/- 4%	-	145	142	1	2	yes	-	-	-	-	ucucguaauguacuggag	uuagugcaaacagaacaag	uuagugcaaacagaacaagguucuuaccaaggaugccucucguaauguacuggag	scaffold5:7186660..7186715:-	PH2	scaffold5	7186660..7186715	7186660	7186715	0
1094	scaffold5_674530	71.2	48 +/- 4%	-	182	169	0	13	no	-	-	-	-	ucagauuguguguauuugauug	ucaucaauaucucagcaaauauug	ucaucaauaucucagcaaauauuggucccauagacuucagauuguguguauuugauug	scaffold5:7191132..7191190:-	PH2	scaffold5	7191132..7191190	7191132	7191190	0
1095	scaffold5_674693	52.2	48 +/- 4%	-	120	77	33	10	no	-	-	-	-	uguuagaaaauugcguug	cguuuuauuuuugcagucacg	uguuagaaaauugcguuggccagguguuuauacuuuugggguuuguauuucuaauaacguuuuauuuuugcagucacg	scaffold5:7205295..7205373:-	PH2	scaffold5	7205295..7205373	7205295	7205373	0
1096	scaffold5_675027	20.1	48 +/- 4%	-	70	58	5	7	no	-	-	-	-	uguuaucauuacauacaaaag	uguuauuguaaaacucaugug	uguuauuguaaaacucaugugguuuuagauauacagggugagcaaaaaguaacugugcaccaaauuauaaugcugaaaaauauguuaucauuacauacaaaag	scaffold5:7237888..7237991:-	PH2	scaffold5	7237888..7237991	7237888	7237991	0
1097	scaffold5_682079	20.0	70 +/- 4%	-	36	33	0	3	yes	-	-	-	-	guucagacuaucgauuuuuuaucag	gauaaaaaaucgauagucu	guucagacuaucgauuuuuuaucagauuauaauuuaucaucugauaaaaaaucgauagucu	scaffold5:7749946..7750007:+	EC2	scaffold5	7749946..7750007	7749946	7750007	0
1098	scaffold5_675611	18.4	48 +/- 4%	-	49	47	1	1	no	-	-	-	-	ugacauuccguuaugugaaaaaug	uacguuacgauggcggcuc	uacguuacgauggcggcucaaaaagcgauuugagaguaaguacgaauuuugacauuccguuaugugaaaaaug	scaffold5:8167058..8167131:-	PH2	scaffold5	8167058..8167131	8167058	8167131	0
1099	scaffold5_675707	48.2	48 +/- 4%	-	123	121	1	1	no	-	-	-	-	cucuugugaaguggaguug	uuuccaaaauuauucaggagg	uuuccaaaauuauucaggaggauauagccaaacacuucuccucaaagguguaccucucuugugaaguggaguug	scaffold5:8300184..8300258:-	PH2	scaffold5	8300184..8300258	8300184	8300258	0
1100	scaffold5_753551	261.5	70 +/- 3%	-	548	532	3	13	no	-	-	-	-	cauuggaagaguugaacaccgugu	cacguuucaaguuuauuacauuuag	cacguuucaaguuuauuacauuuagaucgaaugcagaauuuugcgauauauuacauuggaagaguugaacaccgugu	scaffold5:8506255..8506332:+	DI2	scaffold5	8506255..8506332	8506255	8506332	0
1101	scaffold5_452753	546.7	60 +/- 3%	-	1109	1071	0	38	no	-	-	-	-	gacgaaugagugaucugaca	agggauuacagauauguc	gacgaaugagugaucugacaacuuaacaggaauagggauuacagauauguc	scaffold5:8779894..8779945:+	AMP1	scaffold5	8779894..8779945	8779894	8779945	0
1102	scaffold5_668640	11.2	72 +/- 3%	-	21	19	0	2	yes	-	-	-	-	ugccagagagagaaugacggagg	gaguucguucucucgcuuc	ugccagagagagaaugacggaggucauucaucacaaauguggcaacagaguucguucucucgcuuc	scaffold5:8996845..8996911:+	PDii2	scaffold5	8996845..8996911	8996845	8996911	0
1103	scaffold5_406891	1190.3	67 +/- 3%	-	2403	826	1097	480	no	-	-	-	-	cauuccauucugcuugacaag	ucacucugauaguaaugaucc	ucacucugauaguaaugauccagguuguauuaucuuucuugacaucucaaaagcaauugauugccuuccucauuccauucugcuugacaag	scaffold5:9484360..9484451:-	IST3	scaffold5	9484360..9484451	9484360	9484451	0
1104	scaffold5_648374	11.1	78 +/- 3%	-	20	8	0	12	yes	-	-	-	-	uauauauauauauacauauau	uguauguauauauauauaua	uguauguauauauauauauauauauauauauauauauauacauauau	scaffold5:9887269..9887316:-	PL2	scaffold5	9887269..9887316	9887269	9887316	0
1105	scaffold5_638560	17.9	75 +/- 2%	-	50	40	9	1	no	-	-	-	-	agagugacagcgggagagu	uuugaaagcaugcuucuggaaac	agagugacagcgggagaguggagaauuagagaagagcgucuuuguauggcaagggagagauccauuugaaagcaugcuucuggaaac	scaffold5:11228503..11228590:+	PL3	scaffold5	11228503..11228590	11228503	11228590	0
1106	scaffold5_685744	13.3	74 +/- 4%	-	69	66	2	1	no	-	-	-	-	gcuagucucucaugaacacu	ccuuucuuuggguccuucu	ccuuucuuuggguccuucuauuucagaaauguccuucccacuaccaucuauucugcuagucucucaugaacacu	scaffold5:12232365..12232439:-	DI3	scaffold5	12232365..12232439	12232365	12232439	0
1107	scaffold5_624378	359.6	76 +/- 2%	-	742	722	4	16	no	-	-	-	-	ugaaaaacgagugaaggg	uggaggguugagagucaaga	uggaggguugagagucaagaugaaauaagcagcagcacaagcaugauugaaaaacgagugaaggg	scaffold5:12957908..12957973:+	PL1	scaffold5	12957908..12957973	12957908	12957973	0
1108	scaffold5_616032	24.7	69 +/- 3%	-	94	78	6	10	no	-	-	-	-	gcucgaauaaacguuuaucuauc	uucuucccguuuaugauucagcugg	uucuucccguuuaugauucagcuggccugacgauacuuguuaauuuuuguauacccgcucgaauaaacguuuaucuauc	scaffold5:13544916..13544995:+	PDii3	scaffold5	13544916..13544995	13544916	13544995	0
1109	scaffold5_408152	235.2	67 +/- 3%	-	509	497	10	2	no	-	-	-	-	ucacugggacuggaagacugu	uaguguuuuguguuuuuaa	ucacugggacuggaagacuguauauaacguuggauauucacacagaaugauggaaaaucaaaaaauuauugaauggauguuuuuaguguuuuguguuuuuaa	scaffold5:13621181..13621283:-	IST3	scaffold5	13621181..13621283	13621181	13621283	0
1110	scaffold5_453180	145.8	67 +/- 3%	-	302	191	108	3	no	-	-	-	-	guuugauuuuggacucac	ugagcuaagucauccaguu	guuugauuuuggacucacauuguccuaggacguugccaaccaaggcuuuagagugcuuccuacccugugagcuaagucauccaguu	scaffold5:14170069..14170155:+	AMP2	scaffold5	14170069..14170155	14170069	14170155	0
1111	scaffold5_453640	10.7	67 +/- 3%	-	19	17	0	2	yes	-	-	-	-	auaaccucgauuauccgcuca	ggcggauaaucgagguaauc	auaaccucgauuauccgcucaugucgggaccaaguuuuugagaauucgaguggauaaucgauuuuggcggauaaucgagguaauc	scaffold5:15166143..15166228:+	AMP2	scaffold5	15166143..15166228	15166143	15166228	0
1112	scaffold5_409905	22.5	73 +/- 3%	-	66	65	0	1	no	-	-	-	-	uugcaaaagagauaugaguuc	acaaauaucuccauuuucaacu	uugcaaaagagauaugaguuccuaauaaaacaaauaucuccauuuucaacu	scaffold5:15770200..15770251:+	SMA3	scaffold5	15770200..15770251	15770200	15770251	0
1113	scaffold5_456785	268.6	60 +/- 3%	-	533	492	0	41	yes	-	-	-	-	cuuccuugguguaugcuuugg	uagaguguaucuuugaaaaacc	uagaguguaucuuugaaaaaccuuauuaugguucuuccuugguguaugcuuugg	scaffold5:18230721..18230775:+	AMP1	scaffold5	18230721..18230775	18230721	18230775	0
1114	scaffold5_507011	128.0	60 +/- 3%	-	272	257	10	5	no	-	-	-	-	ccaccaacacgaggaggcgag	ucaacuacucaagaagcgggu	ucaacuacucaagaagcggguggaagcgcaacaaaccaaccgagggagucccgaccaccaacacgaggaggcgag	scaffold5:18235233..18235308:-	AMP1	scaffold5	18235233..18235308	18235233	18235308	0
1115	scaffold5_456807	268.2	60 +/- 3%	-	529	492	0	37	yes	-	-	-	-	cuuccuugguguaugcuuugg	uagauuguaucuuugaagaacc	uagauuguaucuuugaagaaccuuauuaugguucuuccuugguguaugcuuugg	scaffold5:18302359..18302413:+	AMP1	scaffold5	18302359..18302413	18302359	18302413	0
1116	scaffold5_540743	84.3	82 +/- 3%	-	180	162	15	3	no	-	-	-	-	ugcauguuugagugaagagcu	cucuccacaagauuaacgcaaucc	cucuccacaagauuaacgcaauccauaggggucagacaauccuacgccuuaguuuuugcauguuugagugaagagcu	scaffold5:18349295..18349372:-	GA3	scaffold5	18349295..18349372	18349295	18349372	0
1117	scaffold5_455105	135.0	73 +/- 3%	-	300	295	2	3	no	-	-	-	-	ugugauaaaugugauuuuagaug	cucaaaagucaucuacuuacacau	cucaaaagucaucuacuuacacauucugguauaaagccauuuaaaugugauaaaugugauuuuagaug	scaffold5:18814128..18814196:-	SMA3	scaffold5	18814128..18814196	18814128	18814196	0
1118	scaffold5_455106	139.4	73 +/- 3%	-	298	295	0	3	no	-	-	-	-	ugugauaaaugugauuuuagaug	cucaaaagucaucuacuuacacau	ugugauaaaugugauuuuagauguucacaaucuacuacacucaaaagucaucuacuuacacau	scaffold5:18814172..18814235:-	SMA3	scaffold5	18814172..18814235	18814172	18814235	0
1119	scaffold5_455107	131.3	73 +/- 3%	-	298	295	0	3	no	-	-	-	-	ugugauaaaugugauuuuagaug	cucaaaagucaucuacuuacacau	cucaaaagucaucuacuuacacauucugguauaaggccauuuaaaugugauaaaugugauuuuagaug	scaffold5:18814296..18814364:-	SMA3	scaffold5	18814296..18814364	18814296	18814364	0
1120	scaffold5_455108	140.7	73 +/- 3%	-	298	295	0	3	no	-	-	-	-	ugugauaaaugugauuuuagaug	cucaaaagucaucuacuuacacau	ugugauaaaugugauuuuagauguucacaaucuacuacacucaaaagucaucuacuuacacau	scaffold5:18814340..18814403:-	SMA3	scaffold5	18814340..18814403	18814340	18814403	0
1121	scaffold5_681912	45.8	48 +/- 4%	-	131	127	3	1	no	-	-	-	-	gacgauugcauuuuguguagg	uuaacaaaaauguucucuu	uuaacaaaaauguucucuuuucuucaaaauugaaaauuggucacuuuaauucaagauguuaucaaaucgauuugcugcaaaaacagacgauugcauuuuguguagg	scaffold5:19111761..19111867:-	PH2	scaffold5	19111761..19111867	19111761	19111867	0
1122	scaffold5_614686	14.6	48 +/- 4%	-	51	50	0	1	no	-	-	-	-	uggaguugaagauguugaug	ucaucaagcgauuccuuuccc	uggaguugaagauguugauggccuuccgauucuugguucaucaucaagcgauuccuuuccc	scaffold5:19155601..19155662:+	PH2	scaffold5	19155601..19155662	19155601	19155662	0
1123	scaffold5_369955	1488.1	67 +/- 3%	-	2996	1157	1795	44	no	-	-	-	-	caucuaguucuuuguagaauc	ucugcaacuaaucucugcu	caucuaguucuuuguagaaucugccuucuucauauugucucuugccugcuuugcccuugcccuauacuuucucaguuucucagcaucugcaacuaaucucugcu	scaffold5:19273488..19273592:+	IST3	scaffold5	19273488..19273592	19273488	19273592	0
1124	scaffold5_748644	65.1	72 +/- 3%	-	189	187	0	2	no	-	-	-	-	aaugacuuuauuuagccgcugaa	cggcagugaggacaguug	aaugacuuuauuuagccgcugaagacauacacuacaaaaacauaaaaccaagucaaguuuuucggcagugaggacaguug	scaffold5:19379160..19379240:-	PDii2	scaffold5	19379160..19379240	19379160	19379240	0
1125	scaffold5_761390	109.5	70 +/- 3%	-	247	156	72	19	no	-	-	-	-	ggagacaguagaucaucugauagc	gggaagaaugguacauugg	ggagacaguagaucaucugauagcacggugugagaaguuggcacagaaugaguauaaguucaggcaugacaaguugggaagaaugguacauugg	scaffold5:19571518..19571612:+	DI2	scaffold5	19571518..19571612	19571518	19571612	0
1126	scaffold5_457555	16.0	60 +/- 3%	-	67	66	0	1	no	-	-	-	-	ugcuuuguaacuuuaaug	ugacuuuugaguagcuaca	ugacuuuugaguagcuacauacaucacuauggcuuucugcuuuguaacuuuaaug	scaffold5:19975877..19975932:+	AMP1	scaffold5	19975877..19975932	19975877	19975932	0
1127	scaffold5_370186	25.2	67 +/- 3%	-	78	76	1	1	yes	-	-	-	-	aucaaaguucaucaucuucuu	uuggaugacgaacaauuucc	uuggaugacgaacaauuuccucauuguccaauauugauuugaagagaucaaaguucaucaucuucuu	scaffold5:20016044..20016111:+	IST3	scaffold5	20016044..20016111	20016044	20016111	0
1128	scaffold5_363128	11.6	89 +/- 2%	-	52	43	0	9	no	-	-	-	-	uguuuagugacgaauccaaga	ucgacgaccaagaaaccaaag	uguuuagugacgaauccaagauuugccaguuuaaaugauacuggccacaucuucgacgaccaagaaaccaaag	scaffold5:20408374..20408447:-	PH3	scaffold5	20408374..20408447	20408374	20408447	0
1129	scaffold5_510534	13.2	77 +/- 3%	-	35	27	5	3	no	-	-	-	-	uguuaguuucaccuggguag	cuaccccgugauggcugacucugau	cuaccccgugauggcugacucugaucucuuguugacucucuaaauagguuauuggguuacaaaguguguuaguuucaccuggguag	scaffold5:20426328..20426414:+	PDi1	scaffold5	20426328..20426414	20426328	20426414	0
1130	scaffold5_428152	15.3	58 +/- 3%	-	41	39	1	1	no	-	-	-	-	gauucauguauucuagau	uguauucuuauguguuacugg	gauucauguauucuagauggcagcucugaugucucgcuucagcacuaauugccauguauucuuauguguuacugg	scaffold5:20443936..20444011:+	AMP3	scaffold5	20443936..20444011	20443936	20444011	0
1131	scaffold5_456491	97.4	67 +/- 3%	-	234	186	11	37	no	-	-	-	-	uaggcuggcauguuacuuaga	gagaggaugcaaagacca	uaggcuggcauguuacuuagaauagaacagguugauaucggaagagcagaagggauguagggcaaagaugagaggaugcaaagacca	scaffold5:21449626..21449713:+	AMP2	scaffold5	21449626..21449713	21449626	21449713	0
1132	scaffold5_688843	15.7	69 +/- 3%	-	37	36	0	1	no	-	-	-	-	ugagcuauuggaaaaaagggg	uguucucucuucuaacagg	uguucucucuucuaacaggaguugaagucggagccgcggugggcugggccucgacugagcuauuggaaaaaagggg	scaffold5:22320193..22320269:-	PDii3	scaffold5	22320193..22320269	22320193	22320269	0
1133	scaffold5_476131	154.9	58 +/- 3%	-	369	368	0	1	no	-	-	-	-	ugugauaaaugugauuuu	aagucaucaacuuacgcauuc	aagucaucaacuuacgcauucagguauaaagcucuuuaaaugugauaaaugugauuuu	scaffold5:23189612..23189670:-	AMP3	scaffold5	23189612..23189670	23189612	23189670	0
1134	scaffold5_406972	12.7	79 +/- 3%	-	59	44	0	15	no	-	-	-	-	gcauaauggucucagaacacu	guuuugugacaaaaaguauug	gcauaauggucucagaacacuugaaugaauuaauggaacaaugauuggucugaaauauauugauguuuugugacaaaaaguauug	scaffold5:23404274..23404359:-	SMA2	scaffold5	23404274..23404359	23404274	23404359	0
1135	scaffold5_658539	10.9	75 +/- 3%	-	36	35	0	1	yes	-	-	-	-	gugugugucuguuguguu	uauaauaaauauauauaau	uauaauaaauauauauaauauuaaaaugugugugucuguuguguu	scaffold5:23459889..23459934:+	DI1	scaffold5	23459889..23459934	23459889	23459934	0
1136	scaffold5_568024	36.5	72 +/- 3%	-	84	54	0	30	no	-	-	-	-	ucaucauguuuuucaggguau	cuuugagaacauaucagcca	ucaucauguuuuucaggguauaguccuuuuagagugcuuugagaacauaucagcca	scaffold5:24131084..24131140:+	SMA1	scaffold5	24131084..24131140	24131084	24131140	0
1137	scaffold5_358398	604.1	68 +/- 3%	-	1218	920	282	16	no	-	-	-	-	gcguucaaagaugauagacag	aggaagguugucaugcugaga	aggaagguugucaugcugagaggaagagaugugcugacgaauuuuugggaauacauaacgaaaaacaaggcguucaaagaugauagacag	scaffold5:25085815..25085905:+	IST1	scaffold5	25085815..25085905	25085815	25085905	0
1138	scaffold5_700763	13.6	76 +/- 2%	-	59	57	1	1	no	-	-	-	-	uggaauuugcuuuacaucuugaau	uucgcauguuaauaguuug	uucgcauguuaauaguuuguccaugcuacuuguugccacacagacaccugauggaauuugcuuuacaucuugaau	scaffold5:26702876..26702951:-	PL1	scaffold5	26702876..26702951	26702876	26702951	0
1139	scaffold5_618955	48.3	48 +/- 4%	-	119	117	0	2	no	-	-	-	-	uaguguuuaacuuugacgaacc	uuuuucauuguugauuacuugg	uaguguuuaacuuugacgaaccuuauaugguuuuucauuguugauuacuugg	scaffold5:26993964..26994016:+	PH2	scaffold5	26993964..26994016	26993964	26994016	0
1140	scaffold5_568426	31.8	77 +/- 3%	-	80	79	0	1	no	-	-	-	-	uguuccacuuuucaauug	ucuugaaaauguguauacuag	uguuccacuuuucaauuguuuuguaucacacaauuccaugauaugcaccgugcucuugaaaauguguauacuag	scaffold5:27004929..27005003:-	PDi1	scaffold5	27004929..27005003	27004929	27005003	0
1141	scaffold5_359124	160.3	68 +/- 3%	-	362	360	0	2	no	-	-	-	-	ucuagguuuuuguauugaauu	auucuaaauaugccugauug	ucuagguuuuuguauugaauuacugauucuaaauaugccugauug	scaffold5:27563492..27563537:+	IST1	scaffold5	27563492..27563537	27563492	27563537	0
1142	scaffold5_624202	1881.2	69 +/- 3%	-	3691	3204	0	487	yes	-	-	-	-	uaguguguaucuuugaagaa	uuucauugauguaugcuuagg	uaguguguaucuuugaagaaccuuauuaugguuuuucauugauguaugcuuagg	scaffold5:27972471..27972525:+	PDii3	scaffold5	27972471..27972525	27972471	27972525	0
1143	scaffold5_656063	124.5	67 +/- 3%	-	269	229	6	34	no	-	-	-	-	ucaacgucauuuuucaauaucugcc	ucagaugucaaaauguguuga	ucagaugucaaaauguguugacuuucuugauuuuuuuuuaaaucggauauauuuuucggauuuuucgucucaacgucauuuuucaauaucugcc	scaffold5:28689930..28690024:+	PDii1	scaffold5	28689930..28690024	28689930	28690024	0
1144	scaffold5_409167	37.4	79 +/- 3%	-	77	76	0	1	yes	-	-	-	-	uucgaaguuuuguggaaucca	gaauccacgaaaauagacaag	gaauccacgaaaauagacaagcgaaauauaauucacguucgaaguuuuguggaaucca	scaffold5:30301287..30301345:-	SMA2	scaffold5	30301287..30301345	30301287	30301345	0
1145	scaffold5_409168	39.0	79 +/- 3%	-	81	76	4	1	yes	-	-	-	-	uucgaaguuuuguggaaucca	gaauccacgaaaauagacaag	uucgaaguuuuguggaauccacaaaaauauauuacaagugaaacaacaaauucgagcauuuuguggaauccacgaaaauagacaag	scaffold5:30301324..30301410:-	SMA2	scaffold5	30301324..30301410	30301324	30301410	0
1146	scaffold5_688635	350.2	48 +/- 4%	-	699	697	1	1	no	-	-	-	-	cguuuuaccguuguuuaag	uuuucgauuguaaaugggccuug	cguuuuaccguuguuuaagguguauguauugugaucaagcacuuuuucgauuguaaaugggccuug	scaffold5:32139752..32139818:-	PH2	scaffold5	32139752..32139818	32139752	32139818	0
1147	scaffold5_621545	16.0	48 +/- 4%	-	59	36	0	23	no	-	-	-	-	ugcaacugaaaucgaugaugauuug	uguauguuauugaugauaaugaag	uguauguuauugaugauaaugaagguuuuuauacugaugaagaagaauaugcaacugaaaucgaugaugauuug	scaffold5:32397138..32397212:+	PH2	scaffold5	32397138..32397212	32397138	32397212	0
1148	scaffold5_461000	21.6	67 +/- 3%	-	88	87	0	1	no	-	-	-	-	uuuugccgcuuguaagaaug	uacuuagaguccauacag	uuuugccgcuuguaagaauguugcugcaauguacuuagaguccauacag	scaffold5:33597196..33597245:+	AMP2	scaffold5	33597196..33597245	33597196	33597245	0
1149	scaffold5_400413	1.8	76 +/- 2%	-	246	244	0	2	yes	-	-	-	-	auaaaagucgauagugggaac	acauuaucgacauuuaucaccg	acauuaucgacauuuaucaccgauuucuugacaggugauaaaagucgauagugggaac	scaffold5:33875163..33875221:-	IST1	scaffold5	33875163..33875221	33875163	33875221	0
1150	scaffold5_689904	70.3	48 +/- 4%	-	136	130	0	6	yes	-	-	-	-	ucugauuggucgagaggug	augauuggucgagaggugg	ucugauuggucgagaggugggcagaaggaggugucacuaacucggcuuaugauuggucgagaggugg	scaffold5:33939586..33939653:-	PH2	scaffold5	33939586..33939653	33939586	33939653	0
1151	scaffold5_513565	57.8	60 +/- 3%	-	131	119	2	10	no	-	-	-	-	ucagguugcaaauagauaga	ugucuugaguaagcacugagcuaaug	ucagguugcaaauagauagagcacuuuuacacaauagagauuaagucaaguugugucgugucuugaguaagcacugagcuaaug	scaffold5:34455191..34455275:-	AMP1	scaffold5	34455191..34455275	34455191	34455275	0
1152	scaffold5_690450	143.0	48 +/- 4%	-	287	182	0	105	no	-	-	-	-	ugauaauccaaauaucacgcgag	ucgaguaguagauuugcagcuugcg	ugauaauccaaauaucacgcgagggcgagacgcauaaugguccuuccccgacgaauggcccucgaguaguagauuugcagcuugcg	scaffold5:34783923..34784009:-	PH2	scaffold5	34783923..34784009	34783923	34784009	0
1153	scaffold5_659862	35.0	67 +/- 3%	-	98	96	1	1	no	-	-	-	-	ugcauugauuguuuuuguuauuaug	ugugugaauaguggacucaguguga	ugugugaauaguggacucagugugagggaauuuguaacuacuuaagaguuuagugcauugauuguuuuuguuauuaug	scaffold5:35616560..35616638:+	PDii1	scaffold5	35616560..35616638	35616560	35616638	0
1154	scaffold5_772088	17.8	70 +/- 3%	-	34	25	8	1	yes	-	-	-	-	ugcgcuagcuuuaaaucuuggg	cagaaagauugugcuugcuagagcg	cagaaagauugugcuugcuagagcgagcuuuuuccguucacacagaaagcgagcuugcgcuagcuuuaaaucuuggg	scaffold5:35652544..35652621:+	DI2	scaffold5	35652544..35652621	35652544	35652621	0
1155	scaffold5_699845	50.7	70 +/- 4%	-	111	108	0	3	no	-	-	-	-	ucggacggauuuuugaguaaua	uuauucaagaaaugcgucaugau	uuauucaagaaaugcgucaugauguggaugaaucggacggauuuuugaguaaua	scaffold5:36758637..36758691:+	EC2	scaffold5	36758637..36758691	36758637	36758691	0
1156	scaffold5_724568	28.9	75 +/- 2%	-	140	139	0	1	no	-	-	-	-	gaaucucuuaauuuguugu	uuacaaaugaauaaaugaug	uuacaaaugaauaaaugaugacuuuuuugaaucucuuaauuuguugu	scaffold5:38592332..38592379:-	PL3	scaffold5	38592332..38592379	38592332	38592379	0
1157	scaffold5_465589	12.0	60 +/- 3%	-	21	10	6	5	yes	-	-	-	-	uggcaaugauuuguuuuu	ugaacacuugccacccuaa	uggcaaugauuuguuuuuguuggagcauauguuuuuucuugugagcucuaugcuccacaugaacacuugccacccuaa	scaffold5:39259593..39259671:+	AMP1	scaffold5	39259593..39259671	39259593	39259671	0
1158	scaffold5_599228	27.7	76 +/- 4%	-	88	86	0	2	no	-	-	-	-	uguuauugcagcuuagaacu	ucuaucuagagguuuaua	ucuaucuagagguuuauagcacacuaguguuuuauccaaaagcaaaagaacacauaaaauguuauugcagcuuagaacu	scaffold5:39392866..39392945:+	EC1	scaffold5	39392866..39392945	39392866	39392945	0
1159	scaffold5_619207	284.7	76 +/- 3%	-	594	593	0	1	no	-	-	-	-	uuguucauuggcguauacuugg	ugguauguguuuuugaaaaac	ugguauguguuuuugaaaaaccucauuacaguuguucauuggcguauacuugg	scaffold5:39521622..39521675:-	PDi3	scaffold5	39521622..39521675	39521622	39521675	0
1160	scaffold5_436187	10.2	58 +/- 3%	-	28	26	1	1	yes	-	-	-	-	aucuuuacuagaucuucucc	cacagguuuagugaacauagaug	aucuuuacuagaucuucuccgauuucuugauuacuuguuuauucacagguuuagugaacauagaug	scaffold5:40668878..40668944:+	AMP3	scaffold5	40668878..40668944	40668878	40668944	0
1161	scaffold5_858121	107.3	70 +/- 3%	-	210	191	0	19	yes	-	-	-	-	ccgugagaaaagucaacccaaug	uuggucucuacugcaguucacggaa	ccgugagaaaagucaacccaauggcaaggaaccugauuggucucuacugcaguucacggaa	scaffold5:40814700..40814761:-	DI2	scaffold5	40814700..40814761	40814700	40814761	0
1162	scaffold5_733605	32.3	67 +/- 3%	-	75	61	0	14	no	-	-	-	-	gcggacauacaaaauauuaguga	ugauguuuauuguagaaaacugg	ugauguuuauuguagaaaacuggucaagucaaugucaaaucgcuuugcugcgugcuuggccaauaauugcggacauacaaaauauuaguga	scaffold5:40970270..40970361:-	PDii1	scaffold5	40970270..40970361	40970270	40970361	0
1163	scaffold5_762064	22.7	72 +/- 3%	-	77	75	1	1	yes	-	-	-	-	gugugugugugugugugca	gcuacaaacuacaaauacaug	gcuacaaacuacaaauacauguauuuacaaaauaauaauaaaauauauauagaauaaaugugugugugugugugugca	scaffold5:41222801..41222879:-	PDii2	scaffold5	41222801..41222879	41222801	41222879	0
1164	scaffold5_627553	16011.1	48 +/- 4%	-	31480	31479	0	1	no	-	-	-	-	uguuaugaugaauuuguag	ggaugauauauuaugauauu	uguuaugaugaauuuguaggcggaugauauauuaugauauu	scaffold5:41601033..41601074:+	PH2	scaffold5	41601033..41601074	41601033	41601074	0
1165	scaffold5_703739	19.8	70 +/- 4%	-	45	44	0	1	yes	-	-	-	-	cauauauauauauauauaua	uauauauauauauauaaagauag	cauauauauauauauauauauauauauauauauauauauauauaaagauag	scaffold5:41724850..41724901:+	EC2	scaffold5	41724850..41724901	41724850	41724901	0
1166	scaffold5_627783	18.6	48 +/- 4%	-	55	54	0	1	no	-	-	-	-	ugaauaaggucuguugugaag	ugcaugaagggacuuuucuguugug	ugaauaaggucuguugugaagggcaaucgcauaugcugcaugaagggacuuuucuguugug	scaffold5:42138072..42138133:+	PH2	scaffold5	42138072..42138133	42138072	42138133	0
1167	scaffold5_577914	64.3	72 +/- 3%	-	141	46	61	34	no	-	-	-	-	cgagaacacgccgagacaucc	ccuuccuuggccgugucgucg	ccuuccuuggccgugucgucgagccgggaaaauaucgaucaaaaacgaugcuaaggauuuccuagacaaaauagagaugcgagaacacgccgagacaucc	scaffold5:42851208..42851308:+	SMA1	scaffold5	42851208..42851308	42851208	42851308	0
1168	scaffold5_727550	48.7	75 +/- 2%	-	113	49	60	4	no	-	-	-	-	ugauagcugagguggaacuau	uaguaaaccagcuucaguuuuu	ugauagcugagguggaacuaucacgaaccaauggaaaugaagaaaagcgaguuauucuccauccaacuaguaaaccagcuucaguuuuu	scaffold5:43248562..43248651:-	PL3	scaffold5	43248562..43248651	43248562	43248651	0
1169	scaffold5_509079	29.7	87 +/- 2%	-	55	48	0	7	yes	-	-	-	-	caaaaguuguucguguagcau	cuacacgaacgauuuuuguug	cuacacgaacgauuuuuguugccaacaaaaaucggcgacaaaaguuguucguguagcau	scaffold5:43447074..43447133:-	HL3	scaffold5	43447074..43447133	43447074	43447133	0
1170	scaffold5_404216	17.3	68 +/- 3%	-	36	34	0	2	yes	-	-	-	-	caaucgcuagucuaaucgugg	gugguuagacgugcaauucuuuc	gugguuagacgugcaauucuuucaaaugugauagaucaacuucgaacaaucgcuagucuaaucgugg	scaffold5:45375290..45375357:-	IST1	scaffold5	45375290..45375357	45375290	45375357	0
1171	scaffold5_622722	1078.8	76 +/- 3%	-	2126	2123	0	3	no	-	-	-	-	guccugucacggucgcca	gguggcugguagggaaacuuaac	guccugucacggucgccauguagaaucgguggcugguagggaaacuuaac	scaffold5:45913529..45913579:-	PDi3	scaffold5	45913529..45913579	45913529	45913579	0
1172	scaffold5_484791	20.0	58 +/- 3%	-	46	35	9	2	no	-	-	-	-	uagucagggguguuuaagg	uuaagaucccacugauggcgau	uuaagaucccacugauggcgauggcacuggcgucacaaucgauugugaaguccuucguauagucagggguguuuaagg	scaffold5:45917548..45917626:-	AMP3	scaffold5	45917548..45917626	45917548	45917626	0
1173	scaffold5_516267	10.9	67 +/- 3%	-	42	41	0	1	no	-	-	-	-	aggaaguauugaaauaagu	ucguucaauuguuucaag	aggaaguauugaaauaagugggugauugcugucaacuauucguucaauuguuucaag	scaffold5:45927069..45927126:-	AMP2	scaffold5	45927069..45927126	45927069	45927126	0
1174	scaffold5_404787	110.8	68 +/- 3%	-	214	209	0	5	yes	-	-	-	-	ugauaaaagucgauagugug	ccacuaucggcuuuuaucaucu	ccacuaucggcuuuuaucaucugucaagaaaucggugauaaaagucgauagugug	scaffold5:46159267..46159322:-	IST1	scaffold5	46159267..46159322	46159267	46159322	0
1175	scaffold5_669141	11.8	78 +/- 3%	-	33	32	0	1	no	-	-	-	-	gucuuggccacuuucaaacggau	aauguuuggcuauauucgacaaca	gucuuggccacuuucaaacggauccucuugaaggaauguuuggcuauauucgacaaca	scaffold5:46989280..46989338:-	PL2	scaffold5	46989280..46989338	46989280	46989338	0
1176	scaffold5_730372	35.1	75 +/- 2%	-	94	20	51	23	no	-	-	-	-	uggaucgauccauacgaga	ucgaaggauaaugaaucgaaa	ucgaaggauaaugaaucgaaagaaauggugcggaugucaagguuaggaagacgaaaggcaaugagaacaccaccauggcgacuacuggaucgauccauacgaga	scaffold5:47145504..47145608:-	PL3	scaffold5	47145504..47145608	47145504	47145608	0
1177	scaffold5_517079	521.2	67 +/- 3%	-	1043	1042	0	1	yes	-	-	-	-	agaaacaucgcacccuucacu	augauguugucacuuucucca	augauguugucacuuucuccacucgucgucccaagaaacaucgcacccuucacu	scaffold5:47165374..47165428:-	AMP2	scaffold5	47165374..47165428	47165374	47165428	0
1178	scaffold5_675046	30.7	75 +/- 3%	-	79	55	23	1	no	-	-	-	-	ucaacaggaguguauaaaac	uuuugaaauauauauugcugauau	ucaacaggaguguauaaaaccauguguguacaauuuguccuuauuuucuuuggaacauuuuaacaugauuuugaaauauauauugcugauau	scaffold5:47194825..47194917:-	PDi2	scaffold5	47194825..47194917	47194825	47194917	0
1179	scaffold5_485998	374.4	58 +/- 3%	-	845	665	0	180	no	-	-	-	-	ugaacuucauuuuguugguua	caucuucaagauuuacuaguu	ugaacuucauuuuguugguuaauguagucccauuuuuguuguaaaauuuuauuuucuugcuuacugacaucaucuucaagauuuacuaguu	scaffold5:47931725..47931816:-	AMP3	scaffold5	47931725..47931816	47931725	47931816	0
1180	scaffold5_422654	71.1	73 +/- 3%	-	147	112	0	35	no	-	-	-	-	ccacuuuuuucugauuggucg	ucugauuggucgagaggugg	ccacuuuuuucugauuggucgagagguggaucauauuucgugccacuuuuucugauuggucgagaggugg	scaffold5:48149949..48150019:+	SMA3	scaffold5	48149949..48150019	48149949	48150019	0
1181	scaffold5_624208	15.6	76 +/- 3%	-	40	39	0	1	no	-	-	-	-	ucacgaggacgaaguuuaaacaau	ugucucacguuuuggcugagga	ugucucacguuuuggcugaggaucacgaggacgaaguuuaaacaau	scaffold5:48227618..48227664:-	PDi3	scaffold5	48227618..48227664	48227618	48227664	0
1182	scaffold5_524046	17.2	77 +/- 3%	-	43	29	13	1	no	-	-	-	-	gaucaaccuaucgagcaaugau	ucauuguguggugcggugucuug	ucauuguguggugcggugucuuguggaaucagauuuucggcccguuuaucuucaaagacgagaaugguacaggaaccacaguaaacggaucaaccuaucgagcaaugau	scaffold5:48228109..48228218:+	PDi1	scaffold5	48228109..48228218	48228109	48228218	0
1183	scaffold5_470520	64.7	60 +/- 3%	-	138	89	48	1	no	-	-	-	-	accgugaauaucgaaggggug	gcuuugaagaucucgcuaauugauu	accgugaauaucgaaggggugguugaggcauugagucaucuaauugauacuuggcgcuaagugcuuugaagaucucgcuaauugauu	scaffold5:49335842..49335929:+	AMP1	scaffold5	49335842..49335929	49335842	49335929	0
1184	scaffold5_670241	145.5	67 +/- 3%	-	282	273	0	9	yes	-	-	-	-	ugaaugucgcguguuuugggug	cccaaaacacgcgacauucucuacu	cccaaaacacgcgacauucucuacuugaguuguugaaugucgcguguuuugggug	scaffold5:50215717..50215772:+	PDii1	scaffold5	50215717..50215772	50215717	50215772	0
1185	scaffold5_639026	87.3	69 +/- 3%	-	178	160	13	5	yes	-	-	-	-	gaaauucauaauguguaaaug	uauauugugaaugucaucuca	uauauugugaaugucaucucauuugacuuguauauuaaccauuaauuuaggugcuacuguuugaaauucauaauguguaaaug	scaffold5:52080453..52080536:+	PDii3	scaffold5	52080453..52080536	52080453	52080536	0
1186	scaffold5_770187	35.6	72 +/- 3%	-	95	75	8	12	no	-	-	-	-	uguuaaaagagaauuuggaauug	ccgucuuuauuguuuuggaua	uguuaaaagagaauuuggaauugggaauggauauccgauauuuuacaguuuuugguguaauuuaccaauuuugggucauuugccgucuuuauuguuuuggaua	scaffold5:52961806..52961909:-	PDii2	scaffold5	52961806..52961909	52961806	52961909	0
1187	scaffold5_338544	294.8	72 +/- 3%	-	594	273	318	3	no	-	-	-	-	uucacaaguguucaugagag	ucuaaagaagaugaagaacugg	ucuaaagaagaugaagaacuggaaggcgcccggcagagaugagguacauggguauuggcugaagaguucacaaguguucaugagag	scaffold5:53265666..53265752:-	IST2	scaffold5	53265666..53265752	53265666	53265752	0
1188	scaffold5_393622	77.4	90 +/- 2%	-	189	188	0	1	no	-	-	-	-	uagauguaguuuuuaauuugg	cauagucuaugcaucuuua	cauagucuaugcaucuuuaaaugacuuuaguagauguaguuuuuaauuugg	scaffold5:53274861..53274912:+	HL1	scaffold5	53274861..53274912	53274861	53274912	0
1189	scaffold5_706833	531.1	69 +/- 3%	-	1107	1106	0	1	no	-	-	-	-	aucgugcuuguacugcugcuaau	gucaccuucuccauucgccg	gucaccuucuccauucgccguuuuuuaaucgugcuuguacugcugcuaau	scaffold5:53344445..53344495:-	PDii3	scaffold5	53344445..53344495	53344445	53344495	0
1190	scaffold5_672385	26.2	67 +/- 3%	-	60	55	4	1	no	-	-	-	-	uccuuaccgaucagcguaccgcacg	ugcugcugcccuuuggaucugaa	ugcugcugcccuuuggaucugaaaguaccaucaauugagcgugcuuuccuuaccgaucagcguaccgcacg	scaffold5:53717807..53717878:+	PDii1	scaffold5	53717807..53717878	53717807	53717878	0
1191	scaffold5_762070	23.6	74 +/- 4%	-	45	25	18	2	yes	-	-	-	-	ucgacuuuuaucagccgauaaaa	uuuaucagcugauaaauua	uuuaucagcugauaaauuaucagaugacaguaaucuggcuguuuugccaaaaaaucggauggagcguucagacugucgacuuuuaucagccgauaaaa	scaffold5:54226939..54227037:-	GA2	scaffold5	54226939..54227037	54226939	54227037	0
1192	scaffold5_787042	1456.0	70 +/- 3%	-	2872	2870	0	2	no	-	-	-	-	guccugucacggucgcca	ggcugguacggaaacuuaac	guccugucacggucgccauguagaaucaugggcugguacggaaacuuaac	scaffold5:54734615..54734665:+	DI2	scaffold5	54734615..54734665	54734615	54734665	0
1193	scaffold5_473678	136.5	60 +/- 3%	-	289	150	29	110	no	-	-	-	-	cuaagcauuuuguuaagaucu	uuauaauaagaugcauagguu	cuaagcauuuuguuaagaucuaguuuuacauuuuuacgcuuaaauuuaaaaacguacucaauuaaaauuugaaauguuauaauaagaugcauagguu	scaffold5:55783401..55783498:+	AMP1	scaffold5	55783401..55783498	55783401	55783498	0
1194	scaffold5_787307	109.4	70 +/- 4%	-	230	106	67	57	no	-	-	-	-	uucuugaagcucgguggcgg	cgcuguccgaccucaaaa	uucuugaagcucgguggcggggaaaacaaaucaaucgcuguuuauuauacaguuuaauuagauuucagcuaugccccaauuucgcuguccgaccucaaaa	scaffold5:56091428..56091528:-	EC2	scaffold5	56091428..56091528	56091428	56091528	0
1195	scaffold5_471880	30.3	67 +/- 3%	-	59	58	0	1	yes	-	-	-	-	aucaccaucaccaguuauuacgc	ggugacuagugauagugauua	aucaccaucaccaguuauuacgcaaauagcggugacuagugauagugauua	scaffold5:56438721..56438772:+	AMP2	scaffold5	56438721..56438772	56438721	56438772	0
1196	scaffold5_637343	102.8	48 +/- 4%	-	225	205	19	1	no	-	-	-	-	ucguaaaagacguauucugg	cgagucgaacuuuucgaauuc	ucguaaaagacguauucugggaaaaaaauucaaaugccgucuuguccggaauguuuaucuccgagucgaacuuuucgaauuc	scaffold5:56936653..56936735:+	PH2	scaffold5	56936653..56936735	56936653	56936735	0
1197	scaffold5_744534	33.5	67 +/- 3%	-	76	44	0	32	no	-	-	-	-	cacuuuuuucugauuggucg	uucugauuggucgagaggug	uucugauuggucgagagguggcugcaagccugauccacuuuuuucugauuggucg	scaffold5:58410781..58410836:-	PDii1	scaffold5	58410781..58410836	58410781	58410836	0
1198	scaffold5_307516	16.1	72 +/- 3%	-	92	89	0	3	no	-	-	-	-	gcaccuucugugaugauuugg	caaagauucaacacauguuacacgc	caaagauucaacacauguuacacgcaaaaaacuguccgcucagcaccuucugugaugauuugg	scaffold5:58477861..58477924:+	IST2	scaffold5	58477861..58477924	58477861	58477924	0
1199	scaffold5_444054	1.9	70 +/- 2%	-	254	223	0	31	yes	-	-	-	-	ccacuaucgacuuuuaucauc	uaaaagucgauagucugaacg	ccacuaucgacuuuuaucaucugucaagaaaucggcugauaaaagucgauagucugaacg	scaffold5:58538013..58538073:+	AMP3	scaffold5	58538013..58538073	58538013	58538073	0
1200	scaffold5_340042	96.6	72 +/- 3%	-	209	187	0	22	no	-	-	-	-	cuaaaugaugauaacguug	cuuguuaucccugucugauu	cuaaaugaugauaacguuguuaugauucgugaucuuguuaucccugucugauu	scaffold5:59071922..59071975:-	IST2	scaffold5	59071922..59071975	59071922	59071975	0
1201	scaffold5_675179	16.0	67 +/- 3%	-	30	17	10	3	yes	-	-	-	-	uuguaaacaaugaugugacgucg	gaugugacauguuuauuug	gaugugacauguuuauuugauguucugggaugauuuucauaaugugaucuauuguuuugucaauuagaauauuuguaaacaaugaugugacgucg	scaffold5:59082596..59082691:+	PDii1	scaffold5	59082596..59082691	59082596	59082691	0
1202	scaffold5_872121	18.8	70 +/- 3%	-	61	59	0	2	no	-	-	-	-	guguguguguauguguggu	ucacguguauauaauauaauu	guguguguguaugugugguugucucacguguauauaauauaauu	scaffold5:59372598..59372642:-	DI2	scaffold5	59372598..59372642	59372598	59372642	0
1203	scaffold5_587044	16.7	72 +/- 3%	-	98	51	33	14	no	-	-	-	-	uuacaugcaacaaacugucc	caguuuacaucauaccggcca	caguuuacaucauaccggccacauguucgacgaccaagaaaccaaagauucaacacauguuacaugcaacaaacugucc	scaffold5:59859456..59859535:+	SMA1	scaffold5	59859456..59859535	59859456	59859535	0
1204	scaffold5_705569	11.4	48 +/- 4%	-	66	63	2	1	no	-	-	-	-	uugguucucgauuuuaauug	auuuugaguagcgacaucuag	auuuugaguagcgacaucuaguaaaauuagaaauuauuccguugccuaaauuuauuggcuuccagucuuaagaucuuguaaaguuuauugguucucgauuuuaauug	scaffold5:60114843..60114950:-	PH2	scaffold5	60114843..60114950	60114843	60114950	0
1205	scaffold5_466710	29.8	87 +/- 2%	-	55	48	0	7	yes	-	-	-	-	caaaaguuguucguguagcau	cuacacgaacgauuuuuguug	cuacacgaacgauuuuuguugccaacaaaaaucggcgacaaaaguuguucguguagcau	scaffold5:60161583..60161642:+	HL3	scaffold5	60161583..60161642	60161583	60161642	0
1206	scaffold5_370898	38.8	68 +/- 3%	-	79	78	0	1	yes	-	-	-	-	cgucacaucgcuaauuaucuc	gguuguuggacgugcgauucaau	cgucacaucgcuaauuaucucggguuguuggacgugcgauucaau	scaffold5:60273410..60273455:+	IST1	scaffold5	60273410..60273455	60273410	60273455	0
1207	scaffold5_491172	0.0	64 +/- 2%	-	7269	7265	0	4	yes	-	-	-	-	uuuuucauugauguaugcuuug	gguuauguaucuuugaagaacc	gguuauguaucuuugaagaacccuuuauaugguuuuucauugauguaugcuuug	scaffold5:60873787..60873841:-	AMP3	scaffold5	60873787..60873841	60873787	60873841	0
1208	scaffold5_473738	15.6	67 +/- 3%	-	31	23	7	1	yes	-	-	-	-	ucucgggugguuagacgugcg	cuagucuaacuguggcaua	ucucgggugguuagacgugcgauucauucaaaaugugauagaucacuuuugagcaaaucacuagucuaacuguggcaua	scaffold5:61055911..61055990:+	AMP2	scaffold5	61055911..61055990	61055911	61055990	0
1209	scaffold5_427909	97.6	73 +/- 3%	-	227	67	155	5	no	-	-	-	-	gugcuaaaaucaagaugguug	agaugagugugaugaggcgcaa	agaugagugugaugaggcgcaauguucacagguagaggcaaaucagaagggggagccacagaaaaggaaauaccaaaugucuuaguagugcuaaaaucaagaugguug	scaffold5:62519058..62519166:+	SMA3	scaffold5	62519058..62519166	62519058	62519166	0
1210	scaffold5_385366	132.4	67 +/- 3%	-	308	268	39	1	no	-	-	-	-	guagacuggucaugaaaagac	uuuucgaaggcggguuguaaaa	guagacuggucaugaaaagacacgaacauagaugauaaaucaguaaugggaaugcgaaagguacuuuucgaaggcggguuguaaaa	scaffold5:62520818..62520904:+	IST3	scaffold5	62520818..62520904	62520818	62520904	0
1211	scaffold5_385380	12.3	67 +/- 3%	-	77	64	0	13	no	-	-	-	-	uuguucucugauaagugauag	uaucaaguuauccauuuacaaa	uuguucucugauaagugauagaauauauaauggaaacuccagugacauaguauuuacauuuuccuauuaacaauuuguuaucaaguuauccauuuacaaa	scaffold5:62558839..62558939:+	IST3	scaffold5	62558839..62558939	62558839	62558939	0
1212	scaffold5_341070	38.7	72 +/- 3%	-	86	66	19	1	no	-	-	-	-	uguaguguugguauugccug	ggcugccgauuugcacgau	uguaguguugguauugccuguagaagcgcaacuagucucgaauguucuuugaagacaaucgggguuuggcugccgauuugcacgau	scaffold5:63051580..63051666:-	IST2	scaffold5	63051580..63051666	63051580	63051666	0
1213	scaffold5_752966	154.9	75 +/- 3%	-	321	300	0	21	no	-	-	-	-	cgcucuuaacgugauuugcuugc	uaguaauucaguuuuagagagaa	uaguaauucaguuuuagagagaaauguuguuuucgcucuuaacgugauuugcuugc	scaffold5:63094571..63094627:-	DI1	scaffold5	63094571..63094627	63094571	63094627	0
1214	scaffold5_385750	276.4	67 +/- 3%	-	573	571	1	1	no	-	-	-	-	agacauguuauuggccugaag	ugguaucaaccuguucuguuc	ugguaucaaccuguucuguucuaaguaaccugccagccuacuuuaaauuacagaaguucaauuuccacguuguuuucagacauguuauuggccugaag	scaffold5:63687544..63687642:+	IST3	scaffold5	63687544..63687642	63687544	63687642	0
1215	scaffold5_723168	0.4	76 +/- 2%	-	156	70	60	26	yes	-	-	-	-	cacugaaaccuggcuugauccug	auggaucgauccaguggucg	cacugaaaccuggcuugauccugccauuacugauaguguuguuuuucccaacucuacucuuaaaguucuuucucgcauggaucgauccaguggucg	scaffold5:65133657..65133753:-	PL1	scaffold5	65133657..65133753	65133657	65133753	0
1216	scaffold5_641715	210.9	48 +/- 4%	-	416	415	0	1	yes	-	-	-	-	uacagagauauuaauaccuagug	cuagauaacuuuguauuuguuccuca	uacagagauauuaauaccuagugguacuagaacuuuaacuaggccaucuagauaacuuuguauuuguuccuca	scaffold5:65441170..65441243:+	PH2	scaffold5	65441170..65441243	65441170	65441243	0
1217	scaffold5_426775	54.5	67 +/- 3%	-	137	136	0	1	no	-	-	-	-	uguucauuuguuagguuuccuucug	uuucuuuucuaucagaua	uuucuuuucuaucagauaaauaaagugaaucaauaaauugaagcauuuguucauuuguuagguuuccuucug	scaffold5:65884099..65884171:-	IST3	scaffold5	65884099..65884171	65884099	65884171	0
1218	scaffold5_493639	115.1	58 +/- 3%	-	241	184	56	1	no	-	-	-	-	guuguauuugacgcugucgcc	cggcgugcaaaauagaau	cggcgugcaaaauagaauuuuugugucaacuaaucucucgauuucuucguacgugccaguuguauuugacgcugucgcc	scaffold5:67236484..67236563:-	AMP3	scaffold5	67236484..67236563	67236484	67236563	0
1219	scaffold5_447414	246.8	58 +/- 3%	-	580	409	170	1	no	-	-	-	-	guggcugugcuguuguucuca	ccuucaaauagugccuuucc	guggcugugcuguuguucucagugaccauauuguuucucugcucugcguuuacaacucuccuucaaauagugccuuucc	scaffold5:67855822..67855901:+	AMP3	scaffold5	67855822..67855901	67855822	67855901	0
1220	scaffold5_615257	200.4	76 +/- 4%	-	418	171	246	1	no	-	-	-	-	cuugauucguuauuaccgccu	uguugucugcgaucaagauuc	uguugucugcgaucaagauucucaucgugcacucaugaauccugauguguggucugaaugcgucuugauucguuauuaccgccu	scaffold5:67864949..67865033:+	EC1	scaffold5	67864949..67865033	67864949	67865033	0
1221	scaffold5_709976	260.6	48 +/- 4%	-	536	509	1	26	no	-	-	-	-	ucuucauccaacucagacaag	uaguuuuggaguagauauaag	uaguuuuggaguagauauaaggacacuuuuuucaauuugcgucaaaguuucuucauccaacucagacaag	scaffold5:69005745..69005815:-	PH2	scaffold5	69005745..69005815	69005745	69005815	0
1222	scaffold5_634100	33.2	76 +/- 3%	-	61	56	4	1	yes	-	-	-	-	cacaucgcuaauuaucucggg	cgagauaauuagcgaagugac	cgagauaauuagcgaagugacgaucacaaggaaaucgaacgcgcacgauuucuucgugaucuucacaucgcuaauuaucucggg	scaffold5:69175654..69175738:-	PDi3	scaffold5	69175654..69175738	69175654	69175738	0
1223	scaffold5_529250	179.9	60 +/- 3%	-	372	307	0	65	no	-	-	-	-	uuuugaagcguuaaugguuuu	uuccuuguuguauauucagag	uuccuuguuguauauucagaguuuuugcauuuugaagcguuaaugguuuu	scaffold5:69328807..69328857:-	AMP1	scaffold5	69328807..69328857	69328807	69328857	0
1224	scaffold5_645482	119.6	48 +/- 4%	-	237	161	0	76	yes	-	-	-	-	uaguguguaacuuugaugaacc	uuuuucauuguuguauacuugg	uaguguguaacuuugaugaaccuuauaugguuuuucauuguuguauacuugg	scaffold5:71155695..71155747:+	PH2	scaffold5	71155695..71155747	71155695	71155747	0
1225	scaffold5_429104	142.2	67 +/- 3%	-	278	238	1	39	yes	-	-	-	-	augauaaaagucgauagugg	gacuaucgacuuuuaucagcu	gacuaucgacuuuuaucagcugauaaaaaagcagauggaguguucagacuauagacuuuuauccccgauuucuugacagaugauaaaagucgauagugg	scaffold5:72940906..72941005:-	IST3	scaffold5	72940906..72941005	72940906	72941005	0
1226	scaffold5_480048	10.8	67 +/- 3%	-	19	16	0	3	yes	-	-	-	-	uggaaugucuucgacacacuc	gagugucuuggacauuaccaua	uggaaugucuucgacacacucauugucuuugggagugucuuggacauuaccaua	scaffold5:76132795..76132849:+	AMP2	scaffold5	76132795..76132849	76132795	76132849	0
1227	scaffold5_450955	612.8	58 +/- 3%	-	1233	767	1	465	no	-	-	-	-	ucggcaggaauaguuaggugg	acagaagucagcauugaaug	acagaagucagcauugaaugggcagaaugguauaaaagcaauuaauacaugggagauaccaguguugcgauauucggcaggaauaguuaggugg	scaffold5:76406236..76406330:+	AMP3	scaffold5	76406236..76406330	76406236	76406330	0
1228	scaffold5_482392	29.0	60 +/- 3%	-	92	91	0	1	no	-	-	-	-	uagauauaaugaucagaugca	uaucucuuuacauuauggcuc	uagauauaaugaucagaugcacacccacauucccuaguaauuauuaaauuuguaucucuuuacauuauggcuc	scaffold5:76870115..76870188:+	AMP1	scaffold5	76870115..76870188	76870115	76870188	0
1229	scaffold5_476812	10.8	73 +/- 3%	-	36	30	0	6	no	-	-	-	-	gacaguacuucgaggucgcu	ccgggcuauauuacguugacu	gacaguacuucgaggucgcucuacaagccgggcuauauuacguugacu	scaffold5:77261755..77261803:-	SMA3	scaffold5	77261755..77261803	77261755	77261803	0
1230	scaffold5_415875	237.3	68 +/- 3%	-	491	490	0	1	no	-	-	-	-	ucaguuaguagccuugguugg	ggcagacggcaggugcucacg	ggcagacggcaggugcucacgaguuaccucaguuaguagccuugguugg	scaffold5:77856541..77856590:-	IST1	scaffold5	77856541..77856590	77856541	77856590	0
1231	scaffold5_451488	47.3	58 +/- 3%	-	131	121	7	3	no	-	-	-	-	cagcagagagagcauucaacc	ugcuaaguguggaggaaac	cagcagagagagcauucaaccugauguagaaaggcuguacauggcaaggcauaacggaggaaaggguugcuaaguguggaggaaac	scaffold5:77944140..77944226:+	AMP3	scaffold5	77944140..77944226	77944140	77944226	0
1232	scaffold5_497886	23.9	58 +/- 3%	-	72	33	0	39	no	-	-	-	-	cagaacauugagcaacaugu	cauguaaacaaucaaugcugc	cauguaaacaaucaaugcugccagcaaaaaaugagaacuagaagucggccaaaggucucccuugcagaacauugagcaacaugu	scaffold5:78404539..78404623:-	AMP3	scaffold5	78404539..78404623	78404539	78404623	0
1233	scaffold5_497890	23.9	58 +/- 3%	-	72	33	0	39	no	-	-	-	-	cagaacauugagcaacaugu	cauguaaacaaucaaugcugc	cauguaaacaaucaaugcugccagcaaaaaaugagaacuagaagucggccaaaggucucccuugcagaacauugagcaacaugu	scaffold5:78415285..78415369:-	AMP3	scaffold5	78415285..78415369	78415285	78415369	0
1234	scaffold5_692365	101.4	75 +/- 3%	-	217	216	0	1	yes	-	-	-	-	guguauguguguguugugu	uauaauaaauauauauaau	uauaauaaauauauauaauauuaaaauguguguauguguguguugugu	scaffold5:78740799..78740847:+	DI1	scaffold5	78740799..78740847	78740799	78740847	0
1235	scaffold5_711708	77.9	76 +/- 4%	-	182	169	12	1	no	-	-	-	-	gucaggucauuuuuuauauuuaaa	auaaauauaaugcauuggaug	auaaauauaaugcauuggauguaauaauugaugagcaaaucuacuuuggauuaguuuucuauugucaggucauuuuuuauauuuaaa	scaffold5:78971828..78971915:-	EC3	scaffold5	78971828..78971915	78971828	78971915	0
1236	scaffold5_748673	32.5	75 +/- 2%	-	62	26	0	36	yes	-	-	-	-	cuuuccaaauauuuggcaauu	uugccaaauauuuggaaucga	uugccaaauauuuggaaucgauuuguaaauccuuuccaaauauuuggcaauu	scaffold5:79375968..79376020:-	PL3	scaffold5	79375968..79376020	79375968	79376020	0
1237	scaffold5_692238	148.7	75 +/- 3%	-	346	345	0	1	no	-	-	-	-	ucggaauggaaacguuggaa	accaaacaaauuguuuucuuuugc	accaaacaaauuguuuucuuuugcaaagucucuacuugauuacuucggaauggaaacguuggaa	scaffold5:80233633..80233697:-	PDi2	scaffold5	80233633..80233697	80233633	80233697	0
1238	scaffold5_716209	21.7	48 +/- 4%	-	66	65	0	1	yes	-	-	-	-	ugcaaaguuuguuuauccg	ccauaaauaaagagucucccgca	ccauaaauaaagagucucccgcagaacacccugcaaaguuuguuuauccg	scaffold5:80408398..80408448:-	PH2	scaffold5	80408398..80408448	80408398	80408448	0
1239	scaffold5_716293	117.5	48 +/- 4%	-	354	334	12	8	no	-	-	-	-	uguaaguaauuguccugagccug	uaaguuaaauuaguugucauc	uguaaguaauuguccugagccuggaguggaaccuguuaaucuuuuuucuuuaacacaguaaguuaaauuaguugucauc	scaffold5:80591473..80591552:-	PH2	scaffold5	80591473..80591552	80591473	80591552	0
1240	scaffold5_629133	17.5	75 +/- 3%	-	44	23	20	1	no	-	-	-	-	ugcgaauagacguuucacugaaag	uuucaagaacagaguccgcacg	uuucaagaacagaguccgcacgaucuucgcacaacgacgacugacccuaagugguuugucgugcaaggaguagguugcgaauagacguuucacugaaag	scaffold5:80950488..80950587:+	PDi2	scaffold5	80950488..80950587	80950488	80950587	0
1241	scaffold5_728499	36.5	70 +/- 4%	-	103	93	4	6	no	-	-	-	-	ugaagucccgagguaaugaagagg	caucaucuaaggaaauagacauu	caucaucuaaggaaauagacauuaagauacaacaaaaauauacccuugucuuugcgaagcuuugaagucccgagguaaugaagagg	scaffold5:80975245..80975331:+	EC2	scaffold5	80975245..80975331	80975245	80975331	0
1242	scaffold5_650894	277.9	48 +/- 4%	-	572	564	7	1	no	-	-	-	-	uaccaaguacaugcugcugug	uugggagcaugucauuuc	uaccaaguacaugcugcugugggaugauaaauaucuuuuuugggggagguucaaugucuauauugggagcaugucauuuc	scaffold5:81006458..81006538:+	PH2	scaffold5	81006458..81006538	81006458	81006538	0
1243	scaffold5_650925	258.7	48 +/- 4%	-	544	497	38	9	no	-	-	-	-	ugucaaaauuugauucaucg	uguaauguuuugcaaauug	ugucaaaauuugauucaucggaaaaaucacucuuuuccaguauucuugugguuuaccaauguaauguuuugcaaauug	scaffold5:81009716..81009794:+	PH2	scaffold5	81009716..81009794	81009716	81009794	0
1244	scaffold5_482159	13.4	67 +/- 3%	-	23	22	0	1	yes	-	-	-	-	gcccuggacauggugcuguuc	acagcaccauguccagggcu	acagcaccauguccagggcuacuguauuuaguaguaaauuuuguugauagcccuggacauggugcuguuc	scaffold5:81054558..81054628:+	AMP2	scaffold5	81054558..81054628	81054558	81054628	0
1245	scaffold5_651215	18.0	48 +/- 4%	-	58	55	0	3	no	-	-	-	-	uauccagaagacuguuucaag	ucgaagcuuuccggaaaguuuag	ucgaagcuuuccggaaaguuuagggcuuuuuagcuugaccauuauaauauucacuuuauccagaagacuguuucaag	scaffold5:81468208..81468285:+	PH2	scaffold5	81468208..81468285	81468208	81468285	0
1246	scaffold5_716876	13.4	48 +/- 4%	-	38	34	0	4	no	-	-	-	-	ugaaacucuauuuugaaaaug	ccuuucggagagaguagaaauug	ccuuucggagagaguagaaauugugaaacucuauuuugaaaaug	scaffold5:82116815..82116859:-	PH2	scaffold5	82116815..82116859	82116815	82116859	0
1247	scaffold5_494057	35.7	87 +/- 2%	-	77	65	0	12	yes	-	-	-	-	uuuuucauuaauguauacuuug	uugugugcaucuuugaauaac	uugugugcaucuuugaauaacuuuauaugguuuuucauuaauguauacuuug	scaffold5:82276511..82276563:+	HL2	scaffold5	82276511..82276563	82276511	82276563	0
1248	scaffold5_581991	923.4	76 +/- 3%	-	1823	1812	0	11	no	-	-	-	-	augcgagaccuaguucauua	cgauuuggguagcuccauug	cgauuuggguagcuccauuggcaugcgagaccuaguucauua	scaffold5:82480229..82480271:+	PDi3	scaffold5	82480229..82480271	82480229	82480271	0
1249	scaffold5_730033	11.9	70 +/- 4%	-	38	15	12	11	no	-	-	-	-	ugggauuuacuugaaagag	uugcucauacguagaucuu	uugcucauacguagaucuugcguuguaucuaagcuuucugucaauaugggauuuacuugaaagag	scaffold5:82510334..82510399:+	EC2	scaffold5	82510334..82510399	82510334	82510399	0
1250	scaffold5_392447	68.3	67 +/- 3%	-	169	151	0	18	no	-	-	-	-	uucaacacguacaugcacuua	ugugaugauaccaugccguug	uucaacacguacaugcacuuauaauuuguuacacugugaugauaccaugccguug	scaffold5:82719654..82719709:+	IST3	scaffold5	82719654..82719709	82719654	82719709	0
1251	scaffold5_392449	50.4	67 +/- 3%	-	154	151	0	3	no	-	-	-	-	uucaacacguacaugcacuua	ugugaugauaccaugcuguug	uucaacacguacaugcacuuauaauuuguuacacugugaugauaccaugcuguug	scaffold5:82729898..82729953:+	IST3	scaffold5	82729898..82729953	82729898	82729953	0
1252	scaffold5_764305	40.7	75 +/- 3%	-	89	88	0	1	no	-	-	-	-	uuaauggguaucgcgcucgauug	aucguagugcuaucagcagagg	aucguagugcuaucagcagaggaguaauuaauggguaucgcgcucgauug	scaffold5:82935753..82935803:-	DI1	scaffold5	82935753..82935803	82935753	82935803	0
1253	scaffold5_494685	118.7	87 +/- 2%	-	299	218	52	29	no	-	-	-	-	cgcucugaugauguugucacc	ugaucuccuucuguucaaucg	ugaucuccuucuguucaaucgcuuguucacucgcaaauuggaucuugauccuuuuguuuucauuacguucucuaauucacgcucuacucgcucugaugauguugucacc	scaffold5:83744586..83744695:+	HL2	scaffold5	83744586..83744695	83744586	83744695	0
1254	scaffold5_540714	110.8	77 +/- 3%	-	265	157	99	9	no	-	-	-	-	uuggaauuuuucauagaaau	ugugauggaaucuuucauug	ugugauggaaucuuucauugauuguuacgaacugcccauugccugauacauuaccaauuaguuugcgaguuuuaaaguuuuggaauuuuucauagaaau	scaffold5:83906884..83906983:+	PDi1	scaffold5	83906884..83906983	83906884	83906983	0
1255	scaffold5_750710	57.4	75 +/- 2%	-	141	107	32	2	no	-	-	-	-	uucaggaaacgggccauucguaau	uugcgaauaaaauuucuauga	uugcgaauaaaauuucuaugaaaaauucccaaacuuuaaaucucgcaaacuauaaugggucauguuucaggaaacgggccauucguaau	scaffold5:83920983..83921072:-	PL3	scaffold5	83920983..83921072	83920983	83921072	0
1256	scaffold5_716632	187.0	72 +/- 3%	-	396	281	52	63	no	-	-	-	-	agugucauuuaauuguaua	uaguuugcgagauuuaaa	uaguuugcgagauuuaaauuuugggcauuuuucauagaaauuuuauucgcaauauguccgagaagaaugagugucauuuaauuguaua	scaffold5:83923634..83923722:+	PDii2	scaffold5	83923634..83923722	83923634	83923722	0
1257	scaffold5_750720	47.5	75 +/- 2%	-	140	107	32	1	no	-	-	-	-	uucaggaaacgggccauucguaau	gcgaauaaaauuucuauga	gcgaauaaaauuucuaugaaaaauucccaaacuuuaaaucucgcaaacuauaaugggucauguuucaggaaacgggccauucguaau	scaffold5:83924070..83924157:-	PL3	scaffold5	83924070..83924157	83924070	83924157	0
1258	scaffold5_485627	21.9	60 +/- 3%	-	52	41	2	9	no	-	-	-	-	cuggcggauguguuccuggau	ucccaucacacugaguucg	ucccaucacacugaguucgcuauucacauaaccauuccuuuguuggucucuaucucacagcggcgguuccauugguaagaugaagcuggcggauguguuccuggau	scaffold5:84007674..84007780:+	AMP1	scaffold5	84007674..84007780	84007674	84007780	0
1259	scaffold5_583304	10.7	76 +/- 3%	-	22	20	0	2	yes	-	-	-	-	cauauauauauauauauaua	auauauauauauauauagggu	cauauauauauauauauauauauauauauauauauauauauauagggu	scaffold5:84609631..84609679:+	PDi3	scaffold5	84609631..84609679	84609631	84609679	0
1260	scaffold5_710075	20.8	74 +/- 4%	-	59	58	0	1	no	-	-	-	-	guagacguuuggacgcuu	uaguguagacgugaucag	uaguguagacgugaucagggguaacaccauugugaacugaaagcuuaagaaaauguagacguuuggacgcuu	scaffold5:84816085..84816157:+	GA2	scaffold5	84816085..84816157	84816085	84816157	0
1261	scaffold5_808396	22.2	70 +/- 3%	-	61	60	0	1	no	-	-	-	-	guagacguuuggacgcuu	ugcgcaccaagugauuuguauuuuc	guagacguuuggacgcuuugcgcaccaagugauuuguauuuuc	scaffold5:84816139..84816182:+	DI2	scaffold5	84816139..84816182	84816139	84816182	0
1262	scaffold5_484103	23161.1	67 +/- 3%	-	45444	28299	0	17145	no	-	-	-	-	uuucacugauguaugcuuugg	uaguguguaucuuugaagaa	uaguguguaucuuugaagaaccuuauaugguuuuucacugauguaugcuuugg	scaffold5:85110279..85110332:+	AMP2	scaffold5	85110279..85110332	85110279	85110332	0
1263	scaffold5_718412	126.8	48 +/- 4%	-	261	249	2	10	no	-	-	-	-	uggguccauagcucagug	uccggcugggcccuaauuuu	uggguccauagcucagugguagagcauuugauugcagaucaagaggucgaugguucgaauccggcugggcccuaauuuu	scaffold5:85650876..85650955:-	PH2	scaffold5	85650876..85650955	85650876	85650955	0
1264	scaffold5_533361	103.0	67 +/- 3%	-	202	199	0	3	yes	-	-	-	-	ucgaauccggcugggcccua	ggguccauugcucagugg	ggguccauugcucagugguagagcauuugacugcagaucaagaggucgccuguucgaauccggcugggcccua	scaffold5:85814705..85814778:-	AMP2	scaffold5	85814705..85814778	85814705	85814778	0
1265	scaffold5_500738	57.0	58 +/- 3%	-	145	144	0	1	no	-	-	-	-	uaggaagguugaagucacc	ggaaauucaaguuggcgaga	uaggaagguugaagucaccacagaugaggagaugaggaagagugggaaauucaaguuggcgaga	scaffold5:86783101..86783165:-	AMP3	scaffold5	86783101..86783165	86783101	86783165	0
1266	scaffold5_718743	794.2	72 +/- 3%	-	1620	1618	0	2	no	-	-	-	-	cuacuuccaugccugugaucucc	gcucacucgcaaauugga	cuacuuccaugccugugaucuccuguucaaucgacugcucacucgcaaauugga	scaffold5:86943454..86943508:+	PDii2	scaffold5	86943454..86943508	86943454	86943508	0
1267	scaffold5_655422	1.9	56 +/- 3%	-	156	154	0	2	yes	-	-	-	-	uucguucggacgacaaaaaucg	cgacaaaaguuguucguucg	cgacaaaaguuguucguucgaacgacagaaauuggugaccaaaauuggcgacaaaauguuguucguucggacgacaaaaaucg	scaffold5:87417987..87418070:+	PH2	scaffold5	87417987..87418070	87417987	87418070	0
1268	scaffold5_735627	24.9	76 +/- 2%	-	85	62	22	1	yes	-	-	-	-	ugaguuagaguugaaaagu	cuuuuuaauuacuuuauuagu	cuuuuuaauuacuuuauuaguucuuucuauuucaucuucauuuggagccuuugaguuagaguugaaaagu	scaffold5:87851744..87851814:-	PL1	scaffold5	87851744..87851814	87851744	87851814	0
1269	scaffold5_536527	65.3	60 +/- 3%	-	145	144	0	1	no	-	-	-	-	uauugauuguucacauguacu	ugacggacuaucaauucaucc	ugacggacuaucaauucaucccuuucacggugaccauauugauuguucacauguacu	scaffold5:88141888..88141945:-	AMP1	scaffold5	88141888..88141945	88141888	88141945	0
1270	scaffold5_394144	21.3	67 +/- 3%	-	52	50	1	1	no	-	-	-	-	gugcgccaaaucuggaugu	uuucaagauugacgccucg	gugcgccaaaucuggauguauagucguauuuggguagaaaaauucauacguugaucauaacgauuucaagauugacgccucg	scaffold5:88274860..88274942:+	IST3	scaffold5	88274860..88274942	88274860	88274942	0
1271	scaffold5_669220	100.1	76 +/- 2%	-	201	192	1	8	yes	-	-	-	-	uguauucucuuuguguuc	auauagagcaaugcauuuu	auauagagcaaugcauuuuuuaaauagaaauaguuugaacuguauucucuuuguguuc	scaffold5:88328559..88328617:+	PL1	scaffold5	88328559..88328617	88328559	88328617	0
1272	scaffold5_455805	116.8	58 +/- 3%	-	286	279	0	7	no	-	-	-	-	auaaguucuauguuauucugu	gaaucauggcuguaauguac	auaaguucuauguuauucuguuucucagaaucauggcuguaauguac	scaffold5:88694606..88694653:+	AMP3	scaffold5	88694606..88694653	88694606	88694653	0
1273	scaffold5_389551	49.1	79 +/- 3%	-	134	77	0	57	no	-	-	-	-	ucuauaugacauuuaagaccu	gucuuggacauuuacggauag	ucuauaugacauuuaagaccuuucgaaaaauauaugagaaaaaugucuuggacauuuacggauag	scaffold5:89021961..89022026:+	SMA2	scaffold5	89021961..89022026	89021961	89022026	0
1274	scaffold5_628333	37.1	76 +/- 4%	-	128	34	41	53	no	-	-	-	-	ucuaaauauaucuugaucagu	uucaauguguauguuauagg	ucuaaauauaucuugaucaguuuuugcaauucuucuucauaaaaugauccuuuuauuucuucaucagguaaauccuucaauguguauguuauagg	scaffold5:89355317..89355412:+	EC1	scaffold5	89355317..89355412	89355317	89355412	0
1275	scaffold5_662320	68.2	72 +/- 3%	-	157	113	43	1	no	-	-	-	-	guauucaucaugucaagguuu	uucuuguugguuggcaaug	guauucaucaugucaagguuugucaggaucuuuaucaaugcacaguugucaugaguuggugcucuacuuaguuuucugacuucuuguugguuggcaaug	scaffold5:89911412..89911511:-	SMA1	scaffold5	89911412..89911511	89911412	89911511	0
1276	scaffold5_521349	14.4	86 +/- 2%	-	33	17	0	16	yes	-	-	-	-	uuuaauguuuuaggaaaaacg	uuuuucuuuuagcauucaaagg	uuuaauguuuuaggaaaaacguauaaguuuuucuuuuagcauucaaagg	scaffold5:90314201..90314250:-	PH1	scaffold5	90314201..90314250	90314201	90314250	0
1277	scaffold5_535270	13.4	67 +/- 3%	-	82	70	11	1	no	-	-	-	-	uucgauuuguuuuccauuugu	uucugggauugcgauucgau	uucugggauugcgauucgauuauuuuuucccucaacguacaguaaccaauuucgauuuguuuuccauuugu	scaffold5:90625378..90625449:-	AMP2	scaffold5	90625378..90625449	90625378	90625449	0
1278	scaffold5_736856	1.1	78 +/- 2%	-	132	131	0	1	yes	-	-	-	-	acgguuagacuagugauuguu	uugcaugucugaccacccgag	acgguuagacuagugauuguuuuaaagugaucuaucacauuugaaagaauugcaugucugaccacccgag	scaffold5:90759905..90759975:-	PL1	scaffold5	90759905..90759975	90759905	90759975	0
1279	scaffold5_603843	29.3	72 +/- 3%	-	64	57	0	7	yes	-	-	-	-	uuuuaaaaucauauagagauu	uuugcuagaguuucuaagaca	uuuuaaaaucauauagagauugacaauuuuuaauaauaaauccgauuuugcuagaguuucuaagaca	scaffold5:92011569..92011636:+	SMA1	scaffold5	92011569..92011636	92011569	92011636	0
1280	scaffold5_316858	134.4	72 +/- 3%	-	284	257	24	3	no	-	-	-	-	ugucacucaauuacgucucu	aagauguauuugaauaguuuu	ugucacucaauuacgucucuuuguacuacaauuagcauucaauccuaguagaagaaagauguauuugaauaguuuu	scaffold5:92022206..92022282:+	IST2	scaffold5	92022206..92022282	92022206	92022282	0
1281	scaffold5_665448	14.9	74 +/- 4%	-	43	36	0	7	no	-	-	-	-	ccgcuuuuguuggucuuggacauu	uauccaaacaucuucaaaagugu	ccgcuuuuguuggucuuggacauuucugugacgaccacacuuguacuuucuuucugugcaguugaaauacgcacuaaucauuuauccaaacaucuucaaaagugu	scaffold5:92200193..92200298:+	DI3	scaffold5	92200193..92200298	92200193	92200298	0
1282	scaffold5_536166	11.9	67 +/- 3%	-	35	33	1	1	no	-	-	-	-	uguguuguuucuauuugagagug	uguucgaaaaauaaagug	uguucgaaaaauaaaguguacaggaagggcauagauaaauuccauccuuuucauguguuguuucuauuugagagug	scaffold5:92811273..92811349:-	AMP2	scaffold5	92811273..92811349	92811273	92811349	0
1283	scaffold5_457716	122.8	58 +/- 3%	-	269	268	0	1	no	-	-	-	-	uaguaguaguaguaguaguagu	uaguaguaguaguaguaguaau	uaguaguaguaguaguaguaauaguaguaguaguaguaguaguagu	scaffold5:92858551..92858597:+	AMP3	scaffold5	92858551..92858597	92858551	92858597	0
1284	scaffold5_722580	11.6	48 +/- 4%	-	65	63	0	2	no	-	-	-	-	uguuaggaggaauuuguag	uacaagaaaauucuuauuuggau	uacaagaaaauucuuauuuggauuauaagucacauuaauucauguuaggaggaauuuguag	scaffold5:93025579..93025640:-	PH2	scaffold5	93025579..93025640	93025579	93025640	0
1285	scaffold5_536371	64.5	67 +/- 3%	-	135	111	13	11	no	-	-	-	-	aucaacuagccuuugaaaca	ugcgcgaaugcucuaguugac	ugcgcgaaugcucuaguugacgcuuagugcaaaaccggugcgcugcgcgaacgcacccaaucaacuagccuuugaaaca	scaffold5:93029103..93029182:-	AMP2	scaffold5	93029103..93029182	93029103	93029182	0
1286	scaffold5_475888	43.0	86 +/- 2%	-	121	119	0	2	no	-	-	-	-	ugugauaaaugugauuauagaug	ucaacuuacgcauucuggu	ugugauaaaugugauuauagauguucaaguucuagaauucuuaaacggcaucaacuuacgcauucuggu	scaffold5:93218372..93218441:+	PH1	scaffold5	93218372..93218441	93218372	93218441	0
1287	scaffold5_659686	253.8	48 +/- 4%	-	508	507	0	1	yes	-	-	-	-	ugugauaaaugugauuauag	ugugauaaauuugauuaua	ugugauaaaugugauuauagaucuucaagauuuuuuagucuuaaauugcaucaauuuaugcauucuggaauaaagaauuuguuugugauaaauuugauuaua	scaffold5:94119164..94119266:+	PH2	scaffold5	94119164..94119266	94119164	94119266	0
1288	scaffold5_488269	299.6	67 +/- 3%	-	615	613	0	2	no	-	-	-	-	ugugauaaaugugauuuu	aacacaucaacuuacacacuc	ugugauaaaugugauuuuagaaguucacuauuugguaaucucaaaacacaucaacuuacacacuc	scaffold5:94271629..94271694:+	AMP2	scaffold5	94271629..94271694	94271629	94271694	0
1289	scaffold5_490693	24.1	60 +/- 3%	-	79	78	0	1	no	-	-	-	-	uuauaauuguaaagggauuu	auucuaguuuuauaugauuug	auucuaguuuuauaugauuugaaaguguuuuacuuaaucguuauaauuguaaagggauuu	scaffold5:94607908..94607968:+	AMP1	scaffold5	94607908..94607968	94607908	94607968	0
1290	scaffold5_700150	82.8	75 +/- 3%	-	185	184	0	1	no	-	-	-	-	ucacauuuaaaaggcuuuagacc	accagaguguguaaacugauga	accagaguguguaaacugaugacuuuucagguggccagauguagagcauauauaaucacacugaucacauuuaaaaggcuuuagacc	scaffold5:94625582..94625669:-	PDi2	scaffold5	94625582..94625669	94625582	94625669	0
1291	scaffold5_632511	127.8	78 +/- 3%	-	320	319	0	1	no	-	-	-	-	uuaaaugugacaaaugugau	ucauguucuacacguagu	uuaaaugugacaaaugugauuuuucauguucuacacguagu	scaffold5:94667426..94667467:+	PL2	scaffold5	94667426..94667467	94667426	94667467	0
1292	scaffold5_639784	15.9	76 +/- 4%	-	47	46	0	1	no	-	-	-	-	ugaaucuuugguuucuuggucgu	acucuaaaucaucacagaaagu	acucuaaaucaucacagaaaguguaacggguguugaaucuuugguuucuuggucgu	scaffold5:94991771..94991827:-	GA1	scaffold5	94991771..94991827	94991771	94991827	0
1293	scaffold5_600270	31.4	77 +/- 3%	-	75	70	0	5	no	-	-	-	-	guucagacuaucgacuuuuauca	uaaaaaagcagauagagu	guucagacuaucgacuuuuaucauccgauaaaaaagcagauagagu	scaffold5:96051811..96051857:-	PDi1	scaffold5	96051811..96051857	96051811	96051857	0
1294	scaffold5_397385	103.3	67 +/- 3%	-	220	152	11	57	no	-	-	-	-	uugaacuguuuuucaagcaug	guuugaaaucuuucagaguag	guuugaaaucuuucagaguaguuguuuuuguuucagcaauaugaaauuuuauuugagauuaaguugaacuguuuuucaagcaug	scaffold5:96303020..96303104:+	IST3	scaffold5	96303020..96303104	96303020	96303104	0
1295	scaffold5_661507	29.9	48 +/- 4%	-	56	35	0	21	yes	-	-	-	-	caaaaguuguucguguagcaug	ggugcuacacgaacgauuuucg	ggugcuacacgaacgauuuucguugcccaacaaaaauuggcggcaaaaguuguucguguagcaug	scaffold5:96712396..96712461:+	PH2	scaffold5	96712396..96712461	96712396	96712461	0
1296	scaffold5_459751	16.3	58 +/- 3%	-	52	51	0	1	no	-	-	-	-	ugagacuuggaacuacuu	guugucuggaggccacagc	ugagacuuggaacuacuuaaucaaugauggaggcacaugcagauugauucauagaucagaguugucuggaggccacagc	scaffold5:96857417..96857496:+	AMP3	scaffold5	96857417..96857496	96857417	96857496	0
1297	scaffold5_634416	290.5	78 +/- 3%	-	583	579	0	4	no	-	-	-	-	ucacauuugucacauuuaaaagg	cuuuaacugauguguuuggagg	ucacauuugucacauuuaaaaggcuuuacagaagagugcuuuaacugauguguuuggagg	scaffold5:98305512..98305572:+	PL2	scaffold5	98305512..98305572	98305512	98305572	0
1298	scaffold5_502339	23.9	87 +/- 2%	-	50	49	0	1	yes	-	-	-	-	ucacauuugucacauuuaaaagg	ugccagagugugucaacugaugu	ucacauuugucacauuuaaaagguuuuaugccagagugugucaacugaugu	scaffold5:99241002..99241053:+	HL2	scaffold5	99241002..99241053	99241002	99241053	0
1299	scaffold5_649008	195.1	76 +/- 3%	-	425	420	4	1	no	-	-	-	-	ucacauuugucacauuuaaaagg	ugagaugaccucggugagaacaug	ucacauuugucacauuuaaaaggcuuuauaccagaaugcuuuaccugaugaguuuugagaugaccucggugagaacaug	scaffold5:99578293..99578372:-	PDi3	scaffold5	99578293..99578372	99578293	99578372	0
1300	scaffold5_760860	481.5	75 +/- 2%	-	981	980	0	1	no	-	-	-	-	ucacauuugucacauuuaaaagg	uaaaugaugucuuuugagauu	ucacauuugucacauuuaaaagguuuuagaccaaagugccuuaaaugaugucuuuugagauu	scaffold5:100521297..100521359:-	PL3	scaffold5	100521297..100521359	100521297	100521359	0
1301	scaffold5_642549	23.5	76 +/- 4%	-	69	68	0	1	no	-	-	-	-	ucacauuugucacauuuaaaagg	ccagagugcuuuaacugaug	ucacauuugucacauuuaaaagguuuuagaccagagugcuuuaacugaug	scaffold5:100590059..100590109:-	GA1	scaffold5	100590059..100590109	100590059	100590109	0
1302	scaffold5_461192	1041.2	58 +/- 3%	-	2063	1769	0	294	no	-	-	-	-	uagaacuaggguguugugcug	uucauaaacacauguucuauu	uucauaaacacauguucuauuuugauucuuagaacuaggguguugugcug	scaffold5:100733276..100733326:+	AMP3	scaffold5	100733276..100733326	100733276	100733326	0
1303	scaffold5_635679	67.1	78 +/- 3%	-	159	157	0	2	no	-	-	-	-	ugugacaaaugugauuauucaug	ugguaaucuccaaacacauc	ugugacaaaugugauuauucaugcgcucaacaugguaaucuccaaacacauc	scaffold5:100863466..100863518:+	PL2	scaffold5	100863466..100863518	100863466	100863518	0
1304	scaffold5_663732	43.5	48 +/- 4%	-	94	91	0	3	no	-	-	-	-	ugggauuucgcuuugaaag	uuccuugugaaguuucucugag	uuccuugugaaguuucucugaggucuuugugggauuucgcuuugaaag	scaffold5:100895911..100895959:+	PH2	scaffold5	100895911..100895959	100895911	100895959	0
1305	scaffold5_728015	50.7	72 +/- 3%	-	134	133	0	1	no	-	-	-	-	uuaaaugugacaaauguga	aacacaucaguuaaaguacuc	uuaaaugugacaaaugugaauauucaugcucucauuguaucagucuucaaacacaucaguuaaaguacuc	scaffold5:100934346..100934416:+	PDii2	scaffold5	100934346..100934416	100934346	100934416	0
1306	scaffold5_728036	31.8	72 +/- 3%	-	106	103	0	3	no	-	-	-	-	ugugacaaaugugauuauucaug	ucuccaaucacaucaguuaaag	ugugacaaaugugauuauucaugcucucaucgaaauagucuccaaucacaucaguuaaag	scaffold5:100945061..100945121:+	PDii2	scaffold5	100945061..100945121	100945061	100945121	0
1307	scaffold5_743406	18.9	76 +/- 2%	-	82	81	0	1	no	-	-	-	-	uccaguccaauuuaaguuugc	gcaauuugaauuccaaga	uccaguccaauuuaaguuugcagcaauuugaauuccaaga	scaffold5:100965154..100965194:-	PL1	scaffold5	100965154..100965194	100965154	100965194	0
1308	scaffold5_352938	1016.2	89 +/- 2%	-	2003	2001	0	2	yes	-	-	-	-	uuucauugauguaugcuuggg	uaguguguauccuugaagau	uaguguguauccuugaagauuuuuauuguuuuucauugauguaugcuuggg	scaffold5:101044750..101044801:+	PH3	scaffold5	101044750..101044801	101044750	101044801	0
1309	scaffold5_387719	1013.7	89 +/- 2%	-	2003	2001	0	2	no	-	-	-	-	uuucauugauguaugcuuggg	uaguguguauccuugaagau	uaguguguauccuugaagauuuuuauuguuuuucauugauguaugcuuggg	scaffold5:101163699..101163750:-	PH3	scaffold5	101163699..101163750	101163699	101163750	0
1310	scaffold5_532767	1798.1	87 +/- 2%	-	3534	3529	0	5	yes	-	-	-	-	uuucauugauguaugcuuggg	uaguguguauccuugaagau	uaguguguauccuugaagauuuuauuguuuuucauugauguaugcuuggg	scaffold5:101195619..101195669:-	HL3	scaffold5	101195619..101195669	101195619	101195669	0
1311	scaffold5_728277	30.0	72 +/- 3%	-	57	49	4	4	yes	-	-	-	-	gcucgcggcauggaauaaag	gaauuucaugccgcgagcguuu	gaauuucaugccgcgagcguuuugauuggucgaaaauugcucgcggcauggaauaaag	scaffold5:101342857..101342915:+	PDii2	scaffold5	101342857..101342915	101342857	101342915	0
1312	scaffold5_721026	21.0	74 +/- 4%	-	58	42	0	16	no	-	-	-	-	ucgguuugcaauuuuuuucccaga	ugagagcaauugcgacuguu	ucgguuugcaauuuuuuucccagaaauauaggaauuuuugagagcaauugcgacuguu	scaffold5:101670865..101670923:+	GA2	scaffold5	101670865..101670923	101670865	101670923	0
1313	scaffold5_769386	438.3	67 +/- 3%	-	899	896	0	3	no	-	-	-	-	ucacauuugucacauuuaaaagg	ugccagagugcuuuaacugaug	ucacauuugucacauuuaaaaggcuuuaugccagagugcuuuaacugaug	scaffold5:101750377..101750427:-	PDii1	scaffold5	101750377..101750427	101750377	101750427	0
1314	scaffold5_728329	2766.9	48 +/- 4%	-	5449	5446	0	3	no	-	-	-	-	uaggauaaugaacuguug	uacgcuuggguuacuugauguaga	uacgcuuggguuacuugauguagauuaggauaaugaacuguug	scaffold5:102305745..102305788:-	PH2	scaffold5	102305745..102305788	102305745	102305788	0
1315	scaffold5_799835	50.5	72 +/- 3%	-	106	103	0	3	yes	-	-	-	-	ugugacaaaugugauuauucaug	ucuccaaucacaucaguuaaag	ucuccaaucacaucaguuaaagcauucuggccuaaagccuuuuagaugugacaaaugugauuauucaug	scaffold5:102332920..102332989:-	PDii2	scaffold5	102332920..102332989	102332920	102332989	0
1316	scaffold5_493875	63.7	60 +/- 3%	-	147	134	2	11	no	-	-	-	-	cuucguccuauuuuugucaug	ugacagauuaucauaggaauu	ugacagauuaucauaggaauuauaucucaucuuucuguuugcuauaaaauagggauguauucuaucuucguccuauuuuugucaug	scaffold5:102431049..102431135:+	AMP1	scaffold5	102431049..102431135	102431049	102431135	0
1317	scaffold5_668890	1.3	75 +/- 2%	-	136	135	0	1	yes	-	-	-	-	ugacugaagagcugggguug	cagugguuuagacagauag	ugacugaagagcugggguugcaaaaagcugcagugguuuagacagauag	scaffold5:102507362..102507411:+	PDii3	scaffold5	102507362..102507411	102507362	102507411	0
1318	scaffold5_451611	145.0	90 +/- 2%	-	289	278	6	5	yes	-	-	-	-	ugugacaaaugugauuauucaug	uggucaucucaaaagucaucagu	uggucaucucaaaagucaucaguuaaagcacucugguauaaagccuuuuaacugugacaaaugugauuauucaug	scaffold5:102729803..102729878:-	HL1	scaffold5	102729803..102729878	102729803	102729878	0
1319	scaffold5_486347	277.1	73 +/- 3%	-	564	558	3	3	no	-	-	-	-	ugugacaaaugugauuauucaug	ugaaaacacaucaguuaacgcacuc	ugaaaacacaucaguuaacgcacucugguauaaagccauuuaaaugugacaaaugugauuauucaug	scaffold5:102729887..102729954:-	SMA3	scaffold5	102729887..102729954	102729887	102729954	0
1320	scaffold5_540594	1545.2	67 +/- 3%	-	3095	3084	0	11	no	-	-	-	-	ugugacaaaugugauuauucaug	ucucaaaacucaucuguuaag	ugugacaaaugugauuauucaugcuuucaucguauuagucucaaaacucaucuguuaag	scaffold5:102730103..102730162:-	AMP2	scaffold5	102730103..102730162	102730103	102730162	0
1321	scaffold5_451617	145.0	90 +/- 2%	-	289	278	6	5	yes	-	-	-	-	ugugacaaaugugauuauucaug	uggucaucucaaaagucaucagu	uggucaucucaaaagucaucaguuaaagcacucugguauaaagccuuuuaacugugacaaaugugauuauucaug	scaffold5:102730475..102730550:-	HL1	scaffold5	102730475..102730550	102730475	102730550	0
1322	scaffold5_669129	0.0	73 +/- 2%	-	544	540	3	1	yes	-	-	-	-	guguguguguguugugug	uauauauauaguauauaguau	uauauauauaguauauaguauauaguauauauauauauauauauauauauauauaugcguguguguguguguugugug	scaffold5:102850380..102850458:+	PDii3	scaffold5	102850380..102850458	102850380	102850458	0
1323	scaffold5_699358	280.6	78 +/- 3%	-	578	577	0	1	no	-	-	-	-	ucacauuugucacauuuaaaagg	uaacugauguguuuggagauuac	uaacugauguguuuggagauuaccacguuagagcaugaauaaucacauuugucacauuuaaaagg	scaffold5:102916980..102917045:-	PL2	scaffold5	102916980..102917045	102916980	102917045	0
1324	scaffold5_462210	1106.5	58 +/- 3%	-	2184	2183	0	1	no	-	-	-	-	ugugacaaaugugauuauucaug	ugguaaucuccaaacacauc	ugugacaaaugugauuauucaugcucucuacgugguaaucuccaaacacauc	scaffold5:102918111..102918163:+	AMP3	scaffold5	102918111..102918163	102918111	102918163	0
1325	scaffold5_462223	1103.6	58 +/- 3%	-	2186	2176	0	10	no	-	-	-	-	ugugacaaaugugauuauucaug	ugguaaucuccaaacacaucagu	ugugacaaaugugauuauucaugcucuuuacgugguaaucuccaaacacaucagu	scaffold5:102923063..102923118:+	AMP3	scaffold5	102923063..102923118	102923063	102923118	0
1326	scaffold5_770506	11.7	67 +/- 3%	-	42	25	10	7	no	-	-	-	-	ugcgauuuuauaaaugaagau	cugguuuauaagauuuuaga	cugguuuauaagauuuuagauggaaaucaaucuguagucguugucguauggugcggguacuagcaguagaugaaauuugcgauuuuauaaaugaagau	scaffold5:103119123..103119221:-	PDii1	scaffold5	103119123..103119221	103119123	103119221	0
1327	scaffold5_729284	104.9	48 +/- 4%	-	220	219	0	1	no	-	-	-	-	uaucgaauucaaauuauaug	uguaauuuaucaaaaguucgagu	uguaauuuaucaaaaguucgagugacaagcaauuguuuucacaaauuaauaucgaauucaaauuauaug	scaffold5:103452384..103452453:-	PH2	scaffold5	103452384..103452453	103452384	103452453	0
1328	scaffold5_670640	12.3	69 +/- 3%	-	47	45	1	1	no	-	-	-	-	ugaugaugaugaugaugaug	uuuauccaaguuuagucaaa	uuuauccaaguuuagucaaaacuaguaagcagauaauugaguacaaugaugaugaugaugaugaug	scaffold5:104340434..104340500:+	PDii3	scaffold5	104340434..104340500	104340434	104340500	0
1329	scaffold5_709955	69.3	75 +/- 3%	-	212	211	0	1	no	-	-	-	-	guguguguguguugugug	uauaauaaauauauauaau	uauaauaaauauauauaauauuaaaauguguguguguguugugug	scaffold5:104669545..104669590:+	DI1	scaffold5	104669545..104669590	104669545	104669590	0
1330	scaffold5_424516	95.4	68 +/- 3%	-	244	134	96	14	no	-	-	-	-	ugugcugacuuaguugauaug	uuuucaaaguauggguggauu	ugugcugacuuaguugauaugcaaaaauuuaguaaguggaacaaagguuuuaaauauuuguugaugauuguagauguauuuucaaaguauggguggauu	scaffold5:105151454..105151553:-	IST1	scaffold5	105151454..105151553	105151454	105151553	0
1331	scaffold5_670683	14.5	72 +/- 3%	-	33	32	0	1	yes	-	-	-	-	gaaguuuuguggaaucca	gaauccacaaaauagacaauc	gaaguuuuguggaauccacaaaguauuuuacaagugaaacaacaaauuacauuuuguggaauccacaaaauagacaauc	scaffold5:105407800..105407879:-	SMA1	scaffold5	105407800..105407879	105407800	105407879	0
1332	scaffold5_723638	42.4	74 +/- 4%	-	105	104	0	1	no	-	-	-	-	ggagacaguagaucaucu	ugagaaguugucgcagagugag	ggagacaguagaucaucugauaacaggauaugagaaguugucgcagagugag	scaffold5:105538493..105538545:+	GA2	scaffold5	105538493..105538545	105538493	105538545	0
1333	scaffold5_652645	88.9	76 +/- 3%	-	208	206	1	1	no	-	-	-	-	uucucaauaaacacauaagauug	aucaaacguguuuauuuuug	aucaaacguguuuauuuuugccaucugugaaacagguauuuuucucaauaaacacauaagauug	scaffold5:105859410..105859474:-	PDi3	scaffold5	105859410..105859474	105859410	105859474	0
1334	scaffold5_496083	337.5	60 +/- 3%	-	697	636	60	1	no	-	-	-	-	uuucuccaggucagagugag	ucacaaaaucggauuagcggg	ucacaaaaucggauuagcgggaaggagacagguacagcgaaguuagaggcaaaauacgcguugaacagaucagauuucuccaggucagagugag	scaffold5:105906073..105906167:+	AMP1	scaffold5	105906073..105906167	105906073	105906167	0
1335	scaffold5_605537	315.6	77 +/- 3%	-	625	622	0	3	no	-	-	-	-	ucaguuaguagccuugguugg	acgcaggugcucacgaguuacc	acgcaggugcucacgaguuaccucaguuaguagccuugguugg	scaffold5:106744266..106744309:-	PDi1	scaffold5	106744266..106744309	106744266	106744309	0
1336	scaffold5_445791	25.0	73 +/- 3%	-	92	65	25	2	no	-	-	-	-	guuaagaucaucugcuaguuu	gcuauaaauagaaaagaacuuaugg	gcuauaaauagaaaagaacuuaugguuuggaauuaauuguaauggauaaacacuugcaccaguuguacaccuaguuaagaucaucugcuaguuu	scaffold5:107283712..107283806:+	SMA3	scaffold5	107283712..107283806	107283712	107283806	0
1337	scaffold5_707008	83.5	75 +/- 3%	-	172	167	0	5	yes	-	-	-	-	uucuucaaugaugcaugcuuug	uaguguauaucuuugaauaacc	uaguguauaucuuugaauaaccuuauaugguucuucaaugaugcaugcuuug	scaffold5:107357188..107357240:-	PDi2	scaffold5	107357188..107357240	107357188	107357240	0
1338	scaffold5_707026	83.5	75 +/- 3%	-	172	167	0	5	yes	-	-	-	-	uucuucaaugaugcaugcuuug	uaguguauaucuuugaauaacc	uaguguauaucuuugaauaaccuuauaugguucuucaaugaugcaugcuuug	scaffold5:107388387..107388439:-	PDi2	scaffold5	107388387..107388439	107388387	107388439	0
1339	scaffold5_544939	97.7	60 +/- 3%	-	204	203	0	1	no	-	-	-	-	ugcccaaaccacuacuacug	guucaugguuuggaccaaggacc	guucaugguuuggaccaaggacccucaaguugcucccaauaugugcccaaaccacuacuacug	scaffold5:107622836..107622899:-	AMP1	scaffold5	107622836..107622899	107622836	107622899	0
1340	scaffold5_396955	1586.7	79 +/- 3%	-	3117	2670	0	447	yes	-	-	-	-	uaguguguaucuuugaagaa	uuuuucacugauguaugcuuug	uaguguguaucuuugaagaaccuuauaugguuuuucacugauguaugcuuug	scaffold5:108521856..108521908:+	SMA2	scaffold5	108521856..108521908	108521856	108521908	0
1341	scaffold5_396973	1616.6	79 +/- 3%	-	3175	2728	0	447	yes	-	-	-	-	uaguguguaucuuugaagaa	uuuuucacugauguaugcuuug	uaguguguaucuuugaagaaccuuauaugguuuuucacugauguaugcuuug	scaffold5:108588232..108588284:+	SMA2	scaffold5	108588232..108588284	108588232	108588284	0
1342	scaffold5_553630	39.0	77 +/- 3%	-	76	75	0	1	yes	-	-	-	-	ugaugaugaugaugaugaugaug	ucauugugaucauugugaug	ucauugugaucauugugaugaugaugaugaugaugaugaugaugaug	scaffold5:108915830..108915877:+	PDi1	scaffold5	108915830..108915877	108915830	108915877	0
1343	scaffold5_748372	14.8	76 +/- 2%	-	27	26	0	1	yes	-	-	-	-	gggaauaucuucaggugga	ucaccugaagaugcgcccccaa	ucaccugaagaugcgcccccaaagcuuugaggggaauaucuucaggugga	scaffold5:109365116..109365166:-	PL1	scaffold5	109365116..109365166	109365116	109365166	0
1344	scaffold5_397432	127.8	79 +/- 3%	-	254	184	0	70	yes	-	-	-	-	uuuuucauugacguaugcucgg	uaguguguauccuugaagaacc	uaguguguauccuugaagaaccuuauaugguuuuucauugacguaugcucgg	scaffold5:110018798..110018850:+	SMA2	scaffold5	110018798..110018850	110018798	110018850	0
1345	scaffold5_510263	25.5	58 +/- 3%	-	69	24	1	44	no	-	-	-	-	gcggcuaaaaauaauguaag	aucucuuuuuugacacauguu	gcggcuaaaaauaauguaagugacaauuuguugaaaacguuaucaacagauacaauuaucucuuuuuugacacauguu	scaffold5:110703535..110703613:-	AMP3	scaffold5	110703535..110703613	110703535	110703613	0
1346	scaffold5_733502	788.1	48 +/- 4%	-	1549	1545	2	2	yes	-	-	-	-	ugcgcuggauguauucaag	uugaaugauuuuacuuag	ugcgcuggauguauucaaggggauugaagauauugaaucaucuugaaugauuuuacuuag	scaffold5:111638747..111638807:-	PH2	scaffold5	111638747..111638807	111638747	111638807	0
1347	scaffold5_466201	150.3	58 +/- 3%	-	324	323	0	1	no	-	-	-	-	uguguguguuuguguugugug	uacaauuauaauaaauau	uacaauuauaauaaauauauuuaauauuaaaauguguguguguuuguguugugug	scaffold5:111963162..111963217:+	AMP3	scaffold5	111963162..111963217	111963162	111963217	0
1348	scaffold5_642424	14.8	78 +/- 3%	-	27	26	0	1	yes	-	-	-	-	cuccucuagucuaggugauaguag	agguaucacuccgggcgaaaggu	agguaucacuccgggcgaaagguagaauaaccagaggcucuaaauggcccucugguuugacuccucuagucuaggugauaguag	scaffold5:112177951..112178035:+	PL2	scaffold5	112177951..112178035	112177951	112178035	0
1349	scaffold6_547462	0.0	64 +/- 2%	-	1654	1644	0	10	yes	-	-	-	-	aggagaaaauacaaguuguu	gcaggcaaaaacuucuaaaac	aggagaaaauacaaguuguucauaagaauagcaggcaaaaacuucuaaaac	scaffold6:393745..393796:+	AMP1	scaffold6	393745..393796	393745	393796	0
1350	scaffold6_354562	3820.7	72 +/- 3%	-	7526	7199	0	327	no	-	-	-	-	uuuuucauugauucauacuugg	caguguguaucuuugcaaaacc	caguguguaucuuugcaaaacccuaugugauuuuucauugauucauacuugg	scaffold6:1129597..1129649:+	IST2	scaffold6	1129597..1129649	1129597	1129649	0
1351	scaffold6_555221	110.5	58 +/- 3%	-	244	243	0	1	no	-	-	-	-	gcuaacuucugugauuucaag	uugauaccagaggagcagaa	gcuaacuucugugauuucaaguaggacagguugauaccagaggagcagaa	scaffold6:1847439..1847489:-	AMP3	scaffold6	1847439..1847489	1847439	1847489	0
1352	scaffold6_593451	489.4	60 +/- 3%	-	1074	162	911	1	no	-	-	-	-	uguguuuuauuuaauaucgca	ugaaaagauuacacaauauaa	uguguuuuauuuaauaucgcaagaaaauacccaucuuaagacauucuacaaauuacauuauguaguugaacuuuaccauuugcugaaaagauuacacaauauaa	scaffold6:1890628..1890732:-	AMP1	scaffold6	1890628..1890732	1890628	1890732	0
1353	scaffold6_740841	63.1	69 +/- 3%	-	139	130	2	7	no	-	-	-	-	uggggaugugaugcuaug	uugcuucacuaaaucuaucaacu	uugcuucacuaaaucuaucaacucgaaagaacacggaauuuuggggaugugaugcuaug	scaffold6:1905696..1905755:+	PDii3	scaffold6	1905696..1905755	1905696	1905755	0
1354	scaffold6_548223	2938.8	60 +/- 3%	-	5797	4144	1208	445	no	-	-	-	-	aggagucuugaagagaacc	ucucaaauuggggagcucagg	ucucaaauuggggagcucaggcuuggcuuggaaugaagagaacgcaggaaggaauaggagucuugaagagaacc	scaffold6:2255081..2255155:+	AMP1	scaffold6	2255081..2255155	2255081	2255155	0
1355	scaffold6_794119	40.3	76 +/- 4%	-	122	119	0	3	no	-	-	-	-	ugaguuagaguugaaaaguagu	cauacuuuuuaauuacuuuauuagu	cauacuuuuuaauuacuuuauuaguuuuuucuauuucaucuuuauuuagagccuuuugaguuagaguugaaaaguagu	scaffold6:4054833..4054911:-	EC3	scaffold6	4054833..4054911	4054833	4054911	0
1356	scaffold6_651010	77.7	76 +/- 4%	-	156	153	0	3	yes	-	-	-	-	uucuucauugauuuaugcuuugg	uaguguauaucuuugaggaacc	uaguguauaucuuugaggaaccuuaugguucuucauugauuuaugcuuugg	scaffold6:4327511..4327562:+	GA1	scaffold6	4327511..4327562	4327511	4327562	0
1357	scaffold6_677946	11.4	72 +/- 3%	-	76	70	0	6	no	-	-	-	-	ugagacugagcaugcauuacu	uaaauguaaguuaggaaguug	ugagacugagcaugcauuacuaauuaaauguaaguuaggaaguug	scaffold6:5095273..5095318:+	SMA1	scaffold6	5095273..5095318	5095273	5095318	0
1358	scaffold6_770997	18.6	75 +/- 3%	-	51	37	13	1	no	-	-	-	-	uagcucggugugugcacucaauu	auaaagcaaccgggcauu	uagcucggugugugcacucaauuaaauuuguaacugacuuaaacucagaguuguaaaauguuuguuauuuuuguuuaauaaagcaaccgggcauu	scaffold6:5106435..5106530:-	PDi2	scaffold6	5106435..5106530	5106435	5106530	0
1359	scaffold6_556477	21.1	58 +/- 3%	-	66	65	0	1	no	-	-	-	-	ggccaacucugaucucug	guaguuccaagucucagcu	ggccaacucugaucucugaaucaacccacauucuugugccucuguuguugauugaguaguuccaagucucagcu	scaffold6:5532813..5532887:-	AMP3	scaffold6	5532813..5532887	5532813	5532887	0
1360	scaffold6_513348	36.4	58 +/- 3%	-	97	95	1	1	no	-	-	-	-	gauuagucugguauccauguu	uguuugauucaguuaauugu	uguuugauucaguuaauuguuuugugagugccuugaucuuguuuuggaacgcuucacuuugcuugauuagucugguauccauguu	scaffold6:5553606..5553691:+	AMP3	scaffold6	5553606..5553691	5553606	5553691	0
1361	scaffold6_734092	20.8	76 +/- 4%	-	43	32	10	1	yes	-	-	-	-	uguagugucaaugucuaug	ugaauucuauugauauuuu	ugaauucuauugauauuuuuuuuuaaaauuucaccugcuuccauaguaugugguagacuugcuccgggugaauugaaauuuguagugucaaugucuaug	scaffold6:6691993..6692092:+	EC3	scaffold6	6691993..6692092	6691993	6692092	0
1362	scaffold6_738185	800.9	48 +/- 4%	-	1570	1565	2	3	yes	-	-	-	-	uguagugucaaugucuaugugag	ucacguguauauugucaug	uguagugucaaugucuaugugaggguuuagaccccagcaaguguugcacguacauugugcuggagauacucacguguauauugucaug	scaffold6:6692073..6692161:+	PH2	scaffold6	6692073..6692161	6692073	6692161	0
1363	scaffold6_592640	69.4	67 +/- 3%	-	156	152	0	4	no	-	-	-	-	uugaaauuccaugaucagccauu	ugguauauucuggaucaaga	ugguauauucuggaucaagaaucauuuuuccaauugaaauuccaugaucagccauu	scaffold6:7287997..7288053:-	AMP2	scaffold6	7287997..7288053	7287997	7288053	0
1364	scaffold6_552796	15.5	60 +/- 3%	-	64	63	0	1	no	-	-	-	-	cuaguacauguagaaaaagag	uauacauuuucuauuuacuaaacug	cuaguacauguagaaaaagagugaaagcaaaucuauacauuuucuauuuacuaaacug	scaffold6:10402405..10402463:+	AMP1	scaffold6	10402405..10402463	10402405	10402463	0
1365	scaffold6_483135	1072.0	67 +/- 3%	-	2145	2141	3	1	no	-	-	-	-	ugaaauaggagcaaauggaag	ucuaaaugauauuacuguacau	ugaaauaggagcaaauggaagaacgacuauauucagucauucacauucuaaaugauauuacuguacau	scaffold6:10438222..10438290:-	IST3	scaffold6	10438222..10438290	10438222	10438290	0
1366	scaffold6_838331	14.4	75 +/- 2%	-	49	47	0	2	no	-	-	-	-	caaucacuagucuaaccgugg	ggugguuagacgugcaauucu	ggugguuagacgugcaauucuuucaaacgugauagaucacuuuccaaccaaucacuagucuaaccgugg	scaffold6:10890620..10890689:-	PL3	scaffold6	10890620..10890689	10890620	10890689	0
1367	scaffold6_774635	79.9	75 +/- 3%	-	181	168	12	1	no	-	-	-	-	ugagaagccauuucauuguga	cgcacucuggugagaagcca	ugagaagccauuucauugugaucaaugauuacaaauguacaacaucuagugaucuaaggaagcauaaauugacgcacucuggugagaagcca	scaffold6:11125642..11125734:-	PDi2	scaffold6	11125642..11125734	11125642	11125734	0
1368	scaffold6_880462	42.6	72 +/- 3%	-	81	80	0	1	yes	-	-	-	-	uacaucaaaagguucucgucu	acgagcgucuuuuugaugu	acgagcgucuuuuugauguaauaaaugacauacaucaaaagguucucgucu	scaffold6:11732899..11732950:-	PDii2	scaffold6	11732899..11732950	11732899	11732950	0
1369	scaffold6_820223	2155.6	76 +/- 2%	-	4252	3197	0	1055	no	-	-	-	-	uuucauugauguacgcuuugg	uaaguauguaucuuugaaaaa	uaaguauguaucuuugaaaaaugcaauuauuuuucauugauguacgcuuugg	scaffold6:12098675..12098727:-	PL1	scaffold6	12098675..12098727	12098675	12098727	0
1370	scaffold6_553575	166.2	60 +/- 3%	-	347	330	0	17	no	-	-	-	-	uuucaugaauuacaaaggaag	ugcuuuaaauggauagaaag	ugcuuuaaauggauagaaagugaggagcuuucaugaauuacaaaggaag	scaffold6:12577905..12577954:+	AMP1	scaffold6	12577905..12577954	12577905	12577954	0
1371	scaffold6_517095	14.7	58 +/- 3%	-	84	59	22	3	no	-	-	-	-	uauagguuuguaaauaguaug	acaggguacaaauucuauaau	acaggguacaaauucuauaauggcaauuacacaauuacuagaauguagacuuauucuuagccuucuuaacaauguauagguuuguaaauaguaug	scaffold6:12751109..12751204:+	AMP3	scaffold6	12751109..12751204	12751109	12751204	0
1372	scaffold6_496271	12.8	73 +/- 3%	-	48	42	2	4	no	-	-	-	-	ugacucaguguaauggaauag	uuccaugcgauacuggcacau	uuccaugcgauacuggcacaucaauagagacaccaaccacaacuuagaugacucaguguaauggaauag	scaffold6:13027302..13027371:+	SMA3	scaffold6	13027302..13027371	13027302	13027371	0
1373	scaffold6_599012	70.1	60 +/- 3%	-	149	96	9	44	no	-	-	-	-	uuauuuaauacauguagugau	uccuaaccguaacuuaagug	uuauuuaauacauguagugaucgguagucggacuaggcgagaaucgaaaauuccuaaccguaacuuaagug	scaffold6:13090488..13090559:-	AMP1	scaffold6	13090488..13090559	13090488	13090559	0
1374	scaffold6_741794	18.5	48 +/- 4%	-	50	48	0	2	no	-	-	-	-	ugaucuuuguagcaauaacuag	uuaacagcgucaauacacucg	ugaucuuuguagcaauaacuaggccuaaugcuacucugcuuaggagcuucgcaguaggucuuaacagcgucaauacacucg	scaffold6:13806999..13807080:+	PH2	scaffold6	13806999..13807080	13806999	13807080	0
1375	scaffold6_802992	444.7	48 +/- 4%	-	905	903	1	1	no	-	-	-	-	uguuaaaauagcaaucugauug	uuggauaaucuggcuuaug	uuggauaaucuggcuuauggcauacgccguuuugaaaacuuaagggaauguuaaaauagcaaucugauug	scaffold6:14015960..14016030:-	PH2	scaffold6	14015960..14016030	14015960	14016030	0
1376	scaffold6_599390	262.7	60 +/- 3%	-	574	357	0	217	no	-	-	-	-	ucauacauguauagaucaaua	cagacuaagcaagaaucgaaa	ucauacauguauagaucaauauucagacuaagcaagaaucgaaa	scaffold6:14298380..14298424:-	AMP1	scaffold6	14298380..14298424	14298380	14298424	0
1377	scaffold6_551737	10.3	67 +/- 3%	-	26	24	1	1	no	-	-	-	-	uguuuuucagcuagaaggcg	ccuuagagcacaggacucuac	uguuuuucagcuagaaggcgcuuagucucgucugaguucagagcaagucccuuagagcacaggacucuac	scaffold6:14347270..14347340:+	AMP2	scaffold6	14347270..14347340	14347270	14347340	0
1378	scaffold6_544726	1.5	87 +/- 2%	-	554	553	0	1	yes	-	-	-	-	uagcaguucaguuuuagagagag	cucuuaaagugauuuccuugc	uagcaguucaguuuuagagagagauuuuguucucucucuuaaagugauuuccuugc	scaffold6:15256880..15256936:+	HL3	scaffold6	15256880..15256936	15256880	15256936	0
1379	scaffold6_841541	0.0	74 +/- 2%	-	200	199	0	1	yes	-	-	-	-	augguuagauuagugauuguu	uugcaugucuagccaccgga	augguuagauuagugauuguuuuaaaagugauauauaacauuugaaagaauugcaugucuagccaccgga	scaffold6:15445750..15445820:-	PL3	scaffold6	15445750..15445820	15445750	15445820	0
1380	scaffold6_600162	139.1	60 +/- 3%	-	284	283	0	1	no	-	-	-	-	caauuaaagggcgugagguug	aauuaugcacacuccccuu	caauuaaagggcgugagguuggaaacauccaauuaugcacacuccccuu	scaffold6:16192328..16192377:-	AMP1	scaffold6	16192328..16192377	16192328	16192377	0
1381	scaffold6_396304	28.0	89 +/- 2%	-	104	97	2	5	no	-	-	-	-	gauacauuuggugacuguugcaucu	uaggcuuuuguuuacacgau	gauacauuuggugacuguugcaucuuuaucaacucacacaccauuguuuaacuuuauuugauuuuauaggcuuuuguuuacacgau	scaffold6:16250207..16250293:+	PH3	scaffold6	16250207..16250293	16250207	16250293	0
1382	scaffold6_545279	61.7	87 +/- 2%	-	122	120	1	1	yes	-	-	-	-	uguguguguguguguagugug	ucuugauauauauauauauaua	ucuugauauauauauauauauauauauauauauauauauauguguguguguguguguagugug	scaffold6:17060860..17060923:+	HL3	scaffold6	17060860..17060923	17060860	17060923	0
1383	scaffold6_744761	141.9	48 +/- 4%	-	291	287	3	1	no	-	-	-	-	ugcggagagauuguuugagaaag	ucucaaauaaaaaauuuguc	ucucaaauaaaaaauuugucgcauuucaaucuaaaggacuacaaauaaugagucuauucaugcugcggagagauuguuugagaaag	scaffold6:18467196..18467282:+	PH2	scaffold6	18467196..18467282	18467196	18467282	0
1384	scaffold6_545931	10.5	87 +/- 2%	-	31	28	0	3	no	-	-	-	-	uguuggaaguacaagcuguuga	cggacagcuguugcaaaaugggg	cggacagcuguugcaaaaugggguggggcuccaucauguuggaaguacaagcuguuga	scaffold6:18469253..18469311:+	HL3	scaffold6	18469253..18469311	18469253	18469311	0
1385	scaffold6_715318	106.4	78 +/- 3%	-	236	109	124	3	no	-	-	-	-	guggcagauauugaaaaaug	gucaccaaguucugcuaaucuuuc	gucaccaaguucugcuaaucuuucuccaaucgaaaacguguggcagauauugaaaaaug	scaffold6:18754923..18754982:+	PL2	scaffold6	18754923..18754982	18754923	18754982	0
1386	scaffold6_806673	70.4	48 +/- 4%	-	151	136	4	11	no	-	-	-	-	ugcuuugagguuaagaaug	uucuucaggauguuucgcacag	ugcuuugagguuaagaaugcuuucugggugccacgaaagucccaauugaguaauucuucaggauguuucgcacag	scaffold6:20904957..20905032:-	PH2	scaffold6	20904957..20905032	20904957	20905032	0
1387	scaffold6_613640	14.0	87 +/- 2%	-	25	24	0	1	yes	-	-	-	-	ugccacacgauuagucuuuug	aaagacuaaucgugugauacc	ugccacacgauuagucuuuugacgacaguaaaaagacuaaucgugugauacc	scaffold6:20913512..20913564:-	HL2	scaffold6	20913512..20913564	20913512	20913564	0
1388	scaffold6_602083	395.3	60 +/- 3%	-	792	791	0	1	no	-	-	-	-	uagucagacuaagcaagaauc	uauccaauuguuucaggcuuc	uauccaauuguuucaggcuucuauuauuuuguacauguauagauagauagucagacuaagcaagaauc	scaffold6:21223921..21223989:-	AMP1	scaffold6	21223921..21223989	21223921	21223989	0
1389	scaffold6_482430	36.2	79 +/- 3%	-	72	70	0	2	yes	-	-	-	-	uaguguguauccuugaagaacc	uuuuucauugacguauaugcucg	uaguguguauccuugaagaaccuuauaugguuuuucauugacguauaugcucg	scaffold6:21565307..21565360:-	SMA2	scaffold6	21565307..21565360	21565307	21565360	0
1390	scaffold6_715526	11.1	76 +/- 4%	-	29	20	2	7	no	-	-	-	-	uuacccugguuuuaacgucugau	ugaguguuagcauuacccagg	uuacccugguuuuaacgucugaugugggugcgagccuccgcacaccgacgcgcccacugaguguuagcauuacccagg	scaffold6:22477146..22477224:+	EC1	scaffold6	22477146..22477224	22477146	22477224	0
1391	scaffold6_748420	162.0	48 +/- 4%	-	362	350	0	12	no	-	-	-	-	uauggauauauugacuugaacug	ugugaucucaauguguuucaaaaug	ugugaucucaauguguuucaaaaugacagaaaacuuuauggauauauugacuugaacug	scaffold6:23154479..23154538:+	PH2	scaffold6	23154479..23154538	23154479	23154538	0
1392	scaffold6_757645	12.0	74 +/- 4%	-	74	59	1	14	no	-	-	-	-	uaguaccauucuuugcauacu	ugccaauuguuuugagagg	uaguaccauucuuugcauacuuuucauaggguugaacacaaacuuucuuuagaaaauugccaauuguuuugagagg	scaffold6:23171420..23171496:+	DI3	scaffold6	23171420..23171496	23171420	23171496	0
1393	scaffold6_716066	16.2	76 +/- 4%	-	34	32	1	1	yes	-	-	-	-	ugugcagguugaauuugu	caaaagcuuccauuuguu	ugugcagguugaauuugugcagguauuuacaauuucuguaauugaaauauuucucgcaaaagcuuccauuuguu	scaffold6:23171704..23171778:+	EC1	scaffold6	23171704..23171778	23171704	23171778	0
1394	scaffold6_748731	603.6	48 +/- 4%	-	1205	1204	0	1	no	-	-	-	-	cuguuugaaaagauuaagugaag	ucgcuauccacccaaaccugauacaua	ucgcuauccacccaaaccugauacauaaaacuucuguuugaaaagauuaagugaag	scaffold6:23345661..23345717:+	PH2	scaffold6	23345661..23345717	23345661	23345717	0
1395	scaffold6_670670	15.2	77 +/- 3%	-	32	28	0	4	yes	-	-	-	-	ucaaacagaaguuuuaug	uaaaaaccuucacuuaauc	uaaaaaccuucacuuaaucuuuucaaacagaaguuuuaug	scaffold6:23345684..23345724:-	PDi1	scaffold6	23345684..23345724	23345684	23345724	0
1396	scaffold6_601317	10.3	67 +/- 3%	-	23	22	0	1	yes	-	-	-	-	cuccccauauauguuaaaugauu	ucauuuuucauguaccgggguau	cuccccauauauguuaaaugauugcucauuuuucauguaccgggguau	scaffold6:26625283..26625331:-	AMP2	scaffold6	26625283..26625331	26625283	26625331	0
1397	scaffold6_601361	10.3	67 +/- 3%	-	23	22	0	1	yes	-	-	-	-	cuccccauauauguuaaaugauu	ucauuuuucauguaccgggguau	cuccccauauauguuaaaugauugcucauuuuucauguaccgggguau	scaffold6:26671511..26671559:-	AMP2	scaffold6	26671511..26671559	26671511	26671559	0
1398	scaffold6_601505	12.9	67 +/- 3%	-	62	58	0	4	no	-	-	-	-	augauuuagcauuuucucugaau	ucugaugaugauuggcuag	ucugaugaugauuggcuaggucuaugaaucaugauuuagcauuuucucugaau	scaffold6:26837496..26837549:-	AMP2	scaffold6	26837496..26837549	26837496	26837549	0
1399	scaffold6_807950	169.9	76 +/- 4%	-	354	350	0	4	no	-	-	-	-	ggccaccaaguucugcugaucuuu	cgucagcaaaaacaaaaaauugg	cgucagcaaaaacaaaaaauugguuuucugaaaauaauaucuaauuuuugcaauggccaccaaguucugcugaucuuu	scaffold6:27128281..27128359:-	EC3	scaffold6	27128281..27128359	27128281	27128359	0
1400	scaffold6_560463	92.0	60 +/- 3%	-	234	85	10	139	no	-	-	-	-	ucucguccuauuuuugucaug	gaaaaaauuccugagcuuguu	ucucguccuauuuuugucauguggcuuucccucucuucagaucaugacgauuuuguuguuguugauguuugucugcacgaaaaaauuccugagcuuguu	scaffold6:27887008..27887107:+	AMP1	scaffold6	27887008..27887107	27887008	27887107	0
1401	scaffold6_447864	12.0	79 +/- 3%	-	19	10	0	9	yes	-	-	-	-	gaucaauuuaaguuuaggucu	gaccuaaacuuaaauugaucc	gaccuaaacuuaaauugauccgucuguuuguguaacuaauuccaauuggaauuaguuacacaaacagacggaucaauuuaaguuuaggucu	scaffold6:28359707..28359798:+	SMA2	scaffold6	28359707..28359798	28359707	28359798	0
1402	scaffold6_748229	320.4	72 +/- 3%	-	627	609	0	18	yes	-	-	-	-	cauuuacauugguauggacau	uccauaacuuuguaaauuucu	cauuuacauugguauggacauguucaagcaacauguccauaacuuuguaaauuucu	scaffold6:28493755..28493811:-	SMA1	scaffold6	28493755..28493811	28493755	28493811	0
1403	scaffold6_822159	279.8	74 +/- 4%	-	563	501	0	62	no	-	-	-	-	gauauucacaggaaauugaccaaug	gcagauuuuauguguauaccgag	gcagauuuuauguguauaccgaguauuauaauggaacaucugccagagauauucacaggaaauugaccaaug	scaffold6:28719257..28719329:-	DI3	scaffold6	28719257..28719329	28719257	28719329	0
1404	scaffold6_558695	13.2	67 +/- 3%	-	25	24	0	1	yes	-	-	-	-	cggugcaauauuguauggguca	aucuuuacaauguugcagcaa	aucuuuacaauguugcagcaacugaagagucagcggugcaauauuguauggguca	scaffold6:29564197..29564252:+	AMP2	scaffold6	29564197..29564252	29564197	29564252	0
1405	scaffold6_561245	10.9	60 +/- 3%	-	19	14	0	5	yes	-	-	-	-	ucccauaguacaaagagcug	gcucuuuguacuauguaaauc	gcucuuuguacuauguaaauccugaaauugggcguacaaaaagcagacguuuucagauucccauaguacaaagagcug	scaffold6:30498892..30498970:+	AMP1	scaffold6	30498892..30498970	30498892	30498970	0
1406	scaffold6_453951	68.1	67 +/- 3%	-	140	134	5	1	no	-	-	-	-	gaggcgcuguagcuuagugg	guccgcucagugccuauuuuuu	gaggcgcuguagcuuagugguaaagcgccugucucguaaacaggagaucggugguucgaguccgcucagugccuauuuuuu	scaffold6:30961990..30962071:+	IST3	scaffold6	30961990..30962071	30961990	30962071	0
1407	scaffold6_606473	27.2	60 +/- 3%	-	101	91	5	5	no	-	-	-	-	uaccuaaaugcuagaaguuu	aaucuuguaaauuuaguagg	uaccuaaaugcuagaaguuuaaguucacaccgcacagaauuucuaaaucuuguaaauuuaguagg	scaffold6:33166011..33166076:-	AMP1	scaffold6	33166011..33166076	33166011	33166076	0
1408	scaffold6_559769	1.8	76 +/- 2%	-	141	131	0	10	yes	-	-	-	-	guauucagcggcgcucauaau	ccagcgccgcugaauaccagag	ccagcgccgcugaauaccagaggcaucgaaauuuauugguauucagcggcgcucauaau	scaffold6:33168661..33168720:+	AMP2	scaffold6	33168661..33168720	33168661	33168720	0
1409	scaffold6_596785	428.0	82 +/- 3%	-	849	848	0	1	no	-	-	-	-	guucgacucccggcuugcg	gcaggugguguagcgguagcauagc	gcaggugguguagcgguagcauagcagcauucaagcuguugaucagguucgacucccggcuugcg	scaffold6:34345587..34345652:+	GA3	scaffold6	34345587..34345652	34345587	34345652	0
1410	scaffold6_934113	11.2	70 +/- 3%	-	29	18	10	1	no	-	-	-	-	gagcgcaggugguguagcgg	cgacuaccggcuugcgcaa	gagcgcaggugguguagcgguagcauagcagccuuccaagcuguugauccugguucgacuaccggcuugcgcaa	scaffold6:34348825..34348899:+	DI2	scaffold6	34348825..34348899	34348825	34348899	0
1411	scaffold6_454832	131.6	67 +/- 3%	-	269	265	2	2	no	-	-	-	-	ucgacucccggcuugcgcaau	agcgcaggugguuuagcgu	agcgcaggugguuuagcguuagcauagcagccuuccacgcuguugaucaggguucgacucccggcuugcgcaau	scaffold6:34357003..34357077:+	IST3	scaffold6	34357003..34357077	34357003	34357077	0
1412	scaffold6_560253	61.5	67 +/- 3%	-	130	98	26	6	no	-	-	-	-	ucgacucccggcuugcgcaacu	cgagcgcaggugguguag	cgagcgcaggugguguagcguuagcauagcagccuuccaagcuguugauccgguuucgacucccggcuugcgcaacu	scaffold6:34372764..34372841:+	AMP2	scaffold6	34372764..34372841	34372764	34372841	0
1413	scaffold6_596915	375.7	82 +/- 3%	-	739	564	174	1	yes	-	-	-	-	guucgacucccggcuugcg	gcaggugguguagcgguagcauagc	gcaggugguguagcgguagcauagcagccuuccaagcuguugauccguguucgacucccggcuugcg	scaffold6:34442087..34442154:+	GA3	scaffold6	34442087..34442154	34442087	34442154	0
1414	scaffold6_728819	352.4	75 +/- 3%	-	702	579	122	1	no	-	-	-	-	guucgacucucggcuugc	caggugguguagcgguagcauag	caggugguguagcgguagcauagcagccuuccaagcuguugauccggguucgacucucggcuugc	scaffold6:34443783..34443848:+	PDi2	scaffold6	34443783..34443848	34443783	34443848	0
1415	scaffold6_596941	405.5	82 +/- 3%	-	806	805	0	1	no	-	-	-	-	guucgacucccggcuugcg	gcaggugguguagcgguagcauagc	gcaggugguguagcgguagcauagcagccuucaagcuguugauccagguucgacucccggcuugcg	scaffold6:34508953..34509019:+	GA3	scaffold6	34508953..34509019	34508953	34509019	0
1416	scaffold6_596943	423.7	82 +/- 3%	-	841	805	35	1	no	-	-	-	-	guucgacucccggcuugcg	gcaggugguguagcgguagcauagc	gcaggugguguagcgguagcauagcagccuuccaagcuguugauccagguucgacucccggcuugcg	scaffold6:34510121..34510188:+	GA3	scaffold6	34510121..34510188	34510121	34510188	0
1417	scaffold6_750358	14.7	76 +/- 4%	-	59	58	0	1	no	-	-	-	-	uaugacugaaaaauuagaugaagu	ucggcuaccuuugaagau	ucggcuaccuuugaagauggaugacagauuaugacugaaaaauuagaugaagu	scaffold6:34701532..34701585:+	EC3	scaffold6	34701532..34701585	34701532	34701585	0
1418	scaffold6_884478	38.1	74 +/- 4%	-	108	77	26	5	no	-	-	-	-	uaucuuugacugucgauugugg	auaauuuuuuggucgaacuuugga	uaucuuugacugucgauuguggcuuuuccgucuaaaauuuucaaauaaaacccacgauaggaaaguacucccccaaccauaauuuuuuggucgaacuuugga	scaffold6:34801900..34802002:-	GA2	scaffold6	34801900..34802002	34801900	34802002	0
1419	scaffold6_455025	33.3	67 +/- 3%	-	64	61	0	3	yes	-	-	-	-	uauauauauauauauagguug	aucguauauauauauauauaua	aucguauauauauauauauauauauauauauauauauauauauauauauauauauauauagguug	scaffold6:34981354..34981419:+	IST3	scaffold6	34981354..34981419	34981354	34981419	0
1420	scaffold6_491194	388.0	67 +/- 3%	-	758	749	0	9	yes	-	-	-	-	caucaaaagguucucgucug	agacgagcaucuuuuugacgua	agacgagcaucuuuuugacguauaucaaaugauauacaucaaaagguucucgucug	scaffold6:35746591..35746647:-	IST3	scaffold6	35746591..35746647	35746591	35746647	0
1421	scaffold6_393638	69.3	72 +/- 3%	-	171	113	57	1	no	-	-	-	-	uggcaauggcauggauagacu	gguauuaaagacguuagagg	uggcaauggcauggauagacuacaggaaggcauaugacagcauaucacauaaguggguauuaaagacguuagagg	scaffold6:36122005..36122080:-	IST2	scaffold6	36122005..36122080	36122005	36122080	0
1422	scaffold6_869290	33.5	75 +/- 3%	-	74	73	0	1	no	-	-	-	-	ugauguaugcuaauuugaacgaug	ugcguucagacgaacauuauuuuga	ugauguaugcuaauuugaacgaugugcguucagacgaacauuauuuuga	scaffold6:36202998..36203047:-	DI1	scaffold6	36202998..36203047	36202998	36203047	0
1423	scaffold6_527145	70.3	58 +/- 3%	-	148	147	0	1	yes	-	-	-	-	ugccugguagaggauguuaca	guaaaucccuaccugcaaauau	guaaaucccuaccugcaaauauacaacuaauguuauacaguaacagaggauaaacaguaguaaugccugguagaggauguuaca	scaffold6:37278433..37278517:+	AMP3	scaffold6	37278433..37278517	37278433	37278517	0
1424	scaffold6_756118	165.6	48 +/- 4%	-	344	343	0	1	no	-	-	-	-	uuuauuguuaauuuauuuug	ggugugaagacaauaaucug	ggugugaagacaauaaucuggguuuucuccuuauuuauuguuaauuuauuuug	scaffold6:37735712..37735765:+	PH2	scaffold6	37735712..37735765	37735712	37735765	0
1425	scaffold6_799595	16.4	67 +/- 3%	-	58	55	1	2	no	-	-	-	-	gaacauucgaaugcugaauugg	uguuucagcaauauaaugcaccuug	uguuucagcaauauaaugcaccuugccaccucaguaaacgcacaaaaacccauauugcuucaaagaacauucgaaugcugaauugg	scaffold6:38832479..38832565:+	PDii1	scaffold6	38832479..38832565	38832479	38832565	0
1426	scaffold6_527861	171.3	58 +/- 3%	-	334	333	0	1	yes	-	-	-	-	cacuaucgacuuuuaucaccg	ugauaauagucgauagugg	cacuaucgacuuuuaucaccgauuucuugacagaugauaauagucgauagugg	scaffold6:39169058..39169111:+	AMP3	scaffold6	39169058..39169111	39169058	39169111	0
1427	scaffold6_816188	50.9	48 +/- 4%	-	177	176	0	1	no	-	-	-	-	uaaagacauaaaaucacucucgag	ugagauguggaugcuaaa	uaaagacauaaaaucacucucgaggaaaagcgcugagauguggaugcuaaa	scaffold6:39980657..39980708:-	PH2	scaffold6	39980657..39980708	39980657	39980708	0
1428	scaffold6_757395	50.9	48 +/- 4%	-	177	176	0	1	no	-	-	-	-	uaaagacauaaaaucacucucgag	ugagauguggaugcuaaa	uaaagacauaaaaucacucucgaggaaaagcgcugagauguggaugcuaaa	scaffold6:39994250..39994301:+	PH2	scaffold6	39994250..39994301	39994250	39994301	0
1429	scaffold6_807111	281.3	75 +/- 3%	-	596	595	0	1	no	-	-	-	-	guguguguguuguugugu	uauaauaaauauauauaau	uauaauaaauauauauaauauuaaaauguguguguguguuguugugu	scaffold6:40287483..40287530:+	DI1	scaffold6	40287483..40287530	40287483	40287530	0
1430	scaffold6_757834	605.7	48 +/- 4%	-	1284	1282	0	2	no	-	-	-	-	uauuugcacauauauauug	ugccaccaucuguguuaguauucu	uauuugcacauauauauugaacggaauacauuuucgauuuuaaugccaccaucuguguuaguauucu	scaffold6:40616919..40616986:+	PH2	scaffold6	40616919..40616986	40616919	40616986	0
1431	scaffold6_792920	11.0	75 +/- 2%	-	36	35	0	1	no	-	-	-	-	uccuucaugauauuauagug	uagaaauuucauaagggg	uccuucaugauauuauaguggaaucaaacaggcgcagaucuagaaauuucauaagggg	scaffold6:40617180..40617238:+	PL3	scaffold6	40617180..40617238	40617180	40617238	0
1432	scaffold6_758362	12.1	48 +/- 4%	-	34	33	0	1	yes	-	-	-	-	uguaguaggacaagaucaua	ugaucuaaauugcuauuaaaaaa	uguaguaggacaagaucauaucguaucacuuugaucuaaauugcuauuaaaaaa	scaffold6:40662267..40662321:+	PH2	scaffold6	40662267..40662321	40662267	40662321	0
1433	scaffold6_728037	27.0	78 +/- 3%	-	65	62	0	3	yes	-	-	-	-	uauauaaauauauaaauauacaaa	uauauauuuauauauauauau	uauauauuuauauauauauauauacauguauauauaaauauauaaauauacaaa	scaffold6:41263127..41263181:+	PL2	scaffold6	41263127..41263181	41263127	41263181	0
1434	scaffold6_817206	213.1	48 +/- 4%	-	461	460	0	1	no	-	-	-	-	agaaaggauauagaguuaaug	auagaagauuaugggaaauuucua	auagaagauuaugggaaauuucuaaaaagauugaaaauagauagaaaggauauagaguuaaug	scaffold6:41400175..41400238:-	PH2	scaffold6	41400175..41400238	41400175	41400238	0
1435	scaffold6_529224	75.7	58 +/- 3%	-	174	127	46	1	no	-	-	-	-	ugagauuacguugaacuguu	caagguaauaaaucaaagag	ugagauuacguugaacuguuuuacaagcaugguguacaaaugaaacucaucgucaauuggauugcugugugagacaagguaauaaaucaaagag	scaffold6:41465526..41465620:+	AMP3	scaffold6	41465526..41465620	41465526	41465620	0
1436	scaffold6_570737	77.2	58 +/- 3%	-	174	127	46	1	no	-	-	-	-	ugagauuacguugaacuguu	caagguaauaaaucaaagag	ugagauuacguugaacuguuuuacaagcaugguguacaaaugaaacacaucgucaauuggauugcugugugagacaagguaauaaaucaaagag	scaffold6:41471341..41471435:-	AMP3	scaffold6	41471341..41471435	41471341	41471435	0
1437	scaffold6_802121	12.4	67 +/- 3%	-	29	11	16	2	yes	-	-	-	-	ggaagugccgucauauuuuagaau	caaaauugugguaaugugcgcuuu	ggaagugccgucauauuuuagaaugaaguuggaaacuugaagauugcacaaugcugaacuucauaacucaaaauugugguaaugugcgcuuu	scaffold6:41653354..41653446:+	PDii1	scaffold6	41653354..41653446	41653354	41653446	0
1438	scaffold6_728670	170.0	78 +/- 3%	-	359	345	9	5	no	-	-	-	-	uuuuucagugaaaauguauugug	uuuguuggugaaauuuca	uuuguuggugaaauuucacuuccaagcaccauauuucaaacuauaaugauagugcuuuuucagugaaaauguauugug	scaffold6:41676169..41676247:+	PL2	scaffold6	41676169..41676247	41676169	41676247	0
1439	scaffold6_728768	170.0	78 +/- 3%	-	359	345	9	5	no	-	-	-	-	uuuuucagugaaaauguauugug	uuuguuggugaaauuuca	uuuguuggugaaauuucacuuccaagcaccauauuucaaacuauaaugauagugcuuuuucagugaaaauguauugug	scaffold6:41710518..41710596:+	PL2	scaffold6	41710518..41710596	41710518	41710596	0
1440	scaffold6_457739	197.9	67 +/- 3%	-	402	401	0	1	no	-	-	-	-	gcagccaaaccccgauugucu	acauucgagaccgguuucgcu	gcagccaaaccccgauugucuucaaaaaaacauucgagaccgguuucgcu	scaffold6:41880035..41880085:+	IST3	scaffold6	41880035..41880085	41880035	41880085	0
1441	scaffold6_776266	120.1	76 +/- 2%	-	242	192	35	15	yes	-	-	-	-	uguauucucuuuguguuc	auauagagcaaugcauuuu	auauagagcaaugcauuuuguaaauagaaauaguuugaacuguauucucuuuguguuc	scaffold6:42061233..42061291:+	PL1	scaffold6	42061233..42061291	42061233	42061291	0
1442	scaffold6_768751	539.1	74 +/- 4%	-	1149	1133	0	16	no	-	-	-	-	ucacaggagaugaaauaggagc	ucaaguuuuacgacagcgagg	ucaaguuuuacgacagcgaggucaaucacaggagaugaaauaggagc	scaffold6:42183637..42183684:+	DI3	scaffold6	42183637..42183684	42183637	42183684	0
1443	scaffold6_530252	24.1	58 +/- 3%	-	63	62	0	1	no	-	-	-	-	cugucaaguauagggggaau	cuuucugccauuguuagcuug	cugucaaguauagggggaauaucaccgcugcuguguguugacucacuuuucuuucugccauuguuagcuug	scaffold6:44106535..44106606:+	AMP3	scaffold6	44106535..44106606	44106535	44106606	0
1444	scaffold6_530326	31.8	58 +/- 3%	-	89	85	3	1	no	-	-	-	-	uucauuaacuauuacggguca	auccuuaacauuaagagccc	auccuuaacauuaagagcccgaagacuaaaaaagauauacaaaggauaaugggcuucauuaacuauuacggguca	scaffold6:44420302..44420377:+	AMP3	scaffold6	44420302..44420377	44420302	44420377	0
1445	scaffold6_942727	199.2	70 +/- 3%	-	405	404	0	1	no	-	-	-	-	aucacgucagggucacca	ggagcucuggcuacucuagcagu	aucacgucagggucaccauguagaaucacaguggagcucuggcuacucuagcagu	scaffold6:46000342..46000397:+	DI2	scaffold6	46000342..46000397	46000342	46000397	0
1446	scaffold6_572351	65.2	58 +/- 3%	-	156	103	0	53	no	-	-	-	-	uucauagacaaugucaacauu	uuguucaacugucaaaaugu	uucauagacaaugucaacauuacguaguuuuaucuaugcccauuguucaacugucaaaaugu	scaffold6:46372805..46372867:-	AMP3	scaffold6	46372805..46372867	46372805	46372867	0
1447	scaffold6_531100	29.9	58 +/- 3%	-	90	87	0	3	no	-	-	-	-	uucguugugacauaguuugaau	uuggaccuaguacaguuccuugg	uuggaccuaguacaguuccuuggggaacaccuaaguucguugugacauaguuugaau	scaffold6:46688981..46689038:+	AMP3	scaffold6	46688981..46689038	46688981	46689038	0
1448	scaffold6_406509	1644.1	89 +/- 2%	-	3247	3242	0	5	no	-	-	-	-	ucacaggagaugaaauaggagc	gucaaguuuuacggcagugag	gucaaguuuuacggcagugaggacagucacaggagaugaaauaggagc	scaffold6:48178304..48178352:+	PH3	scaffold6	48178304..48178352	48178304	48178352	0
1449	scaffold6_922196	20.3	70 +/- 4%	-	81	66	10	5	no	-	-	-	-	cucauucaccguuacgucgu	uaggugcgguagugcagaa	cucauucaccguuacgucgucaaucaaucauucucuucaucuucugaagucaaagcaagucuaggugcgguagugcagaa	scaffold6:48905444..48905524:-	EC2	scaffold6	48905444..48905524	48905444	48905524	0
1450	scaffold6_821112	44.2	48 +/- 4%	-	86	82	0	4	yes	-	-	-	-	ugcuuaugucaauugucaag	uccacuucaaguugauguag	ugcuuaugucaauugucaaggaauagggcagcugcucuuuuucuccacuucaaguugauguag	scaffold6:49637233..49637296:-	PH2	scaffold6	49637233..49637296	49637233	49637296	0
1451	scaffold6_569405	41.9	60 +/- 3%	-	139	125	11	3	no	-	-	-	-	uacaaagagacguaauugagu	uuacauuaucaucuuuugcua	uacaaagagacguaauugagugacaccuaguuuuccauuuccugcuggauaaaauauuacauuaucaucuuuugcua	scaffold6:50139175..50139252:+	AMP1	scaffold6	50139175..50139252	50139175	50139252	0
1452	scaffold6_612944	88.7	60 +/- 3%	-	223	222	0	1	no	-	-	-	-	uaauacuauuuuagauccaaa	uuggaugacugaaaccuagga	uuggaugacugaaaccuaggaaauauauuaauacuauuuuagauccaaa	scaffold6:50445100..50445149:-	AMP1	scaffold6	50445100..50445149	50445100	50445149	0
1453	scaffold6_759564	116.4	72 +/- 3%	-	264	263	0	1	no	-	-	-	-	uuggacucacuauuggaaucu	uucuuaauagugaucucacc	uucuuaauagugaucucaccacgucuguguaaaacuaauuggacucacuauuggaaucu	scaffold6:51602255..51602314:-	SMA1	scaffold6	51602255..51602314	51602255	51602314	0
1454	scaffold6_397507	347.7	72 +/- 3%	-	693	286	375	32	no	-	-	-	-	uguuuguaguuagcuuaaucc	guugaguuucuagagagggagg	guugaguuucuagagagggagguugagguuuaggcgaggcauauuccagggagacagcuuagcaccacuauuguuuguaguuagcuuaaucc	scaffold6:52837011..52837103:-	IST2	scaffold6	52837011..52837103	52837011	52837103	0
1455	scaffold6_613764	375.9	60 +/- 3%	-	746	306	158	282	no	-	-	-	-	ugcaguaagguucugggagaa	acaaagaacuagaugcagga	acaaagaacuagaugcaggagaaaaggcuacagcuagagcaggcgaaguugcaguaagguucugggagaa	scaffold6:52837675..52837745:-	AMP1	scaffold6	52837675..52837745	52837675	52837745	0
1456	scaffold6_461281	15.7	67 +/- 3%	-	47	42	0	5	no	-	-	-	-	auuguagcauuguugagg	ucaaagcacaauguuguu	auuguagcauuguugagguguuauuaucaaagcacaauguuguu	scaffold6:52883482..52883526:+	IST3	scaffold6	52883482..52883526	52883482	52883526	0
1457	scaffold6_871619	11.8	67 +/- 3%	-	28	27	0	1	no	-	-	-	-	uaggaugaguuaggaugcauu	uguauccuaaauucgucuuacuagg	uguauccuaaauucgucuuacuaggacaugagacaucugcgacauaauaauaggaugaguuaggaugcauu	scaffold6:55023002..55023073:-	PDii1	scaffold6	55023002..55023073	55023002	55023073	0
1458	scaffold6_676889	34.1	76 +/- 4%	-	85	64	17	4	no	-	-	-	-	aucagagugagauagucagucacg	ugagacgacgguucaaagaua	ugagacgacgguucaaagauacaauacugugggcauuggcaagcaauacggaaaagccagaguuauggggaggaggaaaaucagagugagauagucagucacg	scaffold6:55082304..55082407:+	GA1	scaffold6	55082304..55082407	55082304	55082407	0
1459	scaffold6_766275	18.7	48 +/- 4%	-	79	68	10	1	no	-	-	-	-	ucuaguuguuugaaaacag	uuugcaaauuauuagacag	ucuaguuguuugaaaacaggaaaagaccaauuucuuugaauaguagaagcuuguccaacuggaguuugcaaauuauuagacag	scaffold6:55313409..55313492:+	PH2	scaffold6	55313409..55313492	55313409	55313492	0
1460	scaffold6_534622	11.2	58 +/- 3%	-	34	32	0	2	no	-	-	-	-	cauccagagcaacgugucgcc	gagauucguaugcgagaa	gagauucguaugcgagaaguagugcauucuacauccagagcaacgugucgcc	scaffold6:55742105..55742157:+	AMP3	scaffold6	55742105..55742157	55742105	55742157	0
1461	scaffold6_880792	18.0	75 +/- 3%	-	77	75	0	2	no	-	-	-	-	ugguucucgauuuuaauugg	gccuuaagaucuuguaaaguuuau	gccuuaagaucuuguaaaguuuauugguucucgauuuuaauugg	scaffold6:57377968..57378012:-	DI1	scaffold6	57377968..57378012	57377968	57378012	0
1462	scaffold6_535371	232.9	58 +/- 3%	-	476	471	0	5	no	-	-	-	-	gcuuaguggagcaaaugaagg	uuaaagaugcuuuaaaugg	gcuuaguggagcaaaugaaggauuaaagaugcuuuaaaugg	scaffold6:57807297..57807338:+	AMP3	scaffold6	57807297..57807338	57807297	57807338	0
1463	scaffold6_730216	10.2	76 +/- 4%	-	37	34	0	3	no	-	-	-	-	cuagcaauguauuaaagccagag	ugugcuugcgauauuuucuag	cuagcaauguauuaaagccagaguguucacacaucgcgauugugcuugcgauauuuucuag	scaffold6:57808755..57808816:-	GA1	scaffold6	57808755..57808816	57808755	57808816	0
1464	scaffold6_825016	128.5	48 +/- 4%	-	259	227	31	1	no	-	-	-	-	ugacuugggaaacaugag	auacucucccaugccguucacg	ugacuugggaaacaugaggacgagcauugucuugucuccagauaaucucgugcugccauacucucccaugccguucacg	scaffold6:58049999..58050078:-	PH2	scaffold6	58049999..58050078	58049999	58050078	0
1465	scaffold6_864282	54.4	75 +/- 2%	-	116	80	0	36	no	-	-	-	-	ugauguaugcuaauuugaacgaug	ugcguucagacgagcauuauuuug	ugauguaugcuaauuugaacgaugugcguucagacgagcauuauuuug	scaffold6:58926358..58926406:-	PL3	scaffold6	58926358..58926406	58926358	58926406	0
1466	scaffold6_458065	80.4	79 +/- 3%	-	202	96	86	20	no	-	-	-	-	gaguugaaaaguagucugauu	ucauacuuuuuaauuacuuua	ucauacuuuuuaauuacuuuauuaguucuuucuucuauuucaucuucauuugggaccuuuugaguuauagaguugaaaaguagucugauu	scaffold6:59317976..59318066:+	SMA2	scaffold6	59317976..59318066	59317976	59318066	0
1467	scaffold6_845497	16.3	76 +/- 2%	-	68	59	6	3	no	-	-	-	-	aagacaugugguauuuccuuu	ccuccaauauuacaucugau	ccuccaauauuacaucugaucuugacuuuuggcuacuuggucuuccguuaaccaucuugauuuuaguccaaccaagacaugugguauuuccuuu	scaffold6:60314104..60314198:-	PL1	scaffold6	60314104..60314198	60314104	60314198	0
1468	scaffold6_774274	113.5	69 +/- 3%	-	237	230	0	7	no	-	-	-	-	ugaagaaagacgccaucauuucg	cccuggcgucauaucaucau	ugaagaaagacgccaucauuucguuguugcgccaaacggucacugcucuuuccaccucgacuccguccuccaaugaugacccuggcgucauaucaucau	scaffold6:60321426..60321525:+	PDii3	scaffold6	60321426..60321525	60321426	60321525	0
1469	scaffold6_536631	22.7	58 +/- 3%	-	63	38	0	25	no	-	-	-	-	acugaguagagauugguugu	caaucuuguuguguacuuuu	caaucuuguuguguacuuuuauuaacugaguagagauugguugu	scaffold6:60944367..60944411:+	AMP3	scaffold6	60944367..60944411	60944367	60944411	0
1470	scaffold6_614412	108.7	67 +/- 3%	-	230	191	38	1	no	-	-	-	-	guuugauuuuggacucac	ugagcuaaguuauccaguu	guuugauuuuggacucacauuguccuaggaaguugccaaccaaugcuuuacagugcuuccuacccugugagcuaaguuauccaguu	scaffold6:61867196..61867282:-	AMP2	scaffold6	61867196..61867282	61867196	61867282	0
1471	scaffold6_655298	16.8	82 +/- 3%	-	37	24	10	3	yes	-	-	-	-	guacugugaugauaagaacugcu	ucaguucuguaucugaguacac	guacugugaugauaagaacugcuuggcguguaaauauuuugaaacuguuguaaauagcuugaagccaaggaaaaaagaaucaguucuguaucugaguacac	scaffold6:61915696..61915797:-	GA3	scaffold6	61915696..61915797	61915696	61915797	0
1472	scaffold6_770132	110.9	48 +/- 4%	-	226	205	18	3	no	-	-	-	-	ugguugaaacauugucug	ucguuuccgcuaucugucg	ucguuuccgcuaucugucggguagaaaggcguggauuucuucaauuaaugagagaugguugaaacauugucug	scaffold6:61926247..61926320:+	PH2	scaffold6	61926247..61926320	61926247	61926320	0
1473	scaffold6_779448	10.2	74 +/- 4%	-	17	15	0	2	yes	-	-	-	-	uaaaucguguaguuaagacg	gcgaacuacacgauuuaauagg	gcgaacuacacgauuuaauagggccgauuaagucgugcccauuaaaucguguaguuaagacg	scaffold6:62147357..62147419:+	DI3	scaffold6	62147357..62147419	62147357	62147419	0
1474	scaffold6_574614	440.7	60 +/- 3%	-	886	867	0	19	no	-	-	-	-	ucuuuauggguaguucuuuca	aaaauagcuuaccaaaaaguu	aaaauagcuuaccaaaaaguuuaaaaucuuuauggguaguucuuuca	scaffold6:62881097..62881144:+	AMP1	scaffold6	62881097..62881144	62881097	62881144	0
1475	scaffold6_400533	83.0	72 +/- 3%	-	197	195	0	2	no	-	-	-	-	gcaacaucugagguggacac	gacaucaucaaauuguagag	gacaucaucaaauuguagagaaggaggaacgaacguggucggcaacaucugagguggacac	scaffold6:63441321..63441382:-	IST2	scaffold6	63441321..63441382	63441321	63441382	0
1476	scaffold6_495672	11.7	79 +/- 3%	-	20	12	7	1	yes	-	-	-	-	uauguguguguguguguggg	cauauauauauauauauaua	cauauauauauauauauauauauauauauauauauauauauauacauauauauauauauauauguguguguguguguggg	scaffold6:64137584..64137664:-	SMA2	scaffold6	64137584..64137664	64137584	64137664	0
1477	scaffold6_885512	95.0	75 +/- 3%	-	221	220	0	1	no	-	-	-	-	guguguauguguugugugu	uauaauaaauauauauaau	uauaauaaauauauauaauauuaaaauguguguguauguguugugugu	scaffold6:65249498..65249546:-	DI1	scaffold6	65249498..65249546	65249498	65249546	0
1478	scaffold6_619224	451.9	60 +/- 3%	-	897	621	63	213	no	-	-	-	-	aggagcuguguuguggagauu	uugagcugagauggugccgug	uugagcugagauggugccguggacucaaccaucguuguagaaggagaggagcuguguuguggagauu	scaffold6:65944162..65944229:-	AMP1	scaffold6	65944162..65944229	65944162	65944229	0
1479	scaffold6_829051	3.2	47 +/- 3%	-	161	160	0	1	yes	-	-	-	-	ucagcuuauaugguuaugug	uaaccauauaagcugauuuuuc	ucagcuuauaugguuaugugaaaagaauacauaaccauauaagcugauuuuuc	scaffold6:66010965..66011018:-	PH2	scaffold6	66010965..66011018	66010965	66011018	0
1480	scaffold6_848742	39.0	76 +/- 2%	-	87	86	0	1	no	-	-	-	-	ggacuugacaucaccacaaguguug	gaaaagcuuucuguaguuguuaacc	gaaaagcuuucuguaguuguuaaccguuuguuggacuugacaucaccacaaguguug	scaffold6:66661390..66661447:-	PL1	scaffold6	66661390..66661447	66661390	66661447	0
1481	scaffold6_565843	263.4	87 +/- 2%	-	513	507	0	6	yes	-	-	-	-	caucaaaagguucucgucug	gacgagcaucuuuuugacgua	gacgagcaucuuuuugacguauaucaaaugauauacaucaaaagguucucgucug	scaffold6:66714757..66714812:+	HL3	scaffold6	66714757..66714812	66714757	66714812	0
1482	scaffold6_517435	133.4	73 +/- 3%	-	271	244	26	1	no	-	-	-	-	gcacgucuaaccauaaccacc	ugguuuuuuaggcuacgguu	ugguuuuuuaggcuacgguucgaauaugugauuggucacgcgugaucugucaaauuuugaugaaacgcacgucuaaccauaaccacc	scaffold6:66995211..66995298:+	SMA3	scaffold6	66995211..66995298	66995211	66995298	0
1483	scaffold6_869192	202.3	75 +/- 2%	-	406	405	0	1	yes	-	-	-	-	guguguguguguugugug	ugcaauauauauauauau	ugcaauauauauauauauauauauauguguguguguguugugug	scaffold6:67842276..67842320:-	PL3	scaffold6	67842276..67842320	67842276	67842320	0
1484	scaffold6_712457	63.9	72 +/- 3%	-	161	126	0	35	no	-	-	-	-	caagcaauagggaaguugaag	uagaagauuucagaauugagg	uagaagauuucagaauugagggaaauagaccaagcaauagggaaguugaag	scaffold6:68361939..68361990:+	SMA1	scaffold6	68361939..68361990	68361939	68361990	0
1485	scaffold6_539441	2040.9	58 +/- 3%	-	4019	3159	856	4	no	-	-	-	-	ucuugauucguuauuaccgcc	gccgugacugacuauuucacu	ucuugauucguuauuaccgccucucugacgaugagcgcaaaucuuuuggccuucguccccgccgccgugacugacuauuucacu	scaffold6:68419463..68419547:+	AMP3	scaffold6	68419463..68419547	68419463	68419547	0
1486	scaffold6_830270	19.7	48 +/- 4%	-	58	57	0	1	no	-	-	-	-	ucgauauacgacuuuauuccgacg	ucgacucaaagucauuauaguugu	ucgacucaaagucauuauaguuguaacuucguucuuuuuuaaacguuuuucgauauacgacuuuauuccgacg	scaffold6:68612510..68612583:-	PH2	scaffold6	68612510..68612583	68612510	68612583	0
1487	scaffold6_620352	1253.6	60 +/- 3%	-	2471	1918	551	2	no	-	-	-	-	auagacgaguugauuuugaca	auaaacgcaacuugucacac	auagacgaguugauuuugacacauugguggcgauuggucagguaagacuggaacaguucaaugaaauccgcaucaaaacuaaauaaacgcaacuugucacac	scaffold6:68679760..68679862:-	AMP1	scaffold6	68679760..68679862	68679760	68679862	0
1488	scaffold6_774018	230.3	48 +/- 4%	-	500	490	0	10	no	-	-	-	-	ugucaaaaaauuuucaaaug	uagaaaaaacaauuggcugaag	uagaaaaaacaauuggcugaagggcuuccucuucauauuugcuaucaccaucaacacucccgaaugucaaaaaauuuucaaaug	scaffold6:68692817..68692901:+	PH2	scaffold6	68692817..68692901	68692817	68692901	0
1489	scaffold6_830518	46.8	48 +/- 4%	-	100	99	0	1	no	-	-	-	-	ugucgauagaaucuuuagacg	ucgguuaguguuuuaucc	ugucgauagaaucuuuagacgggccgagagaauuauuggcgagucgguuaguguuuuaucc	scaffold6:68834523..68834584:-	PH2	scaffold6	68834523..68834584	68834523	68834584	0
1490	scaffold6_959428	124.3	70 +/- 3%	-	244	220	23	1	yes	-	-	-	-	guucagacuaucgacuuuuaucag	ugauaaauugucagaugaca	ugauaaauugucagaugacaguaaucuagcuguuuugccaaaaaaucggauggagcguucagacuaucgacuuuuaucag	scaffold6:69961694..69961774:+	DI2	scaffold6	69961694..69961774	69961694	69961774	0
1491	scaffold6_621102	425.2	60 +/- 3%	-	831	819	0	12	yes	-	-	-	-	caucaaaagguucucgucug	agacgagcaucuuuuugacgua	agacgagcaucuuuuugacguauaucaaaugauauacaucaaaagguucucgucug	scaffold6:70581247..70581303:-	AMP1	scaffold6	70581247..70581303	70581247	70581303	0
1492	scaffold6_621157	143.5	60 +/- 3%	-	298	118	179	1	no	-	-	-	-	gacggcaagccaauugaaac	gaggauuugguagccugu	gaggauuugguagccugugcaaaacuuuuugcaaauugaugcacaaauuaguucuaaaauguggugacggcaagccaauugaaac	scaffold6:70681548..70681633:-	AMP1	scaffold6	70681548..70681633	70681548	70681633	0
1493	scaffold6_868823	108.8	70 +/- 4%	-	213	203	0	10	yes	-	-	-	-	auaccggagguauggcucuau	ugagacauaccugcgguauagc	ugagacauaccugcgguauagccuuuuacccaauuucuaguugcuauaccggagguauggcucuau	scaffold6:71467778..71467844:+	EC2	scaffold6	71467778..71467844	71467778	71467844	0
1494	scaffold6_582270	196.0	58 +/- 3%	-	411	379	0	32	no	-	-	-	-	uacauguaguuggaaaugcu	guuauccaaccauuuguuga	guuauccaaccauuuguugaagguuaauuaucuaguacauguaguuggaaaugcu	scaffold6:72837147..72837202:-	AMP3	scaffold6	72837147..72837202	72837147	72837202	0
1495	scaffold6_582274	196.0	58 +/- 3%	-	411	379	0	32	no	-	-	-	-	uacauguaguuggaaaugcu	guuauccaaccauuuguuga	guuauccaaccauuuguugaagguuaauuaucuaguacauguaguuggaaaugcu	scaffold6:72851468..72851523:-	AMP3	scaffold6	72851468..72851523	72851468	72851523	0
1496	scaffold6_819661	16.7	67 +/- 3%	-	53	41	0	12	no	-	-	-	-	gcguuauuguacuuuagggg	caguuugagugacgucauaaa	gcguuauuguacuuuaggggaaccaguuugagugacgucauaaa	scaffold6:72910091..72910135:+	PDii1	scaffold6	72910091..72910135	72910091	72910135	0
1497	scaffold6_776311	288.5	48 +/- 4%	-	596	591	3	2	no	-	-	-	-	uagacuuggaauuuguag	cagaaauacauucaggcug	cagaaauacauucaggcugucaaggcuauguccuuggaaggaaacacuaaaugguuagcaguagacuuggaauuuguag	scaffold6:73469565..73469644:+	PH2	scaffold6	73469565..73469644	73469565	73469644	0
1498	scaffold6_622201	88.3	60 +/- 3%	-	223	222	0	1	no	-	-	-	-	uaauacuauuuuagauccaaa	uuggaugacugaaaccuagga	uuggaugacugaaaccuaggaaauauauuaauacuauuuuagauccaaa	scaffold6:73534319..73534368:-	AMP1	scaffold6	73534319..73534368	73534319	73534368	0
1499	scaffold6_622300	182.3	60 +/- 3%	-	363	362	0	1	yes	-	-	-	-	gauguuacauguagccauu	uuggcauuuauaaauauauu	gauguuacauguagccauuaccaaaauauauuggcauuuauaaauauauu	scaffold6:73796391..73796441:-	AMP1	scaffold6	73796391..73796441	73796391	73796441	0
1500	scaffold6_579055	182.0	60 +/- 3%	-	363	362	0	1	yes	-	-	-	-	gauguuacauguagccauu	uuggcauuuauaaauauauu	gauguuacauguagccauuaccaaaauauauuggcauuuauaaauauauu	scaffold6:73844561..73844611:+	AMP1	scaffold6	73844561..73844611	73844561	73844611	0
1501	scaffold6_772749	27.8	76 +/- 4%	-	58	49	6	3	yes	-	-	-	-	uagugauaaauuuuucaaugga	uauagaguuguucaucauucaucu	uauagaguuguucaucauucaucuuugaauuaguauauuuuaucugauuuaaaguggguuagugauaaauuuuucaaugga	scaffold6:73984826..73984907:+	EC3	scaffold6	73984826..73984907	73984826	73984907	0
1502	scaffold6_503477	204.5	67 +/- 3%	-	446	107	335	4	no	-	-	-	-	ggcaccccauuguaaaccggu	cuaguuaucaauugcuuacuau	ggcaccccauuguaaaccgguaacuaaucagaaaaaauaucguuuaauuuaacucucuggaaucuuugguuaagguaccuaguuaucaauugcuuacuau	scaffold6:74867757..74867857:-	IST3	scaffold6	74867757..74867857	74867757	74867857	0
1503	scaffold6_468682	204.5	67 +/- 3%	-	446	107	335	4	no	-	-	-	-	ggcaccccauuguaaaccggu	cuaguuaucaauugcuuacuau	ggcaccccauuguaaaccgguaacuaaucagaaaaaauaucguuuaauuuaacucucuggaaucuuugguuaagguaccuaguuaucaauugcuuacuau	scaffold6:74881040..74881140:+	IST3	scaffold6	74881040..74881140	74881040	74881140	0
1504	scaffold6_468684	204.5	67 +/- 3%	-	446	107	335	4	no	-	-	-	-	ggcaccccauuguaaaccggu	cuaguuaucaauugcuuacuau	ggcaccccauuguaaaccgguaacuaaucagaaaaaauaucguuuaauuuaacucucuggaaucuuugguuaagguaccuaguuaucaauugcuuacuau	scaffold6:74882735..74882835:+	IST3	scaffold6	74882735..74882835	74882735	74882835	0
1505	scaffold6_541947	17.1	58 +/- 3%	-	46	41	4	1	no	-	-	-	-	gaagaggaggagcuguguug	uacauaauuaaucccaguugagcug	uacauaauuaaucccaguugagcugagauggugauguggacucaaccaucguugcagaagaggaggagcuguguug	scaffold6:75029038..75029114:+	AMP3	scaffold6	75029038..75029114	75029038	75029114	0
1506	scaffold6_962867	78.1	70 +/- 3%	-	172	168	0	4	no	-	-	-	-	ugugugaauagugaacucagugu	cauugauuguucuuguuauu	ugugugaauagugaacucagugugaggggauucauaacuacuuaagagucuagugcauugauuguucuuguuauu	scaffold6:75428300..75428375:+	DI2	scaffold6	75428300..75428375	75428300	75428375	0
1507	scaffold6_583639	60.7	58 +/- 3%	-	117	71	0	46	yes	-	-	-	-	uguuuagacgugacauucgcu	augucacguguaaacggggua	uguuuagacgugacauucgcucauuaaaaacacaagacaugcaugucucaugucacguguaaacggggua	scaffold6:76927811..76927881:-	AMP3	scaffold6	76927811..76927881	76927811	76927881	0
1508	scaffold6_580112	18.7	60 +/- 3%	-	53	30	0	23	no	-	-	-	-	uacucuagguuggcauguaau	uuuauauguaagguuauuaua	uacucuagguuggcauguaauuauuuauauguaagguuauuaua	scaffold6:77195921..77195965:+	AMP1	scaffold6	77195921..77195965	77195921	77195965	0
1509	scaffold6_834445	30.1	76 +/- 4%	-	82	81	0	1	no	-	-	-	-	uaguguauaucuuugaagaa	uuucauuaauguaugcaagga	uaguguauaucuuugaagaaauuuauaugguuuucauuaauguaugcaagga	scaffold6:79068038..79068090:-	EC3	scaffold6	79068038..79068090	79068038	79068090	0
1510	scaffold6_688173	47.9	76 +/- 4%	-	95	93	0	2	yes	-	-	-	-	uauauaaauauauauauaua	uauauauauauauauauauuaggg	uauauaaauauauauauauauauauauauauauauauauauauauauauauuaggg	scaffold6:79122307..79122363:+	GA1	scaffold6	79122307..79122363	79122307	79122363	0
1511	scaffold6_845358	2.4	73 +/- 3%	-	142	99	26	17	yes	-	-	-	-	uauauauauauguauauauau	uauauauauauauaugugugugug	uauauauauauauauguguguguguaaaugcauauauauauauauauauauauauauguauuuguauauguauauauauauguauauauau	scaffold6:79279013..79279104:+	GA2	scaffold6	79279013..79279104	79279013	79279104	0
1512	scaffold6_834610	16.7	76 +/- 4%	-	34	33	0	1	yes	-	-	-	-	cauauauauauauauauaua	uauauauauauauauauggg	cauauauauauauauauauauauauauauauauauauauggg	scaffold6:79415402..79415444:-	EC3	scaffold6	79415402..79415444	79415402	79415444	0
1513	scaffold6_584564	81.0	58 +/- 3%	-	192	189	0	3	no	-	-	-	-	acacauguuguuucuuaguug	gcugaaaauaaugaaaguguc	gcugaaaauaaugaaagugucauuuagucaaaaguauuuuaucaacagacacaaauaucucuauuuugacacauguuguuucuuaguug	scaffold6:79420966..79421055:-	AMP3	scaffold6	79420966..79421055	79420966	79421055	0
1514	scaffold6_580996	32.1	60 +/- 3%	-	60	55	0	5	yes	-	-	-	-	gauuuccuugugaucgucaca	ugugacgaucacaaagaaauc	ugugacgaucacaaagaaaucgugcgcauucgauuuccuugugaucgucaca	scaffold6:79730123..79730175:+	AMP1	scaffold6	79730123..79730175	79730123	79730175	0
1515	scaffold6_581877	26.5	60 +/- 3%	-	93	90	0	3	no	-	-	-	-	uuaauguauuacuuuguucua	gaaccauguuagcauucuua	uuaauguauuacuuuguucuauuccgaaauagaaccauguuagcauucuua	scaffold6:82303196..82303247:+	AMP1	scaffold6	82303196..82303247	82303196	82303247	0
1516	scaffold6_622060	45.4	67 +/- 3%	-	108	79	0	29	no	-	-	-	-	ccaggcagugguggagaauug	guugauaccagaggagca	guugauaccagaggagcaaaagggguguaggacaaagacgagaggaggcaauguucaguuguuaauagcccaggcagugguggagaauug	scaffold6:82665640..82665730:-	AMP2	scaffold6	82665640..82665730	82665640	82665730	0
1517	scaffold6_781274	12.5	48 +/- 4%	-	45	43	0	2	no	-	-	-	-	uccaaaucuagauaaguguacag	guagcaguauaucgaauauug	uccaaaucuagauaaguguacaggcauugucacaguuugauuaugagcaguagcaguauaucgaauauug	scaffold6:83328761..83328831:+	PH2	scaffold6	83328761..83328831	83328761	83328831	0
1518	scaffold6_626134	1.2	70 +/- 2%	-	144	140	0	4	yes	-	-	-	-	gggcgucuagcucaaaugg	gguacugggaucgaugcc	gggcgucuagcucaaaugguagcagcgcucgcuaagcaagcgagagguacugggaucgaugcc	scaffold6:84369322..84369385:-	AMP1	scaffold6	84369322..84369385	84369322	84369385	0
1519	scaffold6_833305	12.4	75 +/- 3%	-	24	23	0	1	yes	-	-	-	-	ucccacuaucgacuuuuauca	uaaaagccgauagucugaacg	ucccacuaucgacuuuuaucauuuguaagaaaucagugauaaaagccgauagucugaacg	scaffold6:84826698..84826758:+	DI1	scaffold6	84826698..84826758	84826698	84826758	0
1520	scaffold6_580604	1066.8	67 +/- 3%	-	2165	679	0	1486	no	-	-	-	-	ucuacugacacuuaugagucu	uuccuaaugucugcuggaaug	uuccuaaugucugcuggaaugcgcucaacucuacugacacuuaugagucu	scaffold6:85171541..85171591:+	AMP2	scaffold6	85171541..85171591	85171541	85171591	0
1521	scaffold6_782605	196.9	48 +/- 4%	-	400	396	3	1	no	-	-	-	-	ugaacuguuuuucaagcaug	gucuuuguuucagcaaugu	gucuuuguuucagcaaugugaaauuuuauuugagauuacauugaacuguuuuucaagcaug	scaffold6:86120341..86120402:+	PH2	scaffold6	86120341..86120402	86120341	86120402	0
1522	scaffold6_583582	89.4	60 +/- 3%	-	223	222	0	1	no	-	-	-	-	uaauacuauuuuagauccaaa	uuggaugacugaaaccuagga	uuggaugacugaaaccuaggaaauauauuaauacuauuuuagauccaaa	scaffold6:86126834..86126883:+	AMP1	scaffold6	86126834..86126883	86126834	86126883	0
1523	scaffold6_782616	43.7	48 +/- 4%	-	92	91	0	1	yes	-	-	-	-	ucucagauugucaauugacucuag	uacuucaauagacaacuuauu	ucucagauugucaauugacucuagguaggaaguuguuacuucauuuacuucaauagacaacuuauu	scaffold6:86155208..86155274:+	PH2	scaffold6	86155208..86155274	86155208	86155274	0
1524	scaffold6_913404	20.2	74 +/- 4%	-	51	36	1	14	no	-	-	-	-	gauuucuucgugaucgucaca	ugacagaucacuuuugaaccaau	gauuucuucgugaucgucacauugcuaauuaucucagguggucagacgugcgauccaaucaaaaugugacagaucacuuuugaaccaau	scaffold6:87291535..87291624:-	GA2	scaffold6	87291535..87291624	87291535	87291624	0
1525	scaffold6_700076	15.1	76 +/- 3%	-	41	35	2	4	no	-	-	-	-	uccugaagaaguacucaauugg	caggaagacuucagaggaacu	caggaagacuucagaggaacuucucaaggaaugggcugagggucaucucgugauagaaagaacugugagaaacauccugaagaaguacucaauugg	scaffold6:87413805..87413901:+	PDi3	scaffold6	87413805..87413901	87413805	87413901	0
1526	scaffold6_521902	62.5	90 +/- 2%	-	123	61	0	62	yes	-	-	-	-	uuuuucauugacguaugcucgg	uaguguguauccuugaagaacc	uaguguguauccuugaagaaccuuauaugguuuuucauugaguuuuuucauugacguaugcucgg	scaffold6:88013493..88013558:-	HL1	scaffold6	88013493..88013558	88013493	88013558	0
1527	scaffold6_406743	268.1	72 +/- 3%	-	526	459	0	67	yes	-	-	-	-	cauucuuuugucuauuaguca	acuaauagucaaaagagguuu	cauucuuuugucuauuagucaaauauuuugacuaauagucaaaagagguuu	scaffold6:89005627..89005678:-	IST2	scaffold6	89005627..89005678	89005627	89005678	0
1528	scaffold6_778810	11.7	72 +/- 3%	-	38	13	0	25	no	-	-	-	-	gauugugaggaaguuaaggcg	caaacuaguauucuugagcg	gauugugaggaaguuaaggcggcgguugaucacaaguggaaagccaaacuaguauucuugagcg	scaffold6:89566959..89567023:-	SMA1	scaffold6	89566959..89567023	89566959	89567023	0
1529	scaffold6_801340	80.6	76 +/- 2%	-	189	184	0	5	no	-	-	-	-	uagauguaguuuuuaauuugg	cgaaugaacuaggugcggagu	uagauguaguuuuuaauuuggaaucgaaugaacuaggugcggagu	scaffold6:89587593..89587638:+	PL1	scaffold6	89587593..89587638	89587593	89587638	0
1530	scaffold6_754113	20.8	76 +/- 3%	-	75	74	0	1	no	-	-	-	-	guguuuguguguugugugu	uacaaaauuuucaaaugaa	guguuuguguguugugugugugcauuuuauacaaaauuuucaaaugaa	scaffold6:90505992..90506040:-	PDi3	scaffold6	90505992..90506040	90505992	90506040	0
1531	scaffold6_588743	38.0	58 +/- 3%	-	88	86	0	2	no	-	-	-	-	uuuguuugucuguuagcaacu	guaauagauggauugacc	uuuguuugucuguuagcaacuuuccggaaaaaguaauagauggauugacc	scaffold6:90660972..90661022:-	AMP3	scaffold6	90660972..90661022	90660972	90661022	0
1532	scaffold6_547506	38.0	58 +/- 3%	-	88	86	0	2	no	-	-	-	-	uuuguuugucuguuagcaacu	guaauagauggauugacc	uuuguuugucuguuagcaacuuuccggaaaaaguaauagauggauugacc	scaffold6:90667548..90667598:+	AMP3	scaffold6	90667548..90667598	90667548	90667598	0
1533	scaffold6_794214	21.5	74 +/- 4%	-	50	47	2	1	no	-	-	-	-	ucaggucaguguguuugguaucuuc	ugagcuaaagucauuggcu	ucaggucaguguguuugguaucuucuguuucgucaucuuccgcaaaagcaugaagcuccugagcuaaagucauuggcu	scaffold6:90872411..90872489:+	DI3	scaffold6	90872411..90872489	90872411	90872489	0
1534	scaffold6_596618	25.9	87 +/- 2%	-	67	38	28	1	no	-	-	-	-	gucgaugagauaguguacucc	guguacucuaguugaugaga	gucgaugagauaguguacuccagucaaguuuuucaaguuucagucgacuagaaaaauucacuuucaaaaauauuucuagucaaugagaagguguacucuaguugaugaga	scaffold6:91364180..91364290:+	HL2	scaffold6	91364180..91364290	91364180	91364290	0
1535	scaffold6_547838	1.1	70 +/- 2%	-	5026	3375	1618	33	yes	-	-	-	-	ugagaagguguauucuagucg	cgacuagaaaaauucacuuuc	ugagaagguguauucuagucgaugaaauaguguacuccagucgaguuuuucaaguuucagucgacuagaaaaauucacuuuc	scaffold6:91364541..91364623:+	AMP3	scaffold6	91364541..91364623	91364541	91364623	0
1536	scaffold6_487161	99.5	90 +/- 2%	-	205	157	37	11	no	-	-	-	-	ucgagccuggguacugucac	gacaguaugguguagugg	gacaguaugguguagugguuaucacgucugccucacacgcagaagguccccaguucgagccuggguacugucac	scaffold6:92549588..92549662:+	HL1	scaffold6	92549588..92549662	92549588	92549662	0
1537	scaffold6_785911	57.3	48 +/- 4%	-	122	86	1	35	no	-	-	-	-	ugacaguaugguguagug	ucgagccuggguacugucaua	ugacaguaugguguagugguuaucacgucugccucacacgcagaagguucccaguucgagccuggguacugucaua	scaffold6:92562297..92562373:+	PH2	scaffold6	92562297..92562373	92562297	92562373	0
1538	scaffold6_785913	44.0	48 +/- 4%	-	98	86	1	11	no	-	-	-	-	ugacaguaugguguagug	guucgagccuggguacugu	ugacaguaugguguaguggucaucacgucugccucacacgcagaagguaaccaguucgagccuggguacugu	scaffold6:92566044..92566116:+	PH2	scaffold6	92566044..92566116	92566044	92566116	0
1539	scaffold6_379605	10.7	72 +/- 3%	-	32	18	11	3	no	-	-	-	-	augacaguaugguguagu	ucgagccuugguacuguca	augacaguaugguguagugguuaucacgucugcuucacacgcagaagguccccaguucgagccuugguacuguca	scaffold6:92606548..92606623:+	IST2	scaffold6	92606548..92606623	92606548	92606623	0
1540	scaffold6_474106	96.3	67 +/- 3%	-	190	179	0	11	yes	-	-	-	-	gcgagccuggguacugucau	gacaguaugguguagugg	gcgagccuggguacugucauauuuuuaugaauuaaaauaucgaacaugacaguaugguguagugg	scaffold6:92608239..92608304:+	IST3	scaffold6	92608239..92608304	92608239	92608304	0
1541	scaffold6_548381	16.3	58 +/- 3%	-	43	15	14	14	no	-	-	-	-	agccuggguacugucaau	gacaguaugguguagugg	gacaguaugguguagugguuaucacgucugcuucacacgcagaagguccccaguucaagccuggguacugucaau	scaffold6:92634872..92634947:+	AMP3	scaffold6	92634872..92634947	92634872	92634947	0
1542	scaffold6_622253	255.4	82 +/- 3%	-	510	486	23	1	no	-	-	-	-	aguucgagccuggguacugucac	ugacaguaugguguagugguu	ugacaguaugguguagugguuaucacgucugccucacacgcagaagguacccaguucgagccuggguacugucac	scaffold6:92649617..92649692:+	GA3	scaffold6	92649617..92649692	92649617	92649692	0
1543	scaffold6_881135	14.7	70 +/- 4%	-	41	24	11	6	no	-	-	-	-	ucgagccuggguacugucaa	augacaguaugguguagu	augacaguaugguguagugguuaucacgucugccucacacgcagaagguccccgguucgagccuggguacugucaa	scaffold6:92659032..92659108:+	EC2	scaffold6	92659032..92659108	92659032	92659108	0
1544	scaffold6_468589	11.1	79 +/- 3%	-	40	31	0	9	no	-	-	-	-	cuuacacgcagaaggucccc	gacaguaugguguagugg	gacaguaugguguagugguuaucacgucugccuuacacgcagaaggucccc	scaffold6:92662028..92662079:+	SMA2	scaffold6	92662028..92662079	92662028	92662079	0
1545	scaffold6_759471	19.3	75 +/- 3%	-	47	46	0	1	no	-	-	-	-	cgagccuggguacugucaauuuu	augacaguaugguauagugguu	augacaguaugguauagugguuaucacaucugccucucaccgcagaagguccccagugcgagccuggguacugucaauuuu	scaffold6:92699200..92699281:+	PDi2	scaffold6	92699200..92699281	92699200	92699281	0
1546	scaffold6_548468	17.5	58 +/- 3%	-	47	17	29	1	no	-	-	-	-	ucgagccuggguacuguggu	gacgguaugguguagugg	gacgguaugguguagugguuaucacgucugccucacaugcagaagguccccaguucgagccuggguacuguggu	scaffold6:92718627..92718701:+	AMP3	scaffold6	92718627..92718701	92718627	92718701	0
1547	scaffold6_853351	106.5	74 +/- 4%	-	237	130	106	1	no	-	-	-	-	ugcaaaccauguaugguu	uuauuuagguuugauuccu	uuauuuagguuugauuccucaacguuuuaauucuucuugcaaucauguuuuucaauauuuuauauuuuugucuuuacuaugauuguuggaucugcaaaccauguaugguu	scaffold6:92870943..92871053:+	GA2	scaffold6	92870943..92871053	92870943	92871053	0
1548	scaffold6_786217	43.8	48 +/- 4%	-	185	124	0	61	no	-	-	-	-	ucgucuuuacuaugauuguug	ugcaaaccauguauagucgacauuu	ucgucuuuacuaugauuguuggaucugcaaaccauguauagucgacauuu	scaffold6:92877710..92877760:+	PH2	scaffold6	92877710..92877760	92877710	92877760	0
1549	scaffold6_795629	533.5	74 +/- 4%	-	1092	1088	0	4	no	-	-	-	-	ugcaaaccauguauggucgaca	ucgucuuuacuauguuuguuggauc	ucgucuuuacuauguuuguuggaucugcaaaccauguauggucgaca	scaffold6:92898335..92898382:+	DI3	scaffold6	92898335..92898382	92898335	92898382	0
1550	scaffold6_651455	51.2	77 +/- 3%	-	126	97	26	3	no	-	-	-	-	ugcaaaccauguauggucg	ugauuauuuagguuugau	ugauuauuuagguuugauuccugaacguuuaauucuucuugcaaucauguuuuucaauauuuuaaauuuuucgccuuuucuaugauuguuggaucugcaaaccauguauggucg	scaffold6:92906281..92906395:+	PDi1	scaffold6	92906281..92906395	92906281	92906395	0
1551	scaffold6_881635	51.1	70 +/- 4%	-	103	101	0	2	yes	-	-	-	-	uaguguauaucuuugaagaa	guuuauugaaauauuuuuag	guuuauugaaauauuuuuaggauuuauguggaaaguuuucugcauuauccuaguguauaucuuugaagaa	scaffold6:92987741..92987811:+	EC2	scaffold6	92987741..92987811	92987741	92987811	0
1552	scaffold6_881636	551.9	70 +/- 4%	-	1083	982	0	101	yes	-	-	-	-	uuucauugauguaugcuuugg	uaguguauaucuuugaagaa	uaguguauaucuuugaagaacccuuuauaugguuuuucauugauguaugcuuugg	scaffold6:92987791..92987846:+	EC2	scaffold6	92987791..92987846	92987791	92987846	0
1553	scaffold6_916492	1186.3	74 +/- 4%	-	2394	2273	0	121	no	-	-	-	-	ugcaaaccauguauggucgaca	ucgccuuuacuaugauuguuggauc	ucgccuuuacuaugauuguuggaucugcaaaccauguauggucgaca	scaffold6:93016118..93016165:-	GA2	scaffold6	93016118..93016165	93016118	93016165	0
1554	scaffold6_855059	68.2	74 +/- 4%	-	153	152	0	1	yes	-	-	-	-	ucgucuuuacuaugauuguuggauc	ucuugcaaucaaguuuuucaauga	ucuugcaaucaaguuuuucaaugauuuauauuuuucgucuuuacuaugauuguuggauc	scaffold6:93019704..93019763:-	DI3	scaffold6	93019704..93019763	93019704	93019763	0
1555	scaffold6_947182	83.8	70 +/- 4%	-	288	281	0	7	no	-	-	-	-	ucgucuuuacuaugauuguuggauc	uuccucaacguuuaauucuugc	uuccucaacguuuaauucuugcugcaauuauguuuuucauuauuuuacauuuuucgucuuuacuaugauuguuggauc	scaffold6:93030573..93030651:-	EC2	scaffold6	93030573..93030651	93030573	93030651	0
1556	scaffold6_881883	20.2	70 +/- 4%	-	36	35	0	1	yes	-	-	-	-	cgucacaucgcuaauuaucucggg	uagauaauuagcgaugugacg	uagauaauuagcgaugugacgaccacaaggaaaucgaacgcgcacgauuucugcgugaucgucacaucgcuaauuaucucggg	scaffold6:93372840..93372923:+	EC2	scaffold6	93372840..93372923	93372840	93372923	0
1557	scaffold6_584127	18.1	67 +/- 3%	-	83	46	0	37	no	-	-	-	-	uaguauguaucuuugaggaaa	uuucauugauguaugcuu	uaguauguaucuuugaggaaauuuauauaauuuucauugauguaugcuu	scaffold6:94198492..94198541:+	AMP2	scaffold6	94198492..94198541	94198492	94198541	0
1558	scaffold6_568389	15.0	73 +/- 3%	-	65	18	43	4	no	-	-	-	-	uuuagguuagauaaaacauga	cauauauauuuacguuagaua	uuuagguuagauaaaacaugaauuuuuguaaaaucagauauggguauuucuaaaaacguauauuuauuauauauauucauauauauuuacguuagaua	scaffold6:96156579..96156677:-	SMA3	scaffold6	96156579..96156677	96156579	96156677	0
1559	scaffold6_527844	70.1	73 +/- 3%	-	198	84	112	2	no	-	-	-	-	acucuagaggaugaauguaau	uuauauuuaucacauaguucu	uuauauuuaucacauaguucuugaacacauuuauuauaaaauuccuuuccuuuaucaacccauagaaauuuuggaacucuagaggaugaauguaau	scaffold6:96470633..96470729:+	SMA3	scaffold6	96470633..96470729	96470633	96470729	0
1560	scaffold6_469909	20.2	79 +/- 3%	-	51	50	0	1	no	-	-	-	-	cucucaucugcguauuuggau	ucaaaagcgucaucugagc	ucaaaagcgucaucugagcaucugcuuugcaagugugggcuagauccgcucucaucugcguauuuggau	scaffold6:96518072..96518141:+	SMA2	scaffold6	96518072..96518141	96518072	96518141	0
1561	scaffold6_726799	13.4	72 +/- 3%	-	45	41	0	4	no	-	-	-	-	ucagcgauaaccuaaugagac	ucacuaggauaugagacaccu	ucagcgauaaccuaaugagacauuuguagaacaucagcauccuaaacgcgucucacuaggauaugagacaccu	scaffold6:97424522..97424595:+	SMA1	scaffold6	97424522..97424595	97424522	97424595	0
1562	scaffold6_726872	46.6	72 +/- 3%	-	126	108	14	4	no	-	-	-	-	ucauuguucucugauaagug	cuuuuccuacaaaugauuuag	ucauuguucucugauaagugauaccauauauaaugggaauucuagugauauaguauuuacuuuuccuacaaaugauuuag	scaffold6:97551616..97551696:+	SMA1	scaffold6	97551616..97551696	97551616	97551696	0
1563	scaffold6_627867	2.3	73 +/- 2%	-	837	835	0	2	yes	-	-	-	-	ugaugugagacugucuguucu	auggugacgucuaugccca	ugaugugagacugucuguucuguggagcagauggugacgucuaugccca	scaffold6:98520082..98520131:-	AMP2	scaffold6	98520082..98520131	98520082	98520131	0
1564	scaffold6_834486	33.1	67 +/- 3%	-	75	19	0	56	no	-	-	-	-	cagacuugucaacgagccgag	ccgagcuugagcagaguauugga	cagacuugucaacgagccgagcuucuuaacgagcugagccgagcuugagcagaguauugga	scaffold6:98619856..98619917:+	PDii1	scaffold6	98619856..98619917	98619856	98619917	0
1565	scaffold6_846279	11.9	48 +/- 4%	-	97	94	0	3	no	-	-	-	-	uagauuuuggaugcaaaug	ucaacugaaagauagcaaaug	uagauuuuggaugcaaauggaauuuuauucacuuugagaucaagaaaauauaugaaugaauaaaacgaucaacugaaagauagcaaaug	scaffold6:100341755..100341844:-	PH2	scaffold6	100341755..100341844	100341755	100341844	0
1566	scaffold6_628855	1.3	76 +/- 2%	-	188	187	0	1	yes	-	-	-	-	uacaucaaaagguucucgucu	caucuuuuugacguauacc	caucuuuuugacguauaccaaaugauauacaucaaaagguucucgucu	scaffold6:100825406..100825454:-	AMP2	scaffold6	100825406..100825454	100825406	100825454	0
1567	scaffold6_887139	16.6	70 +/- 4%	-	47	44	0	3	yes	-	-	-	-	cauauauauauauauauaua	auauauauauauauacgaccu	cauauauauauauauauauauauauauauauauauauauauacgaccu	scaffold6:101115707..101115755:+	EC2	scaffold6	101115707..101115755	101115707	101115755	0
1568	scaffold6_511728	22.2	67 +/- 3%	-	74	73	0	1	no	-	-	-	-	guuauaguuauaaaagucaag	gauuuggauaucaaaguaacc	gauuuggauaucaaaguaaccaagccaccuuuagagugacccgaccuagguuaagguauugcguuauaguuauaaaagucaag	scaffold6:101490983..101491066:-	IST3	scaffold6	101490983..101491066	101490983	101491066	0
1569	scaffold6_859956	39.4	74 +/- 4%	-	116	115	0	1	no	-	-	-	-	uagugugugucuuugacgaa	ccucgauuuuuauauauucauc	ccucgauuuuuauauauucaucauagugugugucuuugacgaa	scaffold6:101696342..101696385:+	GA2	scaffold6	101696342..101696385	101696342	101696385	0
1570	scaffold6_848362	14.6	48 +/- 4%	-	52	49	0	3	no	-	-	-	-	uguguaaaccaguagugug	uguacugagaugcuauccaauaga	uguacugagaugcuauccaauagauuaauaagucuuuuguguaaaccaguagugug	scaffold6:102507596..102507652:-	PH2	scaffold6	102507596..102507652	102507596	102507652	0
1571	scaffold6_761060	1.1	79 +/- 2%	-	105	104	0	1	yes	-	-	-	-	cguucaaccagggcugcguguug	ccacagcuuuggucuagc	ccacagcuuuggucuagcauugaugagcuccauuugcagacucaucaacacguucaaccagggcugcguguug	scaffold6:102530988..102531061:+	PL2	scaffold6	102530988..102531061	102530988	102531061	0
1572	scaffold6_587821	414.6	67 +/- 3%	-	811	618	0	193	yes	-	-	-	-	acacuaucgacuuuuaucaccg	augauaaaagucgauaguggg	acacuaucgacuuuuaucaccgauuucuugacagaugauaaaagucgauaguggg	scaffold6:103101671..103101726:+	AMP2	scaffold6	103101671..103101726	103101671	103101726	0
1573	scaffold6_587867	19.4	67 +/- 3%	-	43	42	0	1	yes	-	-	-	-	guuagacuagugauugguuc	agaaucgcacgucuaaccacc	guuagacuagugauugguucaaaaguuaucuaucacauuugaaagaaucgcacgucuaaccacc	scaffold6:103198533..103198597:+	AMP2	scaffold6	103198533..103198597	103198533	103198597	0
1574	scaffold6_802455	60.9	74 +/- 4%	-	155	153	0	2	no	-	-	-	-	guucagacuaucgacuuuuauca	gacaaaaaaucggauggagc	guucagacuaucgacuuuuaucagcugguaaauuaucagaugacaguaauuuagcugcuuugacaaaaaaucggauggagc	scaffold6:103350995..103351076:+	DI3	scaffold6	103350995..103351076	103350995	103351076	0
1575	scaffold6_982608	1.6	74 +/- 2%	-	171	99	0	72	yes	-	-	-	-	guucagacuaucgacuuuuauca	ugauaaaagucgauagugg	guucagacuaucgacuuuuaucaccgauuucuugacugaugauaaaagucgauagugg	scaffold6:103351076..103351134:+	DI2	scaffold6	103351076..103351134	103351076	103351134	0
1576	scaffold6_382690	30.1	72 +/- 3%	-	116	115	0	1	no	-	-	-	-	ugauagcagggugugagaauu	ucaggcaugacaauguggga	ugauagcagggugugagaauuuggugcagaaugagauaaguucaggcaugacaauguggga	scaffold6:103508060..103508121:+	IST2	scaffold6	103508060..103508121	103508060	103508121	0
1577	scaffold6_460513	147.4	68 +/- 3%	-	302	284	0	18	no	-	-	-	-	cuacacaaagcuuuaggggau	ucucuuaaagguuccuguugg	ucucuuaaagguuccuguuggugaauuuguuacucauucaacacuacacaaagcuuuaggggau	scaffold6:103510726..103510790:+	IST1	scaffold6	103510726..103510790	103510726	103510790	0
1578	scaffold6_701120	15.2	76 +/- 4%	-	42	33	0	9	no	-	-	-	-	uaguugaaguugaugugugaaug	uuuuacaaagucuguagcagc	uaguugaaguugaugugugaaugaugcugcuuuuuacaaagucuguagcagc	scaffold6:103552762..103552814:+	GA1	scaffold6	103552762..103552814	103552762	103552814	0
1579	scaffold6_646984	13.6	87 +/- 2%	-	27	26	0	1	yes	-	-	-	-	uugaaucgcacgucuaaccacc	gguuagacuaugugauuggu	gguuagacuaugugauugguucaaaagugaccugucauauuuugauugaaucgcacgucuaaccacc	scaffold6:103783020..103783087:-	HL2	scaffold6	103783020..103783087	103783020	103783087	0
1580	scaffold6_799700	14.6	69 +/- 3%	-	48	47	0	1	no	-	-	-	-	gucauaggaguucaauacauuua	aaugauuuggagaguuugag	aaugauuuggagaguuugaggcuacauuugcuuauguagucauaggaguucaauacauuua	scaffold6:104279461..104279522:+	PDii3	scaffold6	104279461..104279522	104279461	104279522	0
1581	scaffold6_799706	14.2	69 +/- 3%	-	48	47	0	1	no	-	-	-	-	gucauaggaguucaauacauuua	aaugauuuggagaguuugag	aaugauuuggagaguuugaggcuacauuuguuauguagucauaggaguucaauacauuua	scaffold6:104280364..104280424:+	PDii3	scaffold6	104280364..104280424	104280364	104280424	0
1582	scaffold6_799708	14.2	69 +/- 3%	-	48	47	0	1	no	-	-	-	-	gucauaggaguucaauacauuua	aaugauuuggagaguuugag	aaugauuuggagaguuugaggcuacauuuguuauguagucauaggaguucaauacauuua	scaffold6:104280656..104280716:+	PDii3	scaffold6	104280656..104280716	104280656	104280716	0
1583	scaffold6_492641	72.1	90 +/- 2%	-	140	82	0	58	yes	-	-	-	-	acacuaucgacuuuuaucacc	augauaaaagucgauaguggg	acacuaucgacuuuuaucaccgauuucuugacagaugauaaaagucgauaguggg	scaffold6:104581622..104581677:+	HL1	scaffold6	104581622..104581677	104581622	104581677	0
1584	scaffold6_791498	15.1	76 +/- 4%	-	34	33	0	1	yes	-	-	-	-	cauauauauauauauauaua	uauauauauauauauauaccgu	cauauauauauauauauauauauauauauauauauauauauauauauaccgu	scaffold6:105869255..105869307:+	EC3	scaffold6	105869255..105869307	105869255	105869307	0
1585	scaffold6_635259	224.7	60 +/- 3%	-	467	465	0	2	no	-	-	-	-	gugugugugugugugugu	uaucuaggaucauacgaaau	guguguguguguguguguucauuaucuaggaucauacgaaau	scaffold6:106288040..106288082:-	AMP1	scaffold6	106288040..106288082	106288040	106288082	0
1586	scaffold6_795238	28.1	48 +/- 4%	-	66	65	0	1	no	-	-	-	-	ucguccugaauugauugcuguug	aacaauaucaauuggaugg	ucguccugaauugauugcuguugggcccacaagcaaggacgaugaagugguuuacaacaauaucaauuggaugg	scaffold6:106566376..106566450:+	PH2	scaffold6	106566376..106566450	106566376	106566450	0
1587	scaffold7_851211	149.3	48 +/- 4%	-	317	315	1	1	no	-	-	-	-	uagauguaguuuuuaauuug	gauaaaaacucguugagaua	uagauguaguuuuuaauuuggaaucgaaugaacuaggugcggaguccauaggauaaaaacucguugagaua	scaffold7:1489..1560:+	PH2	scaffold7	1489..1560	1489	1560	0
1588	scaffold7_850720	47.9	76 +/- 4%	-	143	85	56	2	no	-	-	-	-	ccaugucuuagaccacuuauaag	uccuacagugcugcugcc	ccaugucuuagaccacuuauaagucuuuuucuagauguaguuuuuaauuugcaagcuaauaaaacuccuacagugcugcugcc	scaffold7:1639..1722:+	EC3	scaffold7	1639..1722	1639	1722	0
1589	scaffold7_635718	194.6	58 +/- 3%	-	450	182	266	2	no	-	-	-	-	auguaaguaguuaacagaauu	ugcuggauaaucuaucucucc	ugcuggauaaucuaucucuccuaaauacuguauucaacguuuuugcugcuaagauuuugaaaguuuaaauguaaguaguuaacagaauu	scaffold7:553807..553896:-	AMP3	scaffold7	553807..553896	553807	553896	0
1590	scaffold7_596066	181.8	58 +/- 3%	-	367	366	0	1	no	-	-	-	-	cuccauccguagugacaccu	gugcgcacaucgaagugg	cuccauccguagugacaccugcugugacaguucaucccgcaaguguucgauuucagcugugcgcacaucgaagugg	scaffold7:772606..772682:+	AMP3	scaffold7	772606..772682	772606	772682	0
1591	scaffold7_528891	23.7	68 +/- 3%	-	65	59	1	5	no	-	-	-	-	ucagcuaagcaagucaugagc	ucauguucuugaagguuaaca	ucagcuaagcaagucaugagcccacauugcaaaaacaugacacccaugcauuuggaaaucaucauguucuugaagguuaaca	scaffold7:839747..839829:-	IST1	scaffold7	839747..839829	839747	839829	0
1592	scaffold7_496111	101.7	68 +/- 3%	-	228	224	0	4	no	-	-	-	-	acucgaucgcgaccucgcuuu	uaguuggguugucuaguu	uaguuggguugucuaguuagaaaauauuuacucgaucgcgaccucgcuuu	scaffold7:891241..891291:+	IST1	scaffold7	891241..891291	891241	891291	0
1593	scaffold7_866159	35.0	74 +/- 4%	-	98	94	0	4	no	-	-	-	-	aggaacagggauuacagauaug	gaaugagugaucugacagc	gaaugagugaucugacagcuuaacaggaacagggauuacagauaug	scaffold7:1183522..1183568:+	DI3	scaffold7	1183522..1183568	1183522	1183568	0
1594	scaffold7_511084	311.6	79 +/- 3%	-	650	639	0	11	no	-	-	-	-	aggaccaaguagacaagugcu	gugcuaaaaucaagaugguug	gugcuaaaaucaagaugguugaaagaggaccaaguagacaagugcu	scaffold7:1494270..1494316:+	SMA2	scaffold7	1494270..1494316	1494270	1494316	0
1595	scaffold7_596549	24.6	58 +/- 3%	-	69	67	0	2	no	-	-	-	-	gugaaccaccaauguauguu	uguuggaaugggggucacucu	gugaaccaccaauguauguuuuuucuguuggaaugggggucacucu	scaffold7:1826158..1826204:+	AMP3	scaffold7	1826158..1826204	1826158	1826204	0
1596	scaffold7_877804	43.4	76 +/- 4%	-	128	112	2	14	no	-	-	-	-	aaugacuuuauuuagccgcugaa	acggcagcgaggacagucac	aaugacuuuauuuagccgcugaaggcauacacuacaaaaaauaacaacaagucagguuuuacggcagcgaggacagucac	scaffold7:2339431..2339511:-	EC1	scaffold7	2339431..2339511	2339431	2339511	0
1597	scaffold7_956644	11.1	75 +/- 2%	-	19	18	0	1	yes	-	-	-	-	ugaaaaacggaauugaauugg	auucaguuccguuuuucauuu	ugaaaaacggaauugaauuggucccauugugccuaugcauauacuagguggccaauucaguuccguuuuucauuu	scaffold7:2472619..2472694:-	PL3	scaffold7	2472619..2472694	2472619	2472694	0
1598	scaffold7_929538	241.2	74 +/- 4%	-	475	340	0	135	yes	-	-	-	-	uagugucuaucuuugaagaa	cuucauugaugaauacuuagg	uagugucuaucuuugaagaacuuuguaaugguucuucauugaugaauacuuagg	scaffold7:2709352..2709406:+	GA2	scaffold7	2709352..2709406	2709352	2709406	0
1599	scaffold7_413172	113.4	72 +/- 3%	-	233	232	0	1	yes	-	-	-	-	ucauucgugagcguagaguau	uacauauacgcuuguuuau	uacauauacgcuuguuuaugagugaucaauaaauuauucaauacucauucgugagcguagaguau	scaffold7:3305442..3305507:+	IST2	scaffold7	3305442..3305507	3305442	3305507	0
1600	scaffold7_922588	52.8	69 +/- 3%	-	106	105	0	1	yes	-	-	-	-	caaggaagcagcauugaag	uucuccuuuguuuccuugggaag	uucuccuuuguuuccuugggaagcugcaacuacaguuucacgucaccucaaggaagcagcauugaag	scaffold7:3438233..3438300:-	PDii3	scaffold7	3438233..3438300	3438233	3438300	0
1601	scaffold7_598243	121.6	58 +/- 3%	-	246	225	8	13	yes	-	-	-	-	ugacauaucaggacguagucu	cuauauuuuuccaugauau	cuauauuuuuccaugauauggaaguggucaugcaacaaaacaaguuguuuuucugacauaucaggacguagucu	scaffold7:4253379..4253453:+	AMP3	scaffold7	4253379..4253453	4253379	4253453	0
1602	scaffold7_970157	15.3	67 +/- 3%	-	46	45	0	1	no	-	-	-	-	uaucgagucgcucauaugggg	ugguagagguggcuaggg	ugguagagguggcuagggaagagguugaaggggcuaucgagucgcucauaugggg	scaffold7:4732066..4732121:-	PDii1	scaffold7	4732066..4732121	4732066	4732121	0
1603	scaffold7_635204	4928.6	67 +/- 3%	-	9687	6441	0	3246	no	-	-	-	-	ucugcuauuguuacauaacugc	uguuauuuaauaaucaguggaaau	uguuauuuaauaaucaguggaaauccauauucugcuauuguuacauaacugc	scaffold7:4845991..4846043:+	AMP2	scaffold7	4845991..4846043	4845991	4846043	0
1604	scaffold7_533942	12.3	90 +/- 2%	-	53	52	0	1	no	-	-	-	-	uuguaucugauuugauggugg	acauugaauuaucucuuaagaug	acauugaauuaucucuuaagaugaauuuuauuaaugcuacuucuaccaauuuaucacuuguaucugauuugauggugg	scaffold7:6116133..6116211:+	HL1	scaffold7	6116133..6116211	6116133	6116211	0
1605	scaffold7_1009751	30.5	72 +/- 3%	-	74	23	7	44	no	-	-	-	-	auggaauugaagagaaauuuaag	augauucucauucauguucgucuu	augauucucauucauguucgucuugcgaaugguccuuaucagacaaugaugcucuugcuuuugauggaauugaagagaaauuuaag	scaffold7:6151476..6151562:-	PDii2	scaffold7	6151476..6151562	6151476	6151562	0
1606	scaffold7_499033	13.5	68 +/- 3%	-	24	20	0	4	yes	-	-	-	-	caaaaauuguucguguagcaug	ugcuacacgaacgauuuucg	ugcuacacgaacgauuuucguuggccaacaaaaauuggcgacaaaaauuguucguguagcaug	scaffold7:6227160..6227223:+	IST1	scaffold7	6227160..6227223	6227160	6227223	0
1607	scaffold7_517545	150.0	67 +/- 3%	-	303	300	0	3	no	-	-	-	-	cgacggaguagcucgagacua	uucccagcuucuuuuucaac	uucccagcuucuuuuucaacgucaguucgacggaguagcucgagacua	scaffold7:6393679..6393727:+	IST3	scaffold7	6393679..6393727	6393679	6393727	0
1608	scaffold7_517553	150.0	67 +/- 3%	-	303	300	0	3	no	-	-	-	-	cgacggaguagcucgagacua	uucccagcuucuuuuucaac	uucccagcuucuuuuucaacgucaguucgacggaguagcucgagacua	scaffold7:6397793..6397841:+	IST3	scaffold7	6397793..6397841	6397793	6397841	0
1609	scaffold7_793290	310.9	72 +/- 3%	-	610	609	0	1	yes	-	-	-	-	cauuuacauugguauggacau	ugcccauaacuuuguaaauuuc	cauuuacauugguauggacauguucaagcaacaugcccauaacuuuguaaauuuc	scaffold7:6401292..6401347:+	SMA1	scaffold7	6401292..6401347	6401292	6401347	0
1610	scaffold7_915809	188.0	48 +/- 4%	-	417	356	2	59	no	-	-	-	-	uucugaaucaucauuucuuccugug	ucaaagaaauuuacaaaguuaug	uucugaaucaucauuucuuccuguggguuuuauaggcacuauauaaaugugaguugcccuuccaucaaagaaauuuacaaaguuaug	scaffold7:6401329..6401416:-	PH2	scaffold7	6401329..6401416	6401329	6401416	0
1611	scaffold7_531671	14.3	68 +/- 3%	-	54	31	12	11	no	-	-	-	-	uucgaauaaaguugacaucu	ugucacuuaaauuaaaagu	uucgaauaaaguugacaucuuuagacacaguugcagucaaaacaugucacuuaaauuaaaagu	scaffold7:6430379..6430442:-	IST1	scaffold7	6430379..6430442	6430379	6430442	0
1612	scaffold7_682235	164.9	60 +/- 3%	-	338	337	0	1	yes	-	-	-	-	cucucuuuguucaaguccauu	ugauuuuacaaagcgaac	ugauuuuacaaagcgaacuaaauuuguuguacaaaacacaguauuuauagacauggcucucuuuguucaaguccauu	scaffold7:6462753..6462830:-	AMP1	scaffold7	6462753..6462830	6462753	6462830	0
1613	scaffold7_666719	20.0	86 +/- 2%	-	49	44	1	4	yes	-	-	-	-	uucgaauaaaguugacaucu	ugucacuuaauuuaaaagu	uucgaauaaaguugacaucuuuagacacaguugcagucaaaacaugucacuuaauuuaaaagu	scaffold7:6471843..6471906:-	PH1	scaffold7	6471843..6471906	6471843	6471906	0
1614	scaffold7_679157	152.3	67 +/- 3%	-	331	330	0	1	no	-	-	-	-	aaggaauuugagcuauuaaca	caguggacccucucuaauac	aaggaauuugagcuauuaacauauuuaaagauaaaauauauccaguggacccucucuaauac	scaffold7:6545925..6545987:-	AMP2	scaffold7	6545925..6545987	6545925	6545987	0
1615	scaffold7_532285	14.3	68 +/- 3%	-	54	31	12	11	no	-	-	-	-	uucgaauaaaguugacaucu	ugucacuuaaauuaaaagu	uucgaauaaaguugacaucuuuagacacaguugcagucaaaacaugucacuuaaauuaaaagu	scaffold7:6571015..6571078:-	IST1	scaffold7	6571015..6571078	6571015	6571078	0
1616	scaffold7_917147	52.4	48 +/- 4%	-	132	129	0	3	no	-	-	-	-	uauaagcugcgaguuuacaaaaugg	uuauguacacuuuugcguuuauu	uauaagcugcgaguuuacaaaauggagauuauguacacuuuugcguuuauu	scaffold7:6580955..6581006:-	PH2	scaffold7	6580955..6581006	6580955	6581006	0
1617	scaffold7_682809	161.1	60 +/- 3%	-	338	337	0	1	no	-	-	-	-	cucucuuuguucaaguccauu	ugauuuuacaaagcgaac	ugauuuuacaaagcgaacuaaauuuguuguacaaaacacaguauuuauagacauggcucucuuuguucaaguccauu	scaffold7:6596616..6596693:-	AMP1	scaffold7	6596616..6596693	6596616	6596693	0
1618	scaffold7_871895	34.2	74 +/- 4%	-	80	79	0	1	no	-	-	-	-	ccucucuucauuaugcuauuccuug	gcccaggcagaugaaaaaagggcca	gcccaggcagaugaaaaaagggccaccucucuucauuaugcuauuccuug	scaffold7:6604610..6604660:+	DI3	scaffold7	6604610..6604660	6604610	6604660	0
1619	scaffold7_917582	83.7	76 +/- 4%	-	190	189	0	1	no	-	-	-	-	gguugacagaggaccaaguagaca	ugccuugguagugcugaaaucaug	ugccuugguagugcugaaaucaugaugguugacagaggaccaaguagaca	scaffold7:6620826..6620876:-	EC3	scaffold7	6620826..6620876	6620826	6620876	0
1620	scaffold7_826787	58.1	78 +/- 3%	-	163	74	0	89	no	-	-	-	-	cuucuucacaauuucaaauuauag	uguaauuagagaauuuagguug	uguaauuagagaauuuagguuggagagcauggaaacauacaagcuagacccuguacacuucuucacaauuucaaauuauag	scaffold7:6726239..6726320:+	PL2	scaffold7	6726239..6726320	6726239	6726320	0
1621	scaffold7_683239	15.1	60 +/- 3%	-	61	60	0	1	no	-	-	-	-	ggauaggacaaucucagguu	uccuauugcuaucuucucu	ggauaggacaaucucagguuauacagaaauaauuccuauugcuaucuucucu	scaffold7:6796399..6796451:-	AMP1	scaffold7	6796399..6796451	6796399	6796451	0
1622	scaffold7_1012571	117.7	72 +/- 3%	-	239	238	0	1	no	-	-	-	-	gugugugugugugugugu	uauauauauauauaugugugg	uauauauauauauaugugugggugugugugugugugugu	scaffold7:7114801..7114840:-	PDii2	scaffold7	7114801..7114840	7114801	7114840	0
1623	scaffold7_973937	15.2	67 +/- 3%	-	46	45	0	1	no	-	-	-	-	uaucgagucgcucauaugggg	ugguagagguggcuaggg	ugguagagguggcuagggaagagguugaaggggcuaucgagucgcucauaugggg	scaffold7:7686083..7686138:-	PDii1	scaffold7	7686083..7686138	7686083	7686138	0
1624	scaffold7_868465	520.0	69 +/- 3%	-	1024	1021	0	3	yes	-	-	-	-	uagcguguaucuuugaagaa	guuuauugaaauauuuuuagga	guuuauugaaauauuuuuaggauuuauguggaaauuguucugcguuauccuagcguguaucuuugaagaa	scaffold7:9143807..9143877:+	PDii3	scaffold7	9143807..9143877	9143807	9143877	0
1625	scaffold7_936830	241.2	74 +/- 4%	-	475	340	0	135	yes	-	-	-	-	uagugucuaucuuugaagaa	cuucauugaugaauacuuagg	uagugucuaucuuugaagaacuuuguaaugguucuucauugaugaauacuuagg	scaffold7:9377860..9377914:+	GA2	scaffold7	9377860..9377914	9377860	9377914	0
1626	scaffold7_641730	202.8	60 +/- 3%	-	419	418	0	1	no	-	-	-	-	ucaaagauuucuugaagcucg	gcaaggacagucauaggagauaaa	gcaaggacagucauaggagauaaaguaggaauugaagaaaggcucagcaaagacgaaagacuucaaagauuucuugaagcucg	scaffold7:9525411..9525494:+	AMP1	scaffold7	9525411..9525494	9525411	9525494	0
1627	scaffold7_881849	16.5	76 +/- 2%	-	29	26	2	1	yes	-	-	-	-	acacugcgaauuuuuguuuaa	ggacaaaaaucgucaguguag	acacugcgaauuuuuguuuaaacuuuugucaggauuuuuguuuaaacaaaaaucugaacaaaaguuuggacaaaaaucgucaguguag	scaffold7:9817272..9817360:+	PL1	scaffold7	9817272..9817360	9817272	9817360	0
1628	scaffold7_1070002	18.8	70 +/- 3%	-	49	16	22	11	no	-	-	-	-	gcaaaguacuccacauggcc	gugauuuggaaagcaauggaaga	gugauuuggaaagcaauggaagacgacuuguauggucgauucaaggacuuacaaguggaagugcaaaguacuccacauggcc	scaffold7:10408745..10408827:+	DI2	scaffold7	10408745..10408827	10408745	10408827	0
1629	scaffold7_601604	129.0	58 +/- 3%	-	273	272	0	1	no	-	-	-	-	uaguaguggucuggauccauc	uguugagcuaauugagug	uguugagcuaauugaguggugcuuaguaguggucuggauccauc	scaffold7:10416754..10416798:+	AMP3	scaffold7	10416754..10416798	10416754	10416798	0
1630	scaffold7_638702	584.7	67 +/- 3%	-	1163	1161	0	2	yes	-	-	-	-	gccuuuguuaaguggucagga	ugauaaauuuaacaguuggguaaa	gccuuuguuaaguggucaggauaucuugauaaauuuaacaguuggguaaa	scaffold7:10454743..10454793:+	AMP2	scaffold7	10454743..10454793	10454743	10454793	0
1631	scaffold7_1035785	11.2	70 +/- 4%	-	41	24	16	1	no	-	-	-	-	uugaugauuguagaugcauuu	uggauuuacuguuagagaug	uugaugauuguagaugcauuuugaaaguauggguggauuauuccacuaaaagauaaaacuggauuuacuguuagagaug	scaffold7:10642431..10642510:-	EC2	scaffold7	10642431..10642510	10642431	10642510	0
1632	scaffold7_796356	13.6	72 +/- 3%	-	114	112	0	2	no	-	-	-	-	caaauuuuacuagaugucgcu	uuuaauuuuaaguaaaaaaua	caaauuuuacuagaugucgcuuuuacucaaauggaaucaauuucaacuaaauaaaguuuaauuuuaaguaaaaaaua	scaffold7:11111783..11111860:+	SMA1	scaffold7	11111783..11111860	11111783	11111860	0
1633	scaffold7_641920	113.6	58 +/- 3%	-	244	243	0	1	no	-	-	-	-	uuacacauuacaaauugaguu	gccagguugugaaguaca	gccagguugugaaguacaaaauuacacauuacaaauugaguu	scaffold7:11676290..11676332:-	AMP3	scaffold7	11676290..11676332	11676290	11676332	0
1634	scaffold7_862478	108.9	48 +/- 4%	-	227	224	2	1	no	-	-	-	-	ugcaacgaguuuguguaagg	ucacaaaucaguuucguucug	ucacaaaucaguuucguucugguugcaggcauaaaugacuggaacauuucaugcaacgaguuuguguaagg	scaffold7:12885435..12885506:+	PH2	scaffold7	12885435..12885506	12885435	12885506	0
1635	scaffold7_903514	10.3	75 +/- 2%	-	26	25	0	1	yes	-	-	-	-	ugcuuucauaauugauugguug	uugaaaaagauuguuaagcagaau	ugcuuucauaauugauugguugccucaauugaaaaagauuguuaagcagaau	scaffold7:13021539..13021591:+	PL3	scaffold7	13021539..13021591	13021539	13021591	0
1636	scaffold7_949574	607.4	72 +/- 3%	-	1198	1196	1	1	yes	-	-	-	-	caucaaaagguucucgucug	acgagcaucuuuuugacguau	acgagcaucuuuuugacguauuucaaaugauauacaucaaaagguucucgucug	scaffold7:13492433..13492487:+	PDii2	scaffold7	13492433..13492487	13492433	13492487	0
1637	scaffold7_922430	23.5	76 +/- 4%	-	58	49	6	3	no	-	-	-	-	uagugauaaauuuuucaaugga	uauagaguuguucaucauucaucu	uauagaguuguucaucauucaucuuugaauuaguauauuuuaucugauuuaaaguggguuagugauaaauuuuucaaugga	scaffold7:15667785..15667866:-	EC3	scaffold7	15667785..15667866	15667785	15667866	0
1638	scaffold7_555891	23.6	67 +/- 3%	-	60	34	0	26	no	-	-	-	-	uuguaaucaggaguauugagg	cuugcucuugccagguccauu	uuguaaucaggaguauugagggaugguaauuucgcgaguuccucuuugauguugucaaguuccucuugcucuugccagguccauu	scaffold7:17424325..17424410:-	IST3	scaffold7	17424325..17424410	17424325	17424410	0
1639	scaffold7_837315	13.1	75 +/- 3%	-	39	37	0	2	no	-	-	-	-	ugugaaagaaguuucaguguug	acgcaaucgacuuuugccuaugca	ugugaaagaaguuucaguguugcgaagaacauuaagucgccacaacgcaaucgacuuuugccuaugca	scaffold7:17675996..17676064:+	PDi2	scaffold7	17675996..17676064	17675996	17676064	0
1640	scaffold7_865288	239.9	48 +/- 4%	-	516	508	0	8	no	-	-	-	-	uccuucauaauaucauagug	uguauaauagggaaauuc	uguauaauagggaaauucgauuuuuaaaagccuccuucauaauaucauagug	scaffold7:17882716..17882768:+	PH2	scaffold7	17882716..17882768	17882716	17882768	0
1641	scaffold7_446377	352.3	72 +/- 3%	-	689	428	0	261	yes	-	-	-	-	acacuaucgacuuuuaucaccg	gauaaaagucgauagugggaa	acacuaucgacuuuuaucaccgauuucuugacagaugauaaaagucgauagugggaa	scaffold7:18139429..18139486:-	IST2	scaffold7	18139429..18139486	18139429	18139486	0
1642	scaffold7_972971	116.7	70 +/- 4%	-	264	59	148	57	no	-	-	-	-	cuccaucugcuaauccggcu	gcccguuuuuagugauuccuu	cuccaucugcuaauccggcugcuccacaauaugcucgauuuaacagugacuuucugucacuuaauguugcucucucaucuucgaugcccguuuuuagugauuccuu	scaffold7:18468594..18468700:+	EC2	scaffold7	18468594..18468700	18468594	18468700	0
1643	scaffold7_941826	13.3	74 +/- 4%	-	38	16	15	7	no	-	-	-	-	cuggaagaccaaaagugaca	uacuaccuuugaccuuccau	cuggaagaccaaaagugacaaccccucagaaucuaggugcggcagugcagaauguaucaacacgcaccauuaggcgucgauagaauacuaccuuugaccuuccau	scaffold7:18567364..18567469:+	GA2	scaffold7	18567364..18567469	18567364	18567469	0
1644	scaffold7_641910	10.0	67 +/- 3%	-	17	13	0	4	yes	-	-	-	-	uaaauaauucagacguccuug	aaggaugucugaauuauuuaca	aaggaugucugaauuauuuacauaguuuauguaaauaauucagacguccuug	scaffold7:18763965..18764017:+	AMP2	scaffold7	18763965..18764017	18763965	18764017	0
1645	scaffold7_687786	392.7	60 +/- 3%	-	777	682	0	95	yes	-	-	-	-	uuuuucaaguuucagucgacu	gucgaugagauaguguacucc	gucgaugagauaguguacuccagucaaguuuuucaaguuucagucgacu	scaffold7:19329559..19329608:-	AMP1	scaffold7	19329559..19329608	19329559	19329608	0
1646	scaffold7_1076357	2.1	71 +/- 3%	-	1042	1038	0	4	yes	-	-	-	-	ugaugaugaugugagacugucug	cagcgaugucuaugcccagag	ugaugaugaugugagacugucuguucuguggagcagacagcgaugucuaugcccagag	scaffold7:19335792..19335850:+	DI2	scaffold7	19335792..19335850	19335792	19335850	0
1647	scaffold7_687810	13.6	60 +/- 3%	-	97	92	0	5	no	-	-	-	-	auaaucguuaauaucucaacg	uggaaauuaaauuuuacaucuaga	auaaucguuaauaucucaacgaauuuugguucuauugacuucagacugcaugcauuugauuggaaauuaaauuuuacaucuaga	scaffold7:19349282..19349366:-	AMP1	scaffold7	19349282..19349366	19349282	19349366	0
1648	scaffold7_770596	24.0	77 +/- 3%	-	45	13	30	2	yes	-	-	-	-	cauauauauauauauauaua	guauauguguguguuugug	cauauauauauauauauauauauauauauauauauacauauauauauauauauauauaguguauauguguguguuugug	scaffold7:20447011..20447090:-	PDi1	scaffold7	20447011..20447090	20447011	20447090	0
1649	scaffold7_523702	244.3	67 +/- 3%	-	479	477	1	1	yes	-	-	-	-	uuacaggaagagaauguugga	caaauucuaacccugaauc	caaauucuaacccugaaucucugcuggccuucuccaaugcuuccacuugcuucugcauaaauggacagaugagagggguuacaggaagagaauguugga	scaffold7:21419647..21419746:+	IST3	scaffold7	21419647..21419746	21419647	21419746	0
1650	scaffold7_689108	47.3	60 +/- 3%	-	119	83	5	31	no	-	-	-	-	guuuuaaauauguuaaguaag	uaguuaaauauuuuaaaaagu	uaguuaaauauuuuaaaaaguauagucaugagaauuuuguuauaauuucuuuauauggccacucucauuuuacagguauuguuuuaaauauguuaaguaag	scaffold7:22649282..22649383:-	AMP1	scaffold7	22649282..22649383	22649282	22649383	0
1651	scaffold7_554941	10.9	79 +/- 3%	-	35	16	15	4	no	-	-	-	-	ugccagacuaugaaagugca	gguguuuaguaguggucu	gguguuuaguaguggucucgauccaucaucaagauugauucuagggucuuugugccagacuaugaaagugca	scaffold7:22710621..22710693:-	SMA2	scaffold7	22710621..22710693	22710621	22710693	0
1652	scaffold7_992755	56.3	75 +/- 3%	-	135	114	17	4	no	-	-	-	-	gucaggucauuuuguauauuuaaa	auaaauauaaugcauuggaugu	auaaauauaaugcauuggauguaauaauugaugagcaaaucuacuuuggauuaguuuucuauugucaggucauuuuguauauuuaaa	scaffold7:22758832..22758919:-	DI1	scaffold7	22758832..22758919	22758832	22758919	0
1653	scaffold7_836989	79.4	78 +/- 3%	-	179	177	0	2	no	-	-	-	-	uagcauuucaguuuuagagagag	cacucuuaacgucauuugcuugc	uagcauuucaguuuuagagagagauuguguucucacucuuaacgucauuugcuugc	scaffold7:25080601..25080657:+	PL2	scaffold7	25080601..25080657	25080601	25080657	0
1654	scaffold7_524914	51.9	67 +/- 3%	-	135	134	0	1	no	-	-	-	-	gugugugugugugugugu	gccuuauguccauaucguucu	gccuuauguccauaucguucuccauugugugugugugugugugu	scaffold7:25141859..25141903:+	IST3	scaffold7	25141859..25141903	25141859	25141903	0
1655	scaffold7_973630	867.2	75 +/- 2%	-	1720	1717	0	3	no	-	-	-	-	aguaguaguaguaguagu	aguagcaguaguaguaguagu	aguaguaguaguaguaguaguaguaguaguaguaguaguaguaguaguaguaguagcaguaguaguaguagu	scaffold7:25533769..25533841:-	PL3	scaffold7	25533769..25533841	25533769	25533841	0
1656	scaffold7_773826	48.7	77 +/- 3%	-	108	104	0	4	no	-	-	-	-	uuggaaacgauucuuggagaauacu	gaucauuggaaacuguuacc	gaucauuggaaacuguuaccaacagccuugcaaaacgaaauugcagcagauuggaaacgauucuuggagaauacu	scaffold7:25954432..25954507:-	PDi1	scaffold7	25954432..25954507	25954432	25954507	0
1657	scaffold7_556706	35.6	79 +/- 3%	-	114	33	79	2	no	-	-	-	-	gaauuuaucgcgauaauguca	guuuuaaugcuaugaaagaag	gaauuuaucgcgauaaugucaauguguucucucccaacaucaaauuacuuguuaucgguugugaaagagcugguguuuuaaugcuaugaaagaag	scaffold7:26238500..26238595:-	SMA2	scaffold7	26238500..26238595	26238500	26238595	0
1658	scaffold7_1155257	321.0	70 +/- 3%	-	637	628	3	6	no	-	-	-	-	gcacgucagaaugggcuuggca	gguacccacacuaacgua	gcacgucagaaugggcuuggcaaagcgcucuccuucuuacuccuacggaggcgugaugguacccacacuaacgua	scaffold7:26469901..26469976:-	DI2	scaffold7	26469901..26469976	26469901	26469976	0
1659	scaffold7_774272	13.9	77 +/- 3%	-	43	42	0	1	no	-	-	-	-	gccgcgauagcucaguugg	cgaucccaggucacggcaauu	gccgcgauagcucaguuggagagcgucagacugaagaucugaaguucccuuguucgaucccaggucacggcaauu	scaffold7:27065355..27065430:-	PDi1	scaffold7	27065355..27065430	27065355	27065430	0
1660	scaffold7_647636	19.9	58 +/- 3%	-	49	44	2	3	no	-	-	-	-	agcuagguggaggauguuaca	gguaacaccucacccgcgaau	gguaacaccucacccgcgaauuacuaagcacucauuaucaguaaucagacacggcguaauaagcuagguggaggauguuaca	scaffold7:27084955..27085037:-	AMP3	scaffold7	27084955..27085037	27084955	27085037	0
1661	scaffold7_928665	54.8	48 +/- 4%	-	116	115	0	1	no	-	-	-	-	gugccgcgauagcucaguug	uuggaucccgggucacggcaag	gugccgcgauagcucaguugugagagcgucagacuaaaggucugaaggucucuaguuggaucccgggucacggcaag	scaffold7:27130656..27130733:-	PH2	scaffold7	27130656..27130733	27130656	27130733	0
1662	scaffold7_930021	100.9	48 +/- 4%	-	201	195	5	1	yes	-	-	-	-	uaucaaaagcuuuaaaagaug	ucgacaagugcuguugau	uaucaaaagcuuuaaaagauggcaagacauuuauacgagggugucaugcaucgacaagugcuguugau	scaffold7:28631173..28631241:-	PH2	scaffold7	28631173..28631241	28631173	28631241	0
1663	scaffold7_422072	24.2	72 +/- 3%	-	78	74	0	4	no	-	-	-	-	uaugauguaauuguguacuuugg	ucugacgucauuggaacauauuc	uaugauguaauuguguacuuuggcaaucuguguaucucugacgucauuggaacauauuc	scaffold7:28698454..28698513:+	IST2	scaffold7	28698454..28698513	28698454	28698513	0
1664	scaffold7_806441	27.9	72 +/- 3%	-	106	105	0	1	no	-	-	-	-	uccguugaguauaaaaaguuu	caggguuuuugauucaaguu	caggguuuuugauucaaguucaauuaacuccguugaguauaaaaaguuu	scaffold7:28773028..28773077:+	SMA1	scaffold7	28773028..28773077	28773028	28773077	0
1665	scaffold7_692276	78.6	60 +/- 3%	-	160	158	1	1	no	-	-	-	-	ucuucucagcuuaacuuuccu	gaagguguaagugguggaagaac	ucuucucagcuuaacuuuccuuccgggggaucaguuugucgauucaagggcgaugacacaaccggaauuccaggggaagguguaagugguggaagaac	scaffold7:29332168..29332266:-	AMP1	scaffold7	29332168..29332266	29332168	29332266	0
1666	scaffold7_1027443	0.8	73 +/- 2%	-	629	626	0	3	yes	-	-	-	-	ugauacgauaguuucuaguaga	ucugcuaguacuauugcaugau	ugauacgauaguuucuaguagauuaauauucugcuaguacuauugcaugau	scaffold7:30721627..30721678:-	PDii2	scaffold7	30721627..30721678	30721627	30721678	0
1667	scaffold7_1085104	94.2	70 +/- 3%	-	206	203	0	3	no	-	-	-	-	ugcauguuugagugaagagcu	gcaauugauaggagucag	gcaauugauaggagucagacaagccuacgccuuaguuuuugcauguuugagugaagagcu	scaffold7:31081631..31081691:+	DI2	scaffold7	31081631..31081691	31081631	31081691	0
1668	scaffold7_988125	69.4	67 +/- 3%	-	145	140	0	5	yes	-	-	-	-	uggaaagucgaugaauguguau	cauaucauggaauugugagag	cauaucauggaauugugagaguuugcaaaagugaaaaaacauggaaagucgaugaauguguau	scaffold7:31284143..31284206:-	PDii1	scaffold7	31284143..31284206	31284143	31284206	0
1669	scaffold7_932973	54.7	48 +/- 4%	-	112	111	0	1	yes	-	-	-	-	ugauuuacuacaaaugaaugauucg	gauauauucaaaaaaagcucaaucg	ugauuuacuacaaaugaaugauucggaaauggaaucucuuuauaugauuucuagauauauucaaaaaaagcucaaucg	scaffold7:32275779..32275857:-	PH2	scaffold7	32275779..32275857	32275779	32275857	0
1670	scaffold7_635818	159.7	86 +/- 2%	-	336	323	0	13	no	-	-	-	-	uugaauacauuuaucacuaaacgag	ucgucuuugucaguuguaauuaauug	ucgucuuugucaguuguaauuaauuguugaauacauuuaucacuaaacgag	scaffold7:33618461..33618512:+	PH1	scaffold7	33618461..33618512	33618461	33618512	0
1671	scaffold7_934020	292.9	48 +/- 4%	-	573	572	0	1	yes	-	-	-	-	ugcguauggucauuucugacaug	ugggcggaaaacauacgcgcacacuc	ugcguauggucauuucugacauggcgauuuaacgccuuuugggcggaaaacauacgcgcacacuc	scaffold7:34009843..34009908:-	PH2	scaffold7	34009843..34009908	34009843	34009908	0
1672	scaffold7_1161338	22.4	70 +/- 3%	-	51	48	0	3	yes	-	-	-	-	ccaaucacguagucuaaccg	gguuagauuuugauuuucu	gguuagauuuugauuuucuuacuaccaaucacguagucuaaccg	scaffold7:34166853..34166897:-	DI2	scaffold7	34166853..34166897	34166853	34166897	0
1673	scaffold7_809555	28.9	72 +/- 3%	-	80	36	28	16	no	-	-	-	-	guugaaaaguagucugauuuu	augucauacuuuuuaauuacu	augucauacuuuuuaauuacuuuaguucuuuuuucuauuucaucuucauuuggaaccuuuuugaguuagagguugaaaaguagucugauuuu	scaffold7:34817116..34817208:+	SMA1	scaffold7	34817116..34817208	34817116	34817208	0
1674	scaffold7_958757	46.6	76 +/- 2%	-	145	124	0	21	no	-	-	-	-	ucgcaaauuggaucuugauccuuu	uucauuaaguucucuaau	ucgcaaauuggaucuugauccuuuugaauucauuaaguucucuaau	scaffold7:36088800..36088846:-	PL1	scaffold7	36088800..36088846	36088800	36088846	0
1675	scaffold7_830360	57.7	76 +/- 4%	-	127	111	2	14	no	-	-	-	-	uaggacgugaccugcgaggaggg	cuuccaacaggcgggaua	uaggacgugaccugcgaggaggggaagcugguuagauuuuaacagcggagaaaugcaagaugucuuccaacaggcgggaua	scaffold7:36097328..36097409:-	GA1	scaffold7	36097328..36097409	36097328	36097409	0
1676	scaffold7_935211	32.2	48 +/- 4%	-	62	46	2	14	yes	-	-	-	-	ugcauaacagauaauugaag	ucaauaaaucugagcgcg	ucaauaaaucugagcgcgguucugccaugccaugaaacugcugcauaacagauaauugaag	scaffold7:36278558..36278619:-	PH2	scaffold7	36278558..36278619	36278558	36278619	0
1677	scaffold7_563519	28.7	67 +/- 3%	-	93	92	0	1	no	-	-	-	-	uuguucauuaaugcaaacuagg	uuguaucuauuuuuggaaaacc	uuguaucuauuuuuggaaaaccuuaaaagguuguucauuaaugcaaacuagg	scaffold7:36954136..36954188:-	IST3	scaffold7	36954136..36954188	36954136	36954188	0
1678	scaffold7_653658	55.3	60 +/- 3%	-	115	94	0	21	no	-	-	-	-	cuuuuuucugauuggucgaga	ugauuggucgagaggggug	cuuuuuucugauuggucgagaggugggaagaaggagguuacacuuuguucugauuggucgagaggggug	scaffold7:37290088..37290157:+	AMP1	scaffold7	37290088..37290157	37290088	37290157	0
1679	scaffold7_935883	57.2	48 +/- 4%	-	124	121	2	1	no	-	-	-	-	cucuugugaaguggaguug	uuuccaaaauuauucaggagg	uuuccaaaauuauucaggaggauauagccaaacacuucuccucaaagguguaucucucuugugaaguggaguug	scaffold7:37343712..37343786:-	PH2	scaffold7	37343712..37343786	37343712	37343786	0
1680	scaffold7_946060	88.4	69 +/- 3%	-	177	175	0	2	yes	-	-	-	-	cgagcuugagcacaguauuuga	aguuuguaguucauauug	cgagcuugagcacaguauuugauauacaacaagccuauuuuaggcaaagcaaguuuguaguucauauug	scaffold7:37661605..37661674:-	PDii3	scaffold7	37661605..37661674	37661605	37661674	0
1681	scaffold7_650889	163.7	67 +/- 3%	-	368	367	0	1	no	-	-	-	-	auaaauauucuuuuaauagua	acuaaaaagaguaaaaga	acuaaaaagaguaaaagaugugauaaauauucuuuuaauagua	scaffold7:38299445..38299488:+	AMP2	scaffold7	38299445..38299488	38299445	38299488	0
1682	scaffold7_650901	170.5	67 +/- 3%	-	368	367	0	1	no	-	-	-	-	auaaauauucuuuuaauagua	acuaaaaagaguaaaaga	acuaaaaagaguaaaagaugugauaaauauucuuuuaauagua	scaffold7:38337273..38337316:+	AMP2	scaffold7	38337273..38337316	38337273	38337316	0
1683	scaffold7_564215	27.6	67 +/- 3%	-	63	56	0	7	yes	-	-	-	-	augaugaugaugaugaugaug	auacaugaugaugaugaugau	auacaugaugaugaugaugaugaugaugaugaugaugaugaugaugaugaugaugaugaugaugaugaugaugaugaugaug	scaffold7:38967408..38967490:-	IST3	scaffold7	38967408..38967490	38967408	38967490	0
1684	scaffold7_697148	16.6	60 +/- 3%	-	38	27	0	11	yes	-	-	-	-	uuuuucauuuauauauacuugg	ugguguauauguuugaauaacc	ugguguauauguuugaauaaccuuaugugguuuuucauuuauauauacuugg	scaffold7:39822647..39822699:-	AMP1	scaffold7	39822647..39822699	39822647	39822699	0
1685	scaffold7_879385	113.6	48 +/- 4%	-	248	247	0	1	no	-	-	-	-	uagcauuucaguuuuagagagag	ucgcccuuaauaugauuug	uagcauuucaguuuuagagagagauuacguucucgcccuuaauaugauuug	scaffold7:40543756..40543807:+	PH2	scaffold7	40543756..40543807	40543756	40543807	0
1686	scaffold7_879511	113.6	48 +/- 4%	-	248	247	0	1	no	-	-	-	-	uagcauuucaguuuuagagagag	ucgcccuuaauaugauuug	uagcauuucaguuuuagagagagauuacguucucgcccuuaauaugauuug	scaffold7:40601792..40601843:+	PH2	scaffold7	40601792..40601843	40601792	40601843	0
1687	scaffold7_1092272	14.5	70 +/- 3%	-	37	36	0	1	yes	-	-	-	-	uguagaaacaaagcaauugucu	gauauuguauuguggaaau	uguagaaacaaagcaauugucuaaguugauuuagauauacaaguuaacuuucgauauuguauuguggaaau	scaffold7:40857325..40857396:+	DI2	scaffold7	40857325..40857396	40857325	40857396	0
1688	scaffold7_654075	250.7	58 +/- 3%	-	519	515	0	4	no	-	-	-	-	uguccaccucagauguugcug	gcucauaucuauauuggccg	gcucauaucuauauuggccgcuuugcugucucuguguccaccucagauguugcug	scaffold7:41004952..41005007:-	AMP3	scaffold7	41004952..41005007	41004952	41005007	0
1689	scaffold7_527043	41.5	79 +/- 3%	-	77	56	6	15	yes	-	-	-	-	uguuuagacgugacauucgcu	gaaugucacgucuaagcaccc	gaaugucacgucuaagcacccaaaacacgcgacauuaaaccacucaaguagagaaugucgcguguuuuguguguuuagacgugacauucgcu	scaffold7:41990625..41990717:+	SMA2	scaffold7	41990625..41990717	41990625	41990717	0
1690	scaffold7_937876	16.8	76 +/- 4%	-	42	41	0	1	yes	-	-	-	-	uauauauguauauauauaua	auauauauauauauauauagcua	uauauauguauauauauauauauauauauauauauauauauauauagcua	scaffold7:42377430..42377480:-	EC3	scaffold7	42377430..42377480	42377430	42377480	0
1691	scaffold7_698559	1.1	70 +/- 2%	-	545	544	0	1	yes	-	-	-	-	gauguugaagguuuguugcu	cuucuuccucuuugcuaau	gauguugaagguuuguugcuguuugucaccaugcccuuuaauuggcagugguggugaguacuuagcguuucuucuuccucuuugcuaau	scaffold7:43010201..43010290:-	AMP1	scaffold7	43010201..43010290	43010201	43010290	0
1692	scaffold7_698812	3106.1	60 +/- 3%	-	6094	4863	1225	6	yes	-	-	-	-	ggagcagccggauuagcagau	aaugagugaucugacugcuua	ggagcagccggauuagcagauggagaaguagauuugacaaacagauugaagcugacaaaugagugaucugacugcuua	scaffold7:43602393..43602471:-	AMP1	scaffold7	43602393..43602471	43602393	43602471	0
1693	scaffold7_531673	292.9	67 +/- 3%	-	620	497	0	123	no	-	-	-	-	ucacugggacuggaagacugu	uguuuguaguguuuuguguuu	ucacugggacuggaagacuguauauaauguuggauauucacagagaaugauggaaaaucaaaaaauuauugaaugaauguuuguaguguuuuguguuu	scaffold7:43693086..43693184:+	IST3	scaffold7	43693086..43693184	43693086	43693184	0
1694	scaffold7_615325	35.6	58 +/- 3%	-	96	87	0	9	no	-	-	-	-	gacgguuaccaugcugagaag	guuagugaugguagaacga	guuagugaugguagaacgacucggacgguuaccaugcugagaag	scaffold7:44639729..44639773:+	AMP3	scaffold7	44639729..44639773	44639729	44639773	0
1695	scaffold7_940138	13.6	48 +/- 4%	-	51	29	20	2	yes	-	-	-	-	uuaccaacuuuuauacagcuaacuu	uuugguugugcacauuug	uuaccaacuuuuauacagcuaacuuuucuuuaccaacucuauugguuuuauuugauuuuugguugugcacauuug	scaffold7:45214090..45214165:-	PH2	scaffold7	45214090..45214165	45214090	45214165	0
1696	scaffold7_986184	20.0	75 +/- 2%	-	68	67	0	1	no	-	-	-	-	cacaaugaaauggcuucugaccacu	gugucaauuaaugucucu	gugucaauuaaugucucuuuagacuaauggauugcgugaauuugaaaucacauugaucacaaugaaauggcuucugaccacu	scaffold7:45466311..45466393:-	PL3	scaffold7	45466311..45466393	45466311	45466393	0
1697	scaffold7_943415	81.8	75 +/- 3%	-	206	197	6	3	no	-	-	-	-	aaugacuuuauuuagccgcugaa	ugcggcagcgaggacagucaga	aaugacuuuauuuagccgcugaaggcauacacuacaaaaaauaaaaacaagucaaguuuugcggcagcgaggacagucaga	scaffold7:45617055..45617136:+	DI1	scaffold7	45617055..45617136	45617055	45617136	0
1698	scaffold7_943426	54.8	75 +/- 3%	-	118	92	0	26	no	-	-	-	-	ugauguguggucugaaggcgucu	gucucaucgugcacucaug	gucucaucgugcacucaugaacccugauguguggucugaaggcgucu	scaffold7:45624972..45625019:+	DI1	scaffold7	45624972..45625019	45624972	45625019	0
1699	scaffold7_427380	157.1	72 +/- 3%	-	318	163	153	2	no	-	-	-	-	auguguggucugaaggcgucu	ugcgccucgccaugacugacu	auguguggucugaaggcgucuuaauucguuauuaccgccucucugacgaugagcgcaaaucuuuuggucuucguccccgccgcuguaaugcgccucgccaugacugacu	scaffold7:46973659..46973768:+	IST2	scaffold7	46973659..46973768	46973659	46973768	0
1700	scaffold7_944297	10.9	75 +/- 3%	-	32	30	0	2	yes	-	-	-	-	ucacuuucaccaauaaug	auucguuggggagcauauu	ucacuuucaccaauaaugucaguggaauuccgcuuaauucguuggggagcauauu	scaffold7:47143819..47143874:+	DI1	scaffold7	47143819..47143874	47143819	47143874	0
1701	scaffold7_655181	24.2	67 +/- 3%	-	45	32	0	13	yes	-	-	-	-	ugcguucagacgagcaucu	guucucgucugaacgcaccu	ugcguucagacgagcaucuuuuugacauauaucaaaugauauacaucaaacgguucucgucugaacgcaccu	scaffold7:48058807..48058879:+	AMP2	scaffold7	48058807..48058879	48058807	48058879	0
1702	scaffold7_987986	92.7	75 +/- 2%	-	226	204	2	20	no	-	-	-	-	aaugacuuuauuuagccgcugaa	gcagcgaggacagucaca	aaugacuuuauuuagccgcugaaggcauacacuacaaaaaaaauaaaaaacaagucagguuuuucggcagcgaggacagucaca	scaffold7:48283993..48284077:-	PL3	scaffold7	48283993..48284077	48283993	48284077	0
1703	scaffold7_846911	14.5	76 +/- 3%	-	41	38	0	3	no	-	-	-	-	ugauauagaguaugccaggau	uccuggccacaugugagguacc	ugauauagaguaugccaggaucgcggaaaaaucuuugugccugauauccuggccacaugugagguacc	scaffold7:48496885..48496953:-	PDi3	scaffold7	48496885..48496953	48496885	48496953	0
1704	scaffold7_988533	19.7	75 +/- 2%	-	49	47	1	1	no	-	-	-	-	uuugcucaaauuuaauuuacgagg	uucgagauuaguuuugucgcuauc	uucgagauuaguuuugucgcuaucaguuuuguguccccucgucggugcauuauuuugcucaaauuuaauuuacgagg	scaffold7:49403648..49403725:-	PL3	scaffold7	49403648..49403725	49403648	49403725	0
1705	scaffold7_1027853	53.9	74 +/- 4%	-	136	57	77	2	no	-	-	-	-	guugaugauuguagaugcau	ugauuguaaaucauauagaug	ugauuguaaaucauauagaugaaacuuggugugcugacuuaguugauaugcaaaaauuuaguaaauggaacaaaggguuuaaauauuuguugaugauuguagaugcau	scaffold7:51038697..51038805:-	GA2	scaffold7	51038697..51038805	51038697	51038805	0
1706	scaffold7_953309	11.7	69 +/- 3%	-	24	19	0	5	yes	-	-	-	-	cauauauauauauauauaua	auauauauauauauaugg	cauauauauauauauauauauauauauauauauauauaugg	scaffold7:51124995..51125036:-	PDii3	scaffold7	51124995..51125036	51124995	51125036	0
1707	scaffold7_533869	50.0	67 +/- 3%	-	124	122	1	1	no	-	-	-	-	uggaucuaugaauuguuuucc	gaaacacgcucuaaugca	gaaacacgcucuaaugcauauaauacaucauauuuuguuugaaauauuugggguauggaucuaugaauuguuuucc	scaffold7:51151853..51151929:+	IST3	scaffold7	51151853..51151929	51151853	51151929	0
1708	scaffold7_721078	1919.6	87 +/- 2%	-	3794	3793	0	1	no	-	-	-	-	ugcaaguguuaccaucguaa	uacaauguauauuuaccauu	uacaauguauauuuaccauuuagaguauuuugaaguucacugggaauuucuucacuauguggugcaaguguuaccaucguaa	scaffold7:51812284..51812366:-	HL2	scaffold7	51812284..51812366	51812284	51812366	0
1709	scaffold7_658324	36.1	58 +/- 3%	-	81	79	0	2	no	-	-	-	-	uguacuugcuauaaugacuca	ggguguuguagugacgucaugg	ggguguuguagugacgucauggaaauugcauggccauguacuugcuauaaugacuca	scaffold7:51912040..51912097:-	AMP3	scaffold7	51912040..51912097	51912040	51912097	0
1710	scaffold7_1013182	71.8	75 +/- 3%	-	204	203	0	1	no	-	-	-	-	guguguguguguugugug	uauaauaaauauauauaau	uauaauaaauauauauaauauuuaaguguguguguguugugug	scaffold7:52396401..52396444:-	DI1	scaffold7	52396401..52396444	52396401	52396444	0
1711	scaffold7_596036	113.6	73 +/- 3%	-	257	33	222	2	no	-	-	-	-	uuuugauauuuuaaauggacu	augaauuugaauuaaaucag	augaauuugaauuaaaucagauaggugaaauuuuggguuuugaucgucacuaucgaauagucaaugguuugaacacugcuaaauacaauuuugauauuuuaaauggacu	scaffold7:52511670..52511779:+	SMA3	scaffold7	52511670..52511779	52511670	52511779	0
1712	scaffold7_785717	12.5	76 +/- 4%	-	24	20	3	1	yes	-	-	-	-	guguguguauguaaucug	gauauauauauauauauau	gauauauauauauauauauauauauauauauauauauauauauuuauauauguguguguguauguaaucug	scaffold7:53014096..53014167:+	GA1	scaffold7	53014096..53014167	53014096	53014167	0
1713	scaffold7_1042750	60.2	72 +/- 3%	-	116	115	0	1	yes	-	-	-	-	uauauauguauauauauaua	gugugugugugcauauauauu	uauauauguauauauauauauauauauauauauauauauauauauauauguuugugugugugugcauauauauu	scaffold7:53315349..53315423:-	PDii2	scaffold7	53315349..53315423	53315349	53315423	0
1714	scaffold7_975995	13.1	72 +/- 3%	-	38	37	0	1	yes	-	-	-	-	ugauaucuuaguuucuagugau	uuacuggaaaucgaaaau	ugauaucuuaguuucuagugauuuacuggaaaucgaaaau	scaffold7:53343427..53343467:+	PDii2	scaffold7	53343427..53343467	53343427	53343467	0
1715	scaffold7_660291	66.2	60 +/- 3%	-	131	62	18	51	yes	-	-	-	-	uguucacaacuuuuucgaauu	auaaugagguugacaacaaag	uguucacaacuuuuucgaauuuaaugagguugucagcagaguuaaaucgauucuacuuuggcagacaacuuuuggugagauaaugagguugacaacaaag	scaffold7:53370481..53370581:+	AMP1	scaffold7	53370481..53370581	53370481	53370581	0
1716	scaffold7_659151	12.3	58 +/- 3%	-	67	33	33	1	no	-	-	-	-	gaauggaaguuuacaaggga	cgaaauuaucauuuuaugu	gaauggaaguuuacaagggaaaaaacagcagcauauuugaaaaaacgauguguaacuugcauguaauguauugauucccgaaauuaucauuuuaugu	scaffold7:53871092..53871189:-	AMP3	scaffold7	53871092..53871189	53871092	53871189	0
1717	scaffold7_874016	12.1	72 +/- 3%	-	38	18	0	20	no	-	-	-	-	ucaagggaugagcaaggauuu	caugucucauuccucuugaua	ucaagggaugagcaaggauuucaauaucugcuggucuuaauagaccauuucaccaaauaugcaugucucauuccucuugaua	scaffold7:54159085..54159167:-	SMA1	scaffold7	54159085..54159167	54159085	54159167	0
1718	scaffold7_688151	393.7	86 +/- 2%	-	786	785	0	1	no	-	-	-	-	uaguaguaguaguaguaguagu	uuaguaguaguaguagua	uuaguaguaguaguaguaguaguaguaguaguaguaguaguaguagu	scaffold7:54336299..54336346:-	PH1	scaffold7	54336299..54336346	54336299	54336346	0
1719	scaffold7_1043927	27.6	72 +/- 3%	-	112	108	2	2	no	-	-	-	-	gugcauuauaucgccaauuaagg	uucaguacgacuguugcagaagc	gugcauuauaucgccaauuaagggagcuguuaccauuaccuucaguacgacuguugcagaagc	scaffold7:54987221..54987284:-	PDii2	scaffold7	54987221..54987284	54987221	54987284	0
1720	scaffold7_659698	25.1	58 +/- 3%	-	81	36	0	45	no	-	-	-	-	cuagguuuuggccauccaacc	uuuggaucuaaaauaguauua	uuuggaucuaaaauaguauuaauauaacuccuagguuuuggccauccaacc	scaffold7:55246112..55246163:-	AMP3	scaffold7	55246112..55246163	55246112	55246163	0
1721	scaffold7_917953	0.0	73 +/- 2%	-	3503	2522	0	981	yes	-	-	-	-	uagcguguaucuuugaggaa	uucuucauugauuuaugcuuugg	uagcguguaucuuugaggaacuuuguuaugguucuucauugauuuaugcuuugg	scaffold7:55878667..55878721:-	PDi2	scaffold7	55878667..55878721	55878667	55878721	0
1722	scaffold7_901939	13.5	74 +/- 4%	-	48	44	0	4	no	-	-	-	-	ggaugacugauugucugcucagca	uggcugucgagucaucauug	uggcugucgagucaucauugcgcugcuuuauguuauuuaaauuguuugauggaugacugauugucugcucagca	scaffold7:56923415..56923489:+	DI3	scaffold7	56923415..56923489	56923415	56923489	0
1723	scaffold7_701730	15.2	67 +/- 3%	-	62	60	0	2	no	-	-	-	-	uuucacugauguauacuuugg	uaguguauaucuuuaaagaa	uaguguauaucuuuaaagaaauuuauauaguuuucacugauguauacuuugg	scaffold7:57497118..57497170:-	AMP2	scaffold7	57497118..57497170	57497118	57497170	0
1724	scaffold7_689680	24.5	86 +/- 2%	-	75	74	0	1	no	-	-	-	-	uacaucuugacucucaacccucc	agcuucaagaggucuuugau	uacaucuugacucucaacccuccaacagcaauugauuuuuuuccuugccgccgagcuucaagaggucuuugau	scaffold7:58537704..58537777:-	PH1	scaffold7	58537704..58537777	58537704	58537777	0
1725	scaffold7_645971	20.8	86 +/- 2%	-	75	74	0	1	no	-	-	-	-	uacaucuugacucucaacccucc	agcuucaagaggucuuugau	uacaucuugacucucaacccuccaacagcaauugauuuuuuuccuugccgccgagcuucaagaggucuuugau	scaffold7:58577932..58578005:+	PH1	scaffold7	58577932..58578005	58577932	58578005	0
1726	scaffold7_888835	902.7	48 +/- 4%	-	1783	1782	0	1	no	-	-	-	-	uugacgucauucucuucccg	uggugauuggacgugguuc	uggugauuggacgugguuccauugacgucauucucuucccg	scaffold7:59512622..59512663:+	PH2	scaffold7	59512622..59512663	59512622	59512663	0
1727	scaffold7_739918	46.9	77 +/- 3%	-	135	133	0	2	no	-	-	-	-	gaauauauaaauauauaaaaa	auauauauauauauguau	gaauauauaaauauauaaaaaaaaaaaaauauauauauauauguau	scaffold7:59739387..59739433:+	PDi1	scaffold7	59739387..59739433	59739387	59739433	0
1728	scaffold7_979714	556.2	72 +/- 3%	-	1108	867	177	64	no	-	-	-	-	uuuucaaucgugcuuguacugcu	ggagaucacaggcauggaag	ggagaucacaggcauggaaguagagugaccuucuccauucgucguacgaagaaacaucgcacccuucacuaguuuuucaaucgugcuuguacugcu	scaffold7:60465833..60465929:+	PDii2	scaffold7	60465833..60465929	60465833	60465929	0
1729	scaffold7_889498	88.8	48 +/- 4%	-	186	185	0	1	no	-	-	-	-	ucaguugaucgauagagcaugacug	ucauucuugauuuuucacua	ucaguugaucgauagagcaugacuggguuuuguacacuucauucuugauuuuucacua	scaffold7:60948620..60948678:+	PH2	scaffold7	60948620..60948678	60948620	60948678	0
1730	scaffold7_904015	194.4	74 +/- 4%	-	401	295	0	106	no	-	-	-	-	ggccaccaaguucugcugaucuuu	cgucagcaaagacaaaaaauugg	cgucagcaaagacaaaaaauugguuuucuguaaauaauaucgaguuuuugcaauggccaccaaguucugcugaucuuu	scaffold7:61101061..61101139:+	DI3	scaffold7	61101061..61101139	61101061	61101139	0
1731	scaffold7_517906	96.7	68 +/- 3%	-	205	135	69	1	no	-	-	-	-	cacuuuuuucugauuggucg	uuggucgagugggggaguccagc	uuggucgagugggggaguccagccuguuacacuuuuuucugauuggucgagagggggagccagccuguuacacuuuuuucugauuggucg	scaffold7:62610428..62610518:+	IST1	scaffold7	62610428..62610518	62610428	62610518	0
1732	scaffold7_1048464	56.9	72 +/- 3%	-	139	131	6	2	no	-	-	-	-	ugcuucuauuucacaucacuuug	auagugaugcgaauaaaaaagua	ugcuucuauuucacaucacuuugacuuuuccaauuaccugaagaguucaccauuauauagugaugcgaauaaaaaagua	scaffold7:63672685..63672764:-	PDii2	scaffold7	63672685..63672764	63672685	63672764	0
1733	scaffold7_661536	46.9	67 +/- 3%	-	110	107	0	3	no	-	-	-	-	uucaggccaauaacaugucu	cauguuacuuagaacagaac	uucaggccaauaacaugucugcccacaacguggaaaucgcuaacuucuuugauuucaaguagaaggacauguuacuuagaacagaac	scaffold7:64574677..64574764:+	AMP2	scaffold7	64574677..64574764	64574677	64574764	0
1734	scaffold7_945430	14.7	67 +/- 3%	-	48	47	0	1	no	-	-	-	-	caacuuacuagagagcaacgagu	cuugucuaaugaaaaugcugc	caacuuacuagagagcaacgaguagcugcugugaaauuuuucuacuugucuaaugaaaaugcugc	scaffold7:64906055..64906120:+	PDii1	scaffold7	64906055..64906120	64906055	64906120	0
1735	scaffold7_663334	15.8	58 +/- 3%	-	53	42	0	11	no	-	-	-	-	gaauuuggauuaggaaagug	gugacaaugaccagaggcaag	gaauuuggauuaggaaagugugcgacagugacaaugaccagaggcaag	scaffold7:65422680..65422728:-	AMP3	scaffold7	65422680..65422728	65422680	65422728	0
1736	scaffold7_510204	47.7	89 +/- 2%	-	111	104	0	7	no	-	-	-	-	ugugucuugucuugaguaua	caagucagguugcaaguaca	caagucagguugcaaguacaugaaacacuuuuacaaacagaggccaagucgaguugugucuugucuugaguaua	scaffold7:66054979..66055053:-	PH3	scaffold7	66054979..66055053	66054979	66055053	0
1737	scaffold7_552105	18.2	68 +/- 3%	-	37	34	0	3	yes	-	-	-	-	acuaucgacuuuuaucaucu	ugauaaaaaucgauagucug	acuaucgacuuuuaucaucugucaagaaaucggugauaaaaaucgauagucug	scaffold7:66695583..66695636:-	IST1	scaffold7	66695583..66695636	66695583	66695636	0
1738	scaffold7_923532	21.1	75 +/- 3%	-	40	36	1	3	yes	-	-	-	-	uuggguauuagugcaaagucugu	cugcuuuguacuaaaaaccagugu	cugcuuuguacuaaaaaccaguguuacagauacaguggcauuauuggguauuagugcaaagucugu	scaffold7:66839668..66839734:-	PDi2	scaffold7	66839668..66839734	66839668	66839734	0
1739	scaffold7_663072	398.3	67 +/- 3%	-	798	215	425	158	no	-	-	-	-	uggcagacauguuauuggucu	uaaguaacaugccagccuauu	uaaguaacaugccagccuauuugaaaucacugaaguuagcaauuuccacauuguuggcagacauguuauuggucu	scaffold7:67969792..67969867:+	AMP2	scaffold7	67969792..67969867	67969792	67969867	0
1740	scaffold7_953100	16.5	48 +/- 4%	-	49	28	18	3	no	-	-	-	-	ugcgcuagcuuuaaaucuug	gguguucacacagcgcgau	ugcgcuagcuuuaaaucuuggguauucacacagagagauugcgauauuuucuagaaauguauuaaagccaggguguucacacagcgcgau	scaffold7:68082220..68082310:-	PH2	scaffold7	68082220..68082310	68082220	68082310	0
1741	scaffold7_710286	22.8	60 +/- 3%	-	113	105	0	8	no	-	-	-	-	caaccuaugcccaucuaucuc	caguaguggcgcuaagcuguc	caguaguggcgcuaagcugucuccuuggaauauaccccgccuaaaccacaaccuaugcccaucuaucuc	scaffold7:71918616..71918685:-	AMP1	scaffold7	71918616..71918685	71918616	71918685	0
1742	scaffold7_536877	189.9	79 +/- 3%	-	408	294	79	35	no	-	-	-	-	ucaucgaacguaauauggacu	uaucguauugcauguuggacg	ucaucgaacguaauauggacuguacuuuugaaauauggccuguuaaacuguucuuucauaucuucuuuguaugcuaauaucguauugcauguuggacg	scaffold7:72206590..72206688:+	SMA2	scaffold7	72206590..72206688	72206590	72206688	0
1743	scaffold7_665933	39.3	58 +/- 3%	-	100	95	4	1	no	-	-	-	-	gauuagucugguauccauguu	uguuugauucaguuaauugu	uguuugauucaguuaauuguuuuaugagugacuugaucucauuuuggaacacuucacuuuucuugauuagucugguauccauguu	scaffold7:72755050..72755135:-	AMP3	scaffold7	72755050..72755135	72755050	72755135	0
1744	scaffold7_960459	160.5	75 +/- 3%	-	321	300	0	21	yes	-	-	-	-	cgcucuuaacgugauuugcuugc	uaguaauucaguuuuagagagaa	uaguaauucaguuuuagagagaaauguuguuuucgcucuuaacgugauuugcuugc	scaffold7:72870087..72870143:+	DI1	scaffold7	72870087..72870143	72870087	72870143	0
1745	scaffold7_980069	19.0	76 +/- 2%	-	38	37	0	1	yes	-	-	-	-	cuuuccaaauauuuggcaauu	uuugccaaauauuuugaaucga	uuugccaaauauuuugaaucgauuugcaaauucuuuccaaauauuuggcaauu	scaffold7:73083876..73083929:-	PL1	scaffold7	73083876..73083929	73083876	73083929	0
1746	scaffold7_603680	56.8	73 +/- 3%	-	119	42	0	77	yes	-	-	-	-	ucagugaaaugauuugcaauu	auugugaaauauauauugcug	auugugaaauauauauugcugauaugcuaugaugacaagaaucagugaaaugauuugcaauu	scaffold7:73382867..73382929:+	SMA3	scaffold7	73382867..73382929	73382867	73382929	0
1747	scaffold7_796302	33.7	77 +/- 3%	-	69	68	0	1	yes	-	-	-	-	cgauugucuauuuuuguggauucca	ggauuccacaaaacuuca	ggauuccacaaaacuucagaagugaauuuuuuucgauugucuauuuuuguggauucca	scaffold7:73722769..73722827:-	PDi1	scaffold7	73722769..73722827	73722769	73722827	0
1748	scaffold7_796088	99.2	76 +/- 4%	-	207	200	3	4	no	-	-	-	-	ugcauguuugagugaagagcu	cucuccacaagauuaaugc	cucuccacaagauuaaugcaaucaauaggagucagacaagccuacgccuuaguuuuugcauguuugagugaagagcu	scaffold7:73939011..73939088:+	GA1	scaffold7	73939011..73939088	73939011	73939088	0
1749	scaffold7_434153	147.7	72 +/- 3%	-	293	292	0	1	yes	-	-	-	-	uaguaguaguaguaguaguagu	uuaguaguaguaguaguagu	uuaguaguaguaguaguaguaguaguaguaguaguaguaguaguaguaguaguaguagu	scaffold7:74865785..74865844:+	IST2	scaffold7	74865785..74865844	74865785	74865844	0
1750	scaffold7_1191060	10.5	70 +/- 3%	-	18	13	0	5	yes	-	-	-	-	ccuaacccuaacccuaacccuaac	gaggguuaggguuaggguu	ccuaacccuaacccuaacccuaaccuuauuuauuugcuucaacaguaagaggguuaggguuaggguu	scaffold7:75626711..75626778:-	DI2	scaffold7	75626711..75626778	75626711	75626778	0
1751	scaffold7_962847	11.5	75 +/- 3%	-	51	50	0	1	no	-	-	-	-	gcaucuuguauucgucgcugga	uuaugaagcauauaaugguguauug	uuaugaagcauauaaugguguauugcguauucgccacccgaauuuugcaucuuguauucgucgcugga	scaffold7:76046408..76046476:+	DI1	scaffold7	76046408..76046476	76046408	76046476	0
1752	scaffold7_1012129	972.1	70 +/- 4%	-	1924	1921	0	3	no	-	-	-	-	guccugucacggucgcca	gagaacgacaggguuaaacag	gagaacgacaggguuaaacaguuauaacgucagcguccugucacggucgcca	scaffold7:76601411..76601463:+	EC2	scaffold7	76601411..76601463	76601411	76601463	0
1753	scaffold7_1028470	367.6	75 +/- 3%	-	768	767	0	1	no	-	-	-	-	guguguguguguugugug	uauaauaaauauauauaau	uauaauaaauauauauaauauuaaaauguguguguguguguugugug	scaffold7:77335541..77335588:-	DI1	scaffold7	77335541..77335588	77335541	77335588	0
1754	scaffold7_667088	108.8	67 +/- 3%	-	286	284	1	1	no	-	-	-	-	uaagugaacaugauuaucauu	guauauucuuauuucucuuauuuca	uaagugaacaugauuaucauuuaaaaauuaaaaauuugauuuugacuuucaguaauguauauucuuauuucucuuauuuca	scaffold7:78880310..78880391:+	AMP2	scaffold7	78880310..78880391	78880310	78880391	0
1755	scaffold7_710170	1410.4	67 +/- 3%	-	2795	1784	309	702	no	-	-	-	-	acuugucaagcagaauggaau	uugauuuugacacacuggugg	uugauuuugacacacugguggcgauuggucagguaagauuggaacaguucgaugaaauccacaucaaaaccaaauaaacggaacuugucaagcagaauggaau	scaffold7:79379234..79379337:-	AMP2	scaffold7	79379234..79379337	79379234	79379337	0
1756	scaffold7_833187	23.8	72 +/- 3%	-	116	115	0	1	no	-	-	-	-	cgauauacugaugauucguca	augaauuugguagaauggag	augaauuugguagaauggagauaacauauuauauuuaauacgauauacugaugauucguca	scaffold7:80330159..80330220:+	SMA1	scaffold7	80330159..80330220	80330159	80330220	0
1757	scaffold7_1018299	21.7	67 +/- 3%	-	59	38	0	21	no	-	-	-	-	uucuucuacacucaugucgaugg	uacacaaguaaggacguauacaaa	uacacaaguaaggacguauacaaauucuucuacacucaugucgaugg	scaffold7:80363412..80363459:-	PDii1	scaffold7	80363412..80363459	80363412	80363459	0
1758	scaffold7_669185	145.9	58 +/- 3%	-	296	295	0	1	no	-	-	-	-	cgcgaacuaucauaaucagcc	uaugugauaggcaauuucgauu	cgcgaacuaucauaaucagccauaugccuucgaccuuggcuaugugauaggcaauuucgauu	scaffold7:81633472..81633534:-	AMP3	scaffold7	81633472..81633534	81633472	81633534	0
1759	scaffold7_482756	13.9	89 +/- 2%	-	39	28	2	9	no	-	-	-	-	gcuauguggaguucugcgaagagua	aucuugacgaguuuauguggcg	gcuauguggaguucugcgaagaguaagaugaaggcgaugagaggaacgaaugacgacaugcuuccacuacaucuugacgaguuuauguggcg	scaffold7:81843313..81843405:+	PH3	scaffold7	81843313..81843405	81843313	81843405	0
1760	scaffold7_669271	1889.0	58 +/- 3%	-	3707	2474	1230	3	yes	-	-	-	-	ucuugauucguuauuaccgcc	uuguuugcgaucaagagccuc	uuguuugcgaucaagagccucaucuuacgcucaugaauccugauguguggucugaaggcaucuugauucguuauuaccgcc	scaffold7:81863003..81863084:-	AMP3	scaffold7	81863003..81863084	81863003	81863084	0
1761	scaffold7_834584	241.9	72 +/- 3%	-	493	490	0	3	no	-	-	-	-	ucgagccuggguggugucac	ucacaucuuccuaacacgcag	ucacaucuuccuaacacgcagaaaguccccauuucgagccuggguggugucac	scaffold7:83249411..83249464:+	SMA1	scaffold7	83249411..83249464	83249411	83249464	0
1762	scaffold7_1061046	30.9	72 +/- 3%	-	132	106	6	20	no	-	-	-	-	uggcagauauugaaaaaugacgu	cacauuuugacaucugaaaugaag	uggcagauauugaaaaaugacguugaaaagaaaaauccgaaaaauauauccgauuaaaaagaaaaaauccaagaaagucagcacauuuugacaucugaaaugaag	scaffold7:83344768..83344873:-	PDii2	scaffold7	83344768..83344873	83344768	83344873	0
1763	scaffold7_946272	20.2	75 +/- 2%	-	53	47	5	1	no	-	-	-	-	uuugcucaaauuuaauuuacgagg	uucgagauuaguuuugucgcuauc	uucgagauuaguuuugucgcuaucaguuuuguguccccucgucggugcuuuauuuugcucaaauuuaauuuacgagg	scaffold7:83852114..83852191:+	PL3	scaffold7	83852114..83852191	83852114	83852191	0
1764	scaffold7_946300	20.2	75 +/- 2%	-	53	47	5	1	no	-	-	-	-	uuugcucaaauuuaauuuacgagg	uucgagauuaguuuugucgcuauc	uucgagauuaguuuugucgcuaucaguuuuguguccccucgucggugcuuuauuuugcucaaauuuaauuuacgagg	scaffold7:83862592..83862669:+	PL3	scaffold7	83862592..83862669	83862592	83862669	0
1765	scaffold7_1020066	40.7	67 +/- 3%	-	109	61	39	9	yes	-	-	-	-	cugccaagaaugacuuugaaaag	ccacaaagcauugcaguuccag	ccacaaagcauugcaguuccagcaaucacaauuuuuaaagcccuacauugauuuaaacacaaugaaaagaaagcugccaagaaugacuuugaaaag	scaffold7:83976543..83976639:-	PDii1	scaffold7	83976543..83976639	83976543	83976639	0
1766	scaffold7_1122836	10.6	70 +/- 3%	-	21	20	0	1	yes	-	-	-	-	cauauauauauauauauaua	auauauauauauauauaacgg	cauauauauauauauauauauauauauauauauauauauauauauauauauaacgg	scaffold7:84093461..84093517:+	DI2	scaffold7	84093461..84093517	84093461	84093517	0
1767	scaffold7_961585	725.3	48 +/- 4%	-	1442	1130	308	4	no	-	-	-	-	uccauuugaaagcgcguuucug	gcauggaaguagaguggc	gcauggaaguagaguggcagcgggagaguggagaauuucagcagagcgucuuuauaguccaaagaggaaauccauuugaaagcgcguuucug	scaffold7:84312902..84312994:-	PH2	scaffold7	84312902..84312994	84312902	84312994	0
1768	scaffold7_933102	17.7	75 +/- 3%	-	59	44	14	1	no	-	-	-	-	uuccucuuuugugcuuuguugcagg	gugucuuggauauaaaaau	uuccucuuuugugcuuuguugcaggucggguaaguguacccuguacuuuguacccucugucuugugucuuggauauaaaaau	scaffold7:84930929..84931011:-	PDi2	scaffold7	84930929..84931011	84930929	84931011	0
1769	scaffold7_958039	15.7	67 +/- 3%	-	34	15	10	9	yes	-	-	-	-	ugaugugcauugaaaucacc	ugauucaaucaauuugucauc	ugaugugcauugaaaucaccacauauuauauaauuccuuugcacauauagugguuguauacaaaucuguauguuuggugauucaaucaauuugucauc	scaffold7:85511723..85511821:+	PDii1	scaffold7	85511723..85511821	85511723	85511821	0
1770	scaffold7_715738	167.7	60 +/- 3%	-	341	293	28	20	no	-	-	-	-	uaaaugcaguaguagugguuu	ccauuuauguuagguaua	uaaaugcaguaguagugguuuggucacauauugggagcaacucgaggguccuugauccaaaccauuuauguuagguaua	scaffold7:85553703..85553782:-	AMP1	scaffold7	85553703..85553782	85553703	85553782	0
1771	scaffold7_835975	71.8	72 +/- 3%	-	161	113	7	41	no	-	-	-	-	gagacaguagaucaucugaua	ggaagaaugguacacuggag	gagacaguagaucaucugauagcagaaugugaguaguuggcacagaaugaauauaaguucaggcacgacaagguuggaagaaugguacacuggag	scaffold7:85571215..85571310:+	SMA1	scaffold7	85571215..85571310	85571215	85571310	0
1772	scaffold7_563381	17.3	90 +/- 2%	-	40	33	0	7	yes	-	-	-	-	uggaugcaaaagaaaaugauuagu	cugcgucauuucauuugcugaaa	cugcgucauuucauuugcugaaaguguauuacacuggaugcaaaagaaaaugauuagu	scaffold7:85888109..85888167:+	HL1	scaffold7	85888109..85888167	85888109	85888167	0
1773	scaffold7_717672	23.6	82 +/- 3%	-	76	55	1	20	no	-	-	-	-	ugacaagcugauuguaaauugac	uucaauggaaaucgaauuuuguug	uucaauggaaaucgaauuuuguuggaaauauuuucgaagcaaaugguaucugacaagcugauuguaaauugac	scaffold7:85896118..85896191:+	GA3	scaffold7	85896118..85896191	85896118	85896191	0
1774	scaffold7_1021330	131.4	67 +/- 3%	-	284	280	2	2	no	-	-	-	-	agaauucaguuuguuugguag	uaauugaagauaaaaaugag	agaauucaguuuguuugguaggcugcuuuauuucuguggccuaauugaagauaaaaaugag	scaffold7:86031757..86031818:-	PDii1	scaffold7	86031757..86031818	86031757	86031818	0
1775	scaffold7_1021332	131.4	67 +/- 3%	-	284	280	2	2	no	-	-	-	-	agaauucaguuuguuugguag	uaauugaagauaaaaaugag	agaauucaguuuguuugguaggcugcuuuauuucuguggccuaauugaagauaaaaaugag	scaffold7:86032462..86032523:-	PDii1	scaffold7	86032462..86032523	86032462	86032523	0
1776	scaffold7_997128	622.4	72 +/- 3%	-	1217	1196	0	21	yes	-	-	-	-	caucaaaagguucucgucug	gacgagcaucuuuuugacgua	gacgagcaucuuuuugacguauaucaaaugauauacaucaaaagguucucgucug	scaffold7:86217602..86217657:+	PDii2	scaffold7	86217602..86217657	86217602	86217657	0
1777	scaffold7_904138	10.3	48 +/- 4%	-	36	24	1	11	no	-	-	-	-	uaagacuaaaugaaaugaaguuu	ucuucaugaauuugcuuagu	ucuucaugaauuugcuuaguugcaccauuuuuauccuuguaguuauacacugggaccauaagacuaaaugaaaugaaguuu	scaffold7:86283161..86283242:+	PH2	scaffold7	86283161..86283242	86283161	86283242	0
1778	scaffold7_890877	14.2	72 +/- 3%	-	65	56	0	9	no	-	-	-	-	uugcguuauucagauuggccu	ucgauuuguaugugcaguauu	ucgauuuguaugugcaguauuuuuucaaauaauuuaguaagagguugcguuauucagauuggccu	scaffold7:86951524..86951589:-	SMA1	scaffold7	86951524..86951589	86951524	86951589	0
1779	scaffold7_963889	116.7	48 +/- 4%	-	263	260	0	3	no	-	-	-	-	ugauaagugauagcauauauaaug	gugauauaguauuuacuuuuccuac	ugauaagugauagcauauauaauggaaauucuagugauauaguauuuacuuuuccuac	scaffold7:87939456..87939514:-	PH2	scaffold7	87939456..87939514	87939456	87939514	0
1780	scaffold7_998442	10.8	72 +/- 3%	-	43	42	0	1	no	-	-	-	-	uaccacacucuuugucucacaa	uugaggagaaguguuugg	uaccacacucuuugucucacaauucucguauuuuaccaacuccaccucacaggagagauacaccuuugaggagaaguguuugg	scaffold7:88612880..88612963:+	PDii2	scaffold7	88612880..88612963	88612880	88612963	0
1781	scaffold7_930577	233.9	78 +/- 3%	-	485	480	0	5	no	-	-	-	-	aucacgucagggucacca	ugauucuagcaaacacaa	aucacgucagggucaccauguagaaucacagggggugauucuagcaaacacaa	scaffold7:89021337..89021390:-	PL2	scaffold7	89021337..89021390	89021337	89021390	0
1782	scaffold7_525951	125.5	68 +/- 3%	-	303	134	155	14	no	-	-	-	-	ugugcugacuuaguugauaug	uuuucaaaguauggguggauu	ugugcugacuuaguugauaugcaaaaauuuaguaaauggaacaaagguuuuaaauauuuguugaugauuguagauguauuuucaaaguauggguggauu	scaffold7:89747687..89747786:+	IST1	scaffold7	89747687..89747786	89747687	89747786	0
1783	scaffold7_714584	14.4	67 +/- 3%	-	26	21	0	5	yes	-	-	-	-	uuaguuuucauuaaugauugu	aucauuaacgaaaucugauuu	aucauuaacgaaaucugauuucauuccaaaugacauuaguuuucauuaaugauugu	scaffold7:91287766..91287822:-	AMP2	scaffold7	91287766..91287822	91287766	91287822	0
1784	scaffold7_906253	14.0	48 +/- 4%	-	47	29	16	2	yes	-	-	-	-	uuaccaacuuuuauacagcuaacuu	uuugguugugcacauuug	uuaccaacuuuuauacagcuaacuuuucuuuaccaacucuauugguuuuauuugauuuugguugugcacauuug	scaffold7:91452856..91452930:+	PH2	scaffold7	91452856..91452930	91452856	91452930	0
1785	scaffold7_923139	41.9	74 +/- 4%	-	108	44	63	1	no	-	-	-	-	gucuuuauaguccaaaga	aggagacauguagagaagaau	gucuuuauaguccaaagaggagauccauggaguggaacaaagcaugagaaggccaccaacaaggagacauguagagaagaau	scaffold7:93061973..93062055:+	DI3	scaffold7	93061973..93062055	93061973	93062055	0
1786	scaffold7_1001704	72.6	72 +/- 3%	-	159	158	0	1	no	-	-	-	-	auguaugaugaucacugggaau	cucucugauuacugauuac	cucucugauuacugauuacauuuuaaugcugacaagcuuucaacauugcuuuuguuacuguguaauguaugaugaucacugggaau	scaffold7:94865396..94865482:+	PDii2	scaffold7	94865396..94865482	94865396	94865482	0
1787	scaffold7_1068398	92.3	72 +/- 3%	-	193	192	0	1	no	-	-	-	-	gggcccuaguggccaagggg	gacugggaccgcgaggacccuuagu	gggcccuaguggccaagggguaaacggcuagacugggaccgcgaggacccuuagu	scaffold7:94996744..94996799:-	PDii2	scaffold7	94996744..94996799	94996744	94996799	0
1788	scaffold7_721619	16.8	82 +/- 3%	-	37	24	10	3	yes	-	-	-	-	guacugugaugauaagaacugcu	ucaguucuguaucugaguacac	guacugugaugauaagaacugcuuggcguguaaauauuuugaaacuguuguaaauagcuugaagccaaggaaaaaagaaucaguucuguaucugaguacac	scaffold7:95475524..95475625:+	GA3	scaffold7	95475524..95475625	95475524	95475625	0
1789	scaffold7_439089	184.4	72 +/- 3%	-	388	114	167	107	no	-	-	-	-	ucuagaaaaauauuuaggaca	uguauaagguuuuuagauucu	uguauaagguuuuuagauucuuacagauuucuugcaucaucauuaaauaauuuagcaaauaaucuugagaaaaagucuauucuagaaaaauauuuaggaca	scaffold7:95755369..95755470:+	IST2	scaffold7	95755369..95755470	95755369	95755470	0
1790	scaffold7_874893	83.7	76 +/- 4%	-	179	170	0	9	yes	-	-	-	-	gggcccuaguggccaagggg	uaaaaggcuagacuggga	gggcccuaguggccaaggggccaagggguaaaaggcuagacuggga	scaffold7:96139860..96139906:+	EC1	scaffold7	96139860..96139906	96139860	96139906	0
1791	scaffold7_719856	193.8	60 +/- 3%	-	392	307	82	3	no	-	-	-	-	ugagcacaagccacagggcg	cacuggaguuugagcagacag	cacuggaguuugagcagacagcauggguuagaagcaggagauaaguggaaugagcacaagccacagggcg	scaffold7:96414011..96414081:-	AMP1	scaffold7	96414011..96414081	96414011	96414081	0
1792	scaffold7_719884	193.8	60 +/- 3%	-	392	307	82	3	no	-	-	-	-	ugagcacaagccacagggcg	cacuggaguuugagcagacag	cacuggaguuugagcagacagcauggguuagaagcaggagauaaguggaaugagcacaagccacagggcg	scaffold7:96460780..96460850:-	AMP1	scaffold7	96460780..96460850	96460780	96460850	0
1793	scaffold7_604656	11.1	90 +/- 2%	-	26	17	0	9	yes	-	-	-	-	cagacuugucaacgagccgac	ucggcucguuuaaauuuuguguaa	cagacuugucaacgagccgacauuuccacgcucggcucguuuaaauuuuguguaa	scaffold7:96703734..96703789:-	HL1	scaffold7	96703734..96703789	96703734	96703789	0
1794	scaffold7_1205368	37.0	70 +/- 3%	-	97	95	0	2	yes	-	-	-	-	ugaugaugaugaugaugaug	ugaugaugaugaggaugaugaug	ugaugaugaugaugaugaugaugaugaugaugaugaugaugaugaugaugaugaugaugaugaugaggaugaugaug	scaffold7:97003115..97003192:-	DI2	scaffold7	97003115..97003192	97003115	97003192	0
1795	scaffold7_1017206	46.6	75 +/- 2%	-	115	109	0	6	no	-	-	-	-	cacuugucuacuugguccucu	gcacuaccaagacaugugg	cacuugucuacuugguccucugucaacuaucuugauuuuugcacuaccaagacaugugg	scaffold7:97903408..97903467:-	PL3	scaffold7	97903408..97903467	97903408	97903467	0
1796	scaffold7_677790	2.8	68 +/- 2%	-	546	333	71	142	yes	-	-	-	-	uguuuuggguguuuagacgug	ucuaaacacccaaaacacgcg	ucuaaacacccaaaacacgcgacauucaaccacucaaguagagaaugucacguguuuuggguguuuagacgug	scaffold7:98140725..98140798:+	AMP1	scaffold7	98140725..98140798	98140725	98140798	0
1797	scaffold7_933817	10.6	76 +/- 4%	-	23	14	0	9	yes	-	-	-	-	uguguaaguucggcucggc	cgacauuuccaagcucggcucguu	cgacauuuccaagcucggcucguucaaauuuuguguaaguucggcucggc	scaffold7:98251601..98251651:-	EC1	scaffold7	98251601..98251651	98251601	98251651	0
1798	scaffold7_940225	10.1	75 +/- 3%	-	56	42	11	3	no	-	-	-	-	cuccaaaaacaauaagauuugcag	guaaauauguuuuuagaacu	guaaauauguuuuuagaacuggugagacuuugucuaacaacuugacuuuauuuacuuuaccaaaagaaguguggccuccaaaaacaauaagauuugcag	scaffold7:98426936..98427035:-	PDi2	scaffold7	98426936..98427035	98426936	98427035	0
1799	scaffold7_528249	106.4	68 +/- 3%	-	271	259	0	12	no	-	-	-	-	ccacaugucuugguagugcu	aggaccaaguagacaagu	ccacaugucuugguagugcuaauaucaagaugauugacaggaccaaguagacaagu	scaffold7:98558863..98558919:+	IST1	scaffold7	98558863..98558919	98558863	98558919	0
1800	scaffold7_705219	65.6	86 +/- 2%	-	155	154	0	1	no	-	-	-	-	aucacgucagggucacca	guagaguuugacugacacu	guagaguuugacugacacuccaauuuuucagaaucacgucagggucacca	scaffold7:98851982..98852032:-	PH1	scaffold7	98851982..98852032	98851982	98852032	0
1801	scaffold7_583462	117.3	67 +/- 3%	-	244	172	0	72	no	-	-	-	-	aacgcaaagcugaucgacgcu	ugcugccgagagcucuguuug	ugcugccgagagcucuguuugacccgagacucauuugaucccucaaacgcaaagcugaucgacgcu	scaffold7:99731521..99731587:-	IST3	scaffold7	99731521..99731587	99731521	99731587	0
1802	scaffold8_993711	122.3	75 +/- 3%	-	236	199	36	1	yes	-	-	-	-	uucaaguccauuccucgcgcca	ggcacgaggaauggacuuaa	ggcacgaggaauggacuuaaauauagagaguuuaauaccucguccgcugugaagcucucucuguucaaguccauuccucgcgcca	scaffold8:616547..616632:-	PDi2	scaffold8	616547..616632	616547	616632	0
1803	scaffold8_1087819	33.0	67 +/- 3%	-	96	94	0	2	no	-	-	-	-	uacuagccaaauauuugauugu	aauucuaguauaaaaagugu	uacuagccaaauauuugauuguuuaaacaaauucuaguauaaaaagugu	scaffold8:1156633..1156682:-	PDii1	scaffold8	1156633..1156682	1156633	1156682	0
1804	scaffold8_936354	12.1	78 +/- 3%	-	22	19	2	1	yes	-	-	-	-	gaauugcacgucuaaccacc	aagguuagacuagugauuuga	aagguuagacuagugauuugaucaaaagugaucuaucacauuuugauugaauugcacgucuaaccacc	scaffold8:1662661..1662729:+	PL2	scaffold8	1662661..1662729	1662661	1662729	0
1805	scaffold8_1118435	13.3	74 +/- 4%	-	27	26	0	1	yes	-	-	-	-	cauauauauauauauauaua	uauauauauauauauaugcggg	cauauauauauauauauauauauauauauauauauauauauauaugcggg	scaffold8:1954043..1954093:-	GA2	scaffold8	1954043..1954093	1954043	1954093	0
1806	scaffold8_495391	73.8	72 +/- 3%	-	166	146	2	18	no	-	-	-	-	uccauuugaaagcgcguuucu	gugacagcgggagagugg	gugacagcgggagaguggagaauuugaaaagggcgucuuugcauggcaagggagagauccauuugaaagcgcguuucu	scaffold8:2020279..2020357:-	IST2	scaffold8	2020279..2020357	2020279	2020357	0
1807	scaffold8_584392	15.1	67 +/- 3%	-	61	60	0	1	no	-	-	-	-	ugcugcgcgguuuuuaggagu	uccaaguucgccauaaucauu	uccaaguucgccauaaucauuacugcugcgcgguuuuuaggagu	scaffold8:2487536..2487580:+	IST3	scaffold8	2487536..2487580	2487536	2487580	0
1808	scaffold8_949792	10.5	72 +/- 3%	-	52	22	0	30	no	-	-	-	-	uugagacaucaaaaauucgau	ucuugguuuaugaugucauaa	ucuugguuuaugaugucauaauaacuugagacaucaaaaauucgau	scaffold8:2654111..2654157:-	SMA1	scaffold8	2654111..2654157	2654111	2654157	0
1809	scaffold8_942649	11.6	75 +/- 3%	-	39	37	0	2	no	-	-	-	-	ugugaaagaaguuucaguguug	acgcaaucgacuuuugccuaugca	ugugaaagaaguuucaguguugcgaagaacauuaagucgccacaacgcaaucgacuuuugccuaugca	scaffold8:2844628..2844696:+	PDi2	scaffold8	2844628..2844696	2844628	2844696	0
1810	scaffold8_1155671	32.5	70 +/- 4%	-	81	79	0	2	no	-	-	-	-	cucgccaauguaugaacuugaac	ucacagucguacgaauaaac	cucgccaauguaugaacuugaacauucaucacagucguacgaauaaac	scaffold8:3497521..3497569:-	EC2	scaffold8	3497521..3497569	3497521	3497569	0
1811	scaffold8_816409	17.5	82 +/- 3%	-	45	34	2	9	no	-	-	-	-	uggucccaugguguagcgg	ucucggugggaccuaauuuuu	uggucccaugguguagcgguuaguaccuuggacuuugaauccaaagacccaaguuugagucucggugggaccuaauuuuu	scaffold8:4897020..4897100:-	GA3	scaffold8	4897020..4897100	4897020	4897100	0
1812	scaffold8_990734	91.9	78 +/- 3%	-	190	112	76	2	no	-	-	-	-	guggucccaugguguagcg	ucucagugggaccuaauuuu	guggucccaugguguagcgguuagcaacuuggaguuugaauccaaagacccgaguucaauucucagugggaccuaauuuu	scaffold8:4940910..4940990:-	PL2	scaffold8	4940910..4940990	4940910	4940990	0
1813	scaffold8_719606	305.0	67 +/- 3%	-	679	669	0	10	no	-	-	-	-	cugcuaucagaugaucuacug	guaacuuauacucauucugcg	guaacuuauacucauucugcgccaacuuaucacgcccugcuaucagaugaucuacug	scaffold8:5128080..5128137:+	AMP2	scaffold8	5128080..5128137	5128080	5128137	0
1814	scaffold8_1039881	10.2	69 +/- 3%	-	18	17	0	1	yes	-	-	-	-	uuaaaucguguaguuaagacg	gucuuuacuacacgauuuaa	gucuuuacuacacgauuuaaucgggccaauuaagucgggaagauuaaaucguguaguuaagacg	scaffold8:6609040..6609104:-	PDii3	scaffold8	6609040..6609104	6609040	6609104	0
1815	scaffold8_677970	216.0	58 +/- 3%	-	442	435	2	5	no	-	-	-	-	cuucugcuagcaaauuacucu	guaaauauuaguagugcaug	cuucugcuagcaaauuacucuaccugguaaaauugaaauguauucaacaaaaauguugauuuaccauauuuuagggaucaguaaauauuaguagugcaug	scaffold8:6908340..6908440:+	AMP3	scaffold8	6908340..6908440	6908340	6908440	0
1816	scaffold8_723699	84.8	60 +/- 3%	-	220	98	112	10	no	-	-	-	-	gcaauguacauuaagucuaugu	guaaauauuaguagugcaugg	guaaauauuaguagugcaugguuauguuaccuuauucaaguuuacaagauaacugaaaaauuaccugggagaaagcaauguacauuaagucuaugu	scaffold8:6908420..6908516:+	AMP1	scaffold8	6908420..6908516	6908420	6908516	0
1817	scaffold8_616670	11.3	79 +/- 3%	-	36	10	24	2	no	-	-	-	-	caucucuuggggaaagaaucc	cauucacuccagaggugcucu	cauucacuccagaggugcucuguucaucaacaaucuccccagcagugauccuuggguuuugguuuacuugucgaacuauuuucuguucaucucuuggggaaagaaucc	scaffold8:6946666..6946774:-	SMA2	scaffold8	6946666..6946774	6946666	6946774	0
1818	scaffold8_1104613	101.6	75 +/- 3%	-	249	248	0	1	no	-	-	-	-	cggaaaacuauuaggagcgccg	ugcaccaauauugauauugac	cggaaaacuauuaggagcgccgucucaagaaaaccgugcaccaauauugauauugac	scaffold8:8083822..8083879:-	DI1	scaffold8	8083822..8083879	8083822	8083879	0
1819	scaffold8_586029	526.7	67 +/- 3%	-	1041	410	0	631	yes	-	-	-	-	uuccuaauucuaacugacaug	uucaguagaauuaaagguauc	uuccuaauucuaacugacaugaaguaauuucaguagaauuaaagguauc	scaffold8:8272212..8272261:+	IST3	scaffold8	8272212..8272261	8272212	8272261	0
1820	scaffold8_583877	156.9	79 +/- 3%	-	337	312	23	2	no	-	-	-	-	ucuaucuuaucauuauugucc	cucaauaauguuguguaaau	ucuaucuuaucauuauuguccuuguagaagaauucauuuugugcaguguucaaauaugaauccucaauaauguuguguaaau	scaffold8:8272640..8272722:+	SMA2	scaffold8	8272640..8272722	8272640	8272722	0
1821	scaffold8_1033519	11.3	67 +/- 3%	-	33	32	0	1	no	-	-	-	-	uucugauuggucgagaggug	ccuauucugauuggucgu	uucugauuggucgagagguggguucauaacaccuauucugauuggucgu	scaffold8:8627783..8627832:+	PDii1	scaffold8	8627783..8627832	8627783	8627832	0
1822	scaffold8_620185	251.5	67 +/- 3%	-	613	395	0	218	no	-	-	-	-	acuaguaaucuuucaucgucc	cccaugauaguucgcuaggcu	acuaguaaucuuucaucguccguaucuacccaugauaguucgcuaggcu	scaffold8:8991587..8991636:-	IST3	scaffold8	8991587..8991636	8991587	8991636	0
1823	scaffold8_1105366	38.1	75 +/- 3%	-	85	19	56	10	no	-	-	-	-	aucauuuugaacaacgacucucu	ggagcaguugaacaagaug	ggagcaguugaacaagaugggaccaauaacaguuccuuggggaacaccgagauuaauaaauugccagucugaaacaucauuuugaacaacgacucucu	scaffold8:9781361..9781459:-	DI1	scaffold8	9781361..9781459	9781361	9781459	0
1824	scaffold8_1076197	1.8	75 +/- 2%	-	439	437	0	2	yes	-	-	-	-	auaccgaagauacugacacgcc	gguugucacuuuuggucuu	gguugucacuuuuggucuuacagacugcuugcgagagcaaaaauuuugcaguugcugagagcgaguaacacgucuggauaccgaagauacugacacgcc	scaffold8:9930409..9930508:+	PDii2	scaffold8	9930409..9930508	9930409	9930508	0
1825	scaffold8_725406	2467.6	60 +/- 3%	-	4841	4579	0	262	yes	-	-	-	-	uucuucauugauuuaugcuuug	uaguguguaucuuugagga	uaguguguaucuuugaggagccuuguuaugguucuucauugauuuaugcuuug	scaffold8:11510991..11511044:+	AMP1	scaffold8	11510991..11511044	11510991	11511044	0
1826	scaffold8_1094073	116.1	67 +/- 3%	-	240	235	0	5	no	-	-	-	-	uguccauuggucuguguggaucc	guccacacucccgauugug	uguccauuggucuguguggauccuauacuaccacuucucuaguccacacucccgauugug	scaffold8:12124382..12124442:-	PDii1	scaffold8	12124382..12124442	12124382	12124442	0
1827	scaffold8_618375	19.3	79 +/- 3%	-	51	50	0	1	no	-	-	-	-	cucucaucugcguauuuggau	ucaaaagcgucaucugagc	ucaaaagcgucaucugagcgucuguuuugcaagugugggcuagaucugcucucaucugcguauuuggau	scaffold8:12798218..12798287:-	SMA2	scaffold8	12798218..12798287	12798218	12798287	0
1828	scaffold8_1049324	232.6	74 +/- 4%	-	576	562	1	13	no	-	-	-	-	uuagauacuguauuccaaacgcc	cuguuuaugaagucuuuauaaca	uuagauacuguauuccaaacgccaacuuacgaaccuugcuguuuaugaagucuuuauaaca	scaffold8:12890516..12890577:-	DI3	scaffold8	12890516..12890577	12890516	12890577	0
1829	scaffold8_1031992	16.5	48 +/- 4%	-	46	20	22	4	no	-	-	-	-	uggguagaacuuuuguag	ugcugaaaccaucuuuccuagauau	ugcugaaaccaucuuuccuagauaucgugccaaucugcgacaacuggguagaacuuuuguag	scaffold8:13024259..13024321:-	PH2	scaffold8	13024259..13024321	13024259	13024321	0
1830	scaffold8_903819	26.6	72 +/- 3%	-	67	65	1	1	no	-	-	-	-	guauggaguuaugaaugcugu	cauuacauaguccaaaugcc	cauuacauaguccaaaugccauauauauccauuuguacaggcuguauggaguuaugaaugcugu	scaffold8:13067962..13068026:+	SMA1	scaffold8	13067962..13068026	13067962	13068026	0
1831	scaffold8_941732	84.5	78 +/- 3%	-	191	74	28	89	no	-	-	-	-	cuucuucacaauuucaaauuauag	uguaauuagagaauuuagguug	uguaauuagagaauuuagguuggagagcauggaaauguacaagcuagacccugugcacuucuucacaauuucaaauuauag	scaffold8:13143357..13143438:+	PL2	scaffold8	13143357..13143438	13143357	13143438	0
1832	scaffold8_859416	46.5	77 +/- 3%	-	108	104	0	4	no	-	-	-	-	uuggaaacgauucuuggagaauacu	gaucauuggaaacuguuacc	gaucauuggaaacuguuaccaacagccuggcaaaacgaaauugcagcagauuggaaacgauucuuggagaauacu	scaffold8:13502859..13502934:-	PDi1	scaffold8	13502859..13502934	13502859	13502934	0
1833	scaffold8_750510	636.8	86 +/- 2%	-	1263	1249	0	14	no	-	-	-	-	uagacuuggaauuuguaggugcgca	uucacuucgauucgauuccauuacag	uagacuuggaauuuguaggugcgcagauucacuucgauucgauuccauuacag	scaffold8:13503830..13503883:-	PH1	scaffold8	13503830..13503883	13503830	13503883	0
1834	scaffold8_995322	10.3	74 +/- 4%	-	19	17	0	2	yes	-	-	-	-	ugcucugcaaacuccuuccacuu	ugugucggagucugcagcgcauu	ugcucugcaaacuccuuccacuuguccacaucuacugugucggagucugcagcgcauu	scaffold8:14935185..14935243:+	DI3	scaffold8	14935185..14935243	14935185	14935243	0
1835	scaffold8_776869	16.8	82 +/- 3%	-	37	24	10	3	yes	-	-	-	-	guacugugaugauaagaacugcu	ucaguucuguaucugaguacac	guacugugaugauaagaacugcuuggcguguaaauauuuugaaacuguuguaaauagcuugaagccaaggaaaaaagaaucaguucuguaucugaguacac	scaffold8:15131844..15131945:+	GA3	scaffold8	15131844..15131945	15131844	15131945	0
1836	scaffold8_1033568	2.0	50 +/- 3%	-	437	436	0	1	yes	-	-	-	-	ucuuagaggagguugcuggcuug	ugacagcaccccaugagagacg	ugacagcaccccaugagagacgcacucucugaggagguuggucagacagcaccacgugagagaugcuuucuuagaggagguugcuggcuug	scaffold8:15148366..15148457:-	PH2	scaffold8	15148366..15148457	15148366	15148457	0
1837	scaffold8_1066881	40.5	74 +/- 4%	-	81	61	0	20	yes	-	-	-	-	acaaaagaacuugcacaagcuucu	gaggcauuguaguguuuuucggu	gaggcauuguaguguuuuucgguacaaugacaaaagaacuugcacaagcuucu	scaffold8:15184867..15184920:+	GA2	scaffold8	15184867..15184920	15184867	15184920	0
1838	scaffold8_977508	17.8	48 +/- 4%	-	43	34	0	9	no	-	-	-	-	ugugaaauuccucugaag	uucuucaggauguuucgcacag	uucuucaggauguuucgcacaguuguugcugucacaaggugaccauaagcccauucauugugaaauuccucugaag	scaffold8:16209286..16209362:+	PH2	scaffold8	16209286..16209362	16209286	16209362	0
1839	scaffold8_727376	154.5	60 +/- 3%	-	302	178	0	124	yes	-	-	-	-	ccacuaucgacuuuuaucauc	ugauaaaagucgauagugu	ccacuaucgacuuuuaucaucugucaagaaaucggugauaaaagucgauagugu	scaffold8:16619251..16619305:+	AMP1	scaffold8	16619251..16619305	16619251	16619305	0
1840	scaffold8_727461	59.8	60 +/- 3%	-	117	116	0	1	yes	-	-	-	-	guauucagcggcgcucauaa	acggcgccgcugaauaccagag	acggcgccgcugaauaccagaggcaucgaaauuuacuaguauucagcggcgcucauaa	scaffold8:16757540..16757598:+	AMP1	scaffold8	16757540..16757598	16757540	16757598	0
1841	scaffold8_1081526	138.3	72 +/- 3%	-	290	263	22	5	no	-	-	-	-	cauuucuucauuucagccgccg	gcaaugaaauacgagaaagaauag	gcaaugaaauacgagaaagaauagaauaauaucaguguuucguugauacugcacuucauuucuucauuucagccgccg	scaffold8:18038606..18038684:+	PDii2	scaffold8	18038606..18038684	18038606	18038684	0
1842	scaffold8_1035282	20.5	76 +/- 4%	-	41	40	0	1	yes	-	-	-	-	cauauauauauauauauaua	auauauauauauauauuuguugg	cauauauauauauauauauauauauauauauauauauauuuguugg	scaffold8:18284287..18284333:-	EC3	scaffold8	18284287..18284333	18284287	18284333	0
1843	scaffold8_1130050	14.7	74 +/- 4%	-	29	26	0	3	yes	-	-	-	-	cauauauauauauauauaua	uauauauauauauauauugc	cauauauauauauauauauauauauauauauauauauauauugc	scaffold8:19157519..19157563:-	GA2	scaffold8	19157519..19157563	19157519	19157563	0
1844	scaffold8_1130070	14.3	74 +/- 4%	-	29	26	0	3	yes	-	-	-	-	cauauauauauauauauaua	uauauauauauauauauugc	cauauauauauauauauauauauauauauauauauauauugc	scaffold8:19238234..19238276:-	GA2	scaffold8	19238234..19238276	19238234	19238276	0
1845	scaffold8_1037010	92.7	48 +/- 4%	-	218	105	112	1	no	-	-	-	-	uaagaaucagaugcuaccgug	cgggccauucgaaaaugag	cgggccauucgaaaaugaggugcuuuagaaaaugaauuauaugguugaugagaagauaggaguaagaaucagaugcuaccgug	scaffold8:19404678..19404761:-	PH2	scaffold8	19404678..19404761	19404678	19404761	0
1846	scaffold8_589804	25.1	67 +/- 3%	-	59	22	0	37	no	-	-	-	-	gaacauucgagaccgguugc	gcagccaaacccugauugucu	gcagccaaacccugauugucuucaaggaacauucgagaccgguugc	scaffold8:19908529..19908575:+	IST3	scaffold8	19908529..19908575	19908529	19908575	0
1847	scaffold8_500645	19.4	72 +/- 3%	-	35	34	0	1	yes	-	-	-	-	accaaucacauagucuaacc	uuagacgaugugauugguag	uuagacgaugugauugguagcaagagcaguuacgaaaaugugaccaaucacauagucuaacc	scaffold8:20294643..20294705:-	IST2	scaffold8	20294643..20294705	20294643	20294705	0
1848	scaffold8_1063483	28.6	76 +/- 2%	-	77	74	1	2	no	-	-	-	-	ucaacgucauuuuucaauaucugcc	gcagaacuugguggccauu	ucaacgucauuuuucaauaucugccacacguuuucgauuggagaaagaucagcagaacuugguggccauu	scaffold8:20365070..20365140:-	PL1	scaffold8	20365070..20365140	20365070	20365140	0
1849	scaffold8_590020	276.1	67 +/- 3%	-	613	395	0	218	no	-	-	-	-	acuaguaaucuuucaucgucc	cccaugauaguucgcuaggcu	acuaguaaucuuucaucguccguaucuacccaugauaguucgcuaggcu	scaffold8:20759934..20759983:+	IST3	scaffold8	20759934..20759983	20759934	20759983	0
1850	scaffold8_722649	21.7	58 +/- 3%	-	58	24	3	31	no	-	-	-	-	uacgacuugaauacacaccagu	uaucauguuaucaguacgcuggg	uaucauguuaucaguacgcugggagguacaccuuggacgaccagaccuccuacgacuugaauacacaccagu	scaffold8:21103483..21103555:-	AMP3	scaffold8	21103483..21103555	21103483	21103555	0
1851	scaffold8_768420	32.4	67 +/- 3%	-	80	79	0	1	yes	-	-	-	-	ucaaauuguuaucagaca	ucaagugaugacaagagaag	ucaagugaugacaagagaaguauuacucaaauuguuaucagaca	scaffold8:21733804..21733848:-	AMP2	scaffold8	21733804..21733848	21733804	21733848	0
1852	scaffold8_769035	10.0	67 +/- 3%	-	16	14	0	2	yes	-	-	-	-	ucaagguucugcaugucgguuu	accgacauuaggaaaccuugaga	ucaagguucugcaugucgguuugaagguugcuuauauugguaaaaucuuaaaaccgacauuaggaaaccuugaga	scaffold8:23018532..23018607:-	AMP2	scaffold8	23018532..23018607	23018532	23018607	0
1853	scaffold8_1055177	33.4	75 +/- 3%	-	89	72	16	1	no	-	-	-	-	ucaaagaacauucgagaccaguug	caucaaguaauguuuugug	ucaaagaacauucgagaccaguugcgcuucugcaggcaauaucaacacuacaccccugagauguggcaucaaguaauguuuugug	scaffold8:23254193..23254278:+	DI1	scaffold8	23254193..23254278	23254193	23254278	0
1854	scaffold8_1031268	10.3	75 +/- 2%	-	26	25	0	1	yes	-	-	-	-	ugcuuucauaauugauugguug	uugaaaaagauuguuaagcagaau	ugcuuucauaauugauugguugccucaauugaaaaagauuguuaagcagaau	scaffold8:23454472..23454524:+	PL3	scaffold8	23454472..23454524	23454472	23454524	0
1855	scaffold8_698033	17.2	73 +/- 3%	-	53	40	6	7	no	-	-	-	-	cugcuuuauguuuaucgugu	cgggacuucagcggugcu	cugcuuuauguuuaucguguuuuuaauuuuuuuaaucgucgugauuuguuaauuacuuggcgggacuucagcggugcu	scaffold8:23574186..23574264:-	SMA3	scaffold8	23574186..23574264	23574186	23574264	0
1856	scaffold8_885764	183.2	76 +/- 3%	-	372	371	0	1	no	-	-	-	-	gcacgucagaaugggcuuggca	gguacccacacuaacguaug	gcacgucagaaugggcuuggcaaagcgcucuccuucuuacuccuacggcgugaugguacccacacuaacguaug	scaffold8:25461234..25461308:+	PDi3	scaffold8	25461234..25461308	25461234	25461308	0
1857	scaffold8_502425	194.8	72 +/- 3%	-	413	298	114	1	no	-	-	-	-	caguaagguucugggagaaua	uucuacaaagaacuaaaugca	uucuacaaagaacuaaaugcaggaggaaaggcuacagcuagagcaggcaaggacgcaguaagguucugggagaaua	scaffold8:25965951..25966027:-	IST2	scaffold8	25965951..25966027	25965951	25966027	0
1858	scaffold8_867365	0.4	76 +/- 2%	-	118	117	0	1	yes	-	-	-	-	gaaucugucauggucugguccug	uuucauccuagaaaaaggag	gaaucugucauggucugguccugcauguccuaucaugguguaggacgacuuuucauccuagaaaaaggag	scaffold8:26592308..26592378:-	PDi1	scaffold8	26592308..26592378	26592308	26592378	0
1859	scaffold8_1171661	10.6	70 +/- 4%	-	21	17	1	3	yes	-	-	-	-	ccacgguuagacuagugauu	uugcaugucuaaccacccgaga	ccacgguuagacuagugauuguuguaaaagugaucuaucacauuugaaagaauugcaugucuaaccacccgaga	scaffold8:26610315..26610389:-	EC2	scaffold8	26610315..26610389	26610315	26610389	0
1860	scaffold8_1067486	10.3	76 +/- 2%	-	39	38	0	1	no	-	-	-	-	uguauagcuugaggaaggguuug	gacaccugaaggaauuugcu	gacaccugaaggaauuugcucgacaucucacauuguauagcuugaggaaggguuug	scaffold8:26638274..26638330:-	PL1	scaffold8	26638274..26638330	26638274	26638330	0
1861	scaffold8_771024	263.4	67 +/- 3%	-	539	538	0	1	no	-	-	-	-	uguacugaagcagaaguug	ucuucauaguuuaaguaa	uguacugaagcagaaguugcugucuucauaguuuaaguaa	scaffold8:27855567..27855607:-	AMP2	scaffold8	27855567..27855607	27855567	27855607	0
1862	scaffold8_686020	502.8	58 +/- 3%	-	1007	475	522	10	no	-	-	-	-	cuucugcugguaaauuacucu	guaaauauuaguagugcaugga	cuucugcugguaaauuacucuaccuggugaaauuggaauguauucaacaaaaacgucgauuuaccauauuucagaaaucaguaaauauuaguagugcaugga	scaffold8:27855686..27855788:+	AMP3	scaffold8	27855686..27855788	27855686	27855788	0
1863	scaffold8_725389	502.6	58 +/- 3%	-	1007	475	522	10	no	-	-	-	-	cuucugcugguaaauuacucu	guaaauauuaguagugcaugga	cuucugcugguaaauuacucuaccuggugaaauuggaauguauucaacaaaaacgucgauuuaccauauuucagaaaucaguaaauauuaguagugcaugga	scaffold8:27866919..27867021:-	AMP3	scaffold8	27866919..27867021	27866919	27867021	0
1864	scaffold8_1150109	46.3	72 +/- 3%	-	110	88	21	1	no	-	-	-	-	uguaaaugaugcguucuuga	ugagcgaaguuuauaaaca	uguaaaugaugcguucuugaaucaguugcauagaaaauuugucuaccuucaagauuuguugaaagaugugauucauuuggaauguucugagcgaaguuuauaaaca	scaffold8:28975592..28975698:-	PDii2	scaffold8	28975592..28975698	28975592	28975698	0
1865	scaffold8_986149	11.3	48 +/- 4%	-	31	18	0	13	no	-	-	-	-	ugucguggaggagaauug	uucguucaacuucugcagg	uucguucaacuucugcaggguugguugugcgacgugcggccggguguugucguggaggagaauug	scaffold8:29766966..29767031:+	PH2	scaffold8	29766966..29767031	29766966	29767031	0
1866	scaffold8_1043833	702.3	48 +/- 4%	-	1397	1085	308	4	no	-	-	-	-	uccauuugaaagcgcguuucug	gcauggaaguagaguggc	gcauggaaguagaguggcagcgggagaguggagaauuucagcagagcgucuuuauaguccaaagaggaaauccauuugaaagcgcguuucug	scaffold8:29921856..29921948:-	PH2	scaffold8	29921856..29921948	29921856	29921948	0
1867	scaffold8_759040	14.9	86 +/- 2%	-	28	19	0	9	yes	-	-	-	-	cccagcgccgcugaauaccaga	ugguauucagcggugcucau	cccagcgccgcugaauaccagaggcaucgaaauuuacugguauucagcggugcucau	scaffold8:30368414..30368471:-	PH1	scaffold8	30368414..30368471	30368414	30368471	0
1868	scaffold8_571158	12.2	68 +/- 3%	-	23	16	0	7	yes	-	-	-	-	ugauaaaagucgauagucu	cuaucgacuuuuaucaucugu	cuaucgacuuuuaucaucugucaagaaaucgcugauaaaagucgauagucu	scaffold8:30454431..30454482:+	IST1	scaffold8	30454431..30454482	30454431	30454482	0
1869	scaffold8_888707	799.3	76 +/- 3%	-	1576	1567	0	9	yes	-	-	-	-	aguaguaguaguaguagu	aguaguaguaguaguaguagg	aguaguaguaguaguaguaguaguaguaguaguaguaguaguaguaguaguaguaguaguaguaguaguagg	scaffold8:30612191..30612263:+	PDi3	scaffold8	30612191..30612263	30612191	30612263	0
1870	scaffold8_986917	79.8	48 +/- 4%	-	181	178	0	3	no	-	-	-	-	uguuguaagagugaauauuug	ugguguaauuucuaagaaguag	uguuguaagagugaauauuuggugacugguguaauuucuaagaaguag	scaffold8:30799188..30799236:+	PH2	scaffold8	30799188..30799236	30799188	30799236	0
1871	scaffold8_734502	51.1	60 +/- 3%	-	117	73	0	44	no	-	-	-	-	ccuucugucuuccauuggaug	ccuuugauuagucguggguug	ccuuugauuagucguggguugauucucaucccuucugucuuccauuggaug	scaffold8:32585673..32585724:+	AMP1	scaffold8	32585673..32585724	32585673	32585724	0
1872	scaffold8_731162	13.1	67 +/- 3%	-	74	72	0	2	no	-	-	-	-	cuuucugucacacacacacac	auugugaugucaaaccuagag	cuuucugucacacacacacacacuucauauugugaugucaaaccuagag	scaffold8:32755456..32755505:+	AMP2	scaffold8	32755456..32755505	32755456	32755505	0
1873	scaffold8_870495	204.0	77 +/- 3%	-	420	419	0	1	yes	-	-	-	-	aguaguaguaguaguagu	uaguaguaguaguaauua	uaguaguaguaguaauuauuauuaaugaauguguaaguaaugacaguaguaguaguaguagu	scaffold8:34236034..34236096:-	PDi1	scaffold8	34236034..34236096	34236034	34236096	0
1874	scaffold8_626274	21.5	79 +/- 3%	-	53	40	8	5	no	-	-	-	-	ucacagucgccauguaacauc	uguuaccaaguuguugaacca	ucacagucgccauguaacauccuccaccuagcuuauuacgccgugucuaauuacugauaaugggugcucaguaaauugcgggugugguguuaccaaguuguugaacca	scaffold8:34362296..34362404:-	SMA2	scaffold8	34362296..34362404	34362296	34362404	0
1875	scaffold8_731963	414.3	67 +/- 3%	-	811	618	0	193	yes	-	-	-	-	acacuaucgacuuuuaucaccg	augauaaaagucgauaguggg	acacuaucgacuuuuaucaccgauuucuugacagaugauaaaagucgauaguggg	scaffold8:35122016..35122071:+	AMP2	scaffold8	35122016..35122071	35122016	35122071	0
1876	scaffold8_1046213	65.2	48 +/- 4%	-	146	137	0	9	no	-	-	-	-	ugcuuugagguuaagaaug	uucuucaggauguuucgcacag	ugcuuugagguuaagaauggcuuucucggugccacaaaagugccaauugagcacuucuucaggauguuucgcacag	scaffold8:35229487..35229563:-	PH2	scaffold8	35229487..35229563	35229487	35229563	0
1877	scaffold8_689132	14.2	58 +/- 3%	-	50	49	0	1	no	-	-	-	-	agcuagguggaggauguuaca	guaacuccuaacccgcaauu	guaacuccuaacccgcaauuuaccgaguacucauugucaguaauuagacacggcgcaauaagcuagguggaggauguuaca	scaffold8:35838172..35838253:+	AMP3	scaffold8	35838172..35838253	35838172	35838253	0
1878	scaffold8_1177808	74.6	70 +/- 4%	-	148	57	81	10	yes	-	-	-	-	augguguguaagucgguaac	uaacagaugaaucacucaccaaau	augguguguaagucgguaacagaugaaucacucaccaaauguauacaaaagugaacaaugguguguaagucuguaacagaugaaucacucaccaaau	scaffold8:37758137..37758234:-	EC2	scaffold8	37758137..37758234	37758137	37758234	0
1879	scaffold8_881099	41.0	76 +/- 4%	-	94	93	0	1	yes	-	-	-	-	uauauaaauauauauauaua	uauauauauauugauaacu	uauauaaauauauauauauauauauauauauauauauauauauauugauaacu	scaffold8:38370033..38370086:+	GA1	scaffold8	38370033..38370086	38370033	38370086	0
1880	scaffold8_1081421	12.0	74 +/- 4%	-	20	19	0	1	yes	-	-	-	-	ugacgaucacaaggaaaucgaa	gauuucuuugugauagucaca	ugacgaucacaaggaaaucgaacgagcacgauuucuuugugauagucaca	scaffold8:38811339..38811389:+	GA2	scaffold8	38811339..38811389	38811339	38811389	0
1881	scaffold8_1143412	10.6	74 +/- 4%	-	23	22	0	1	yes	-	-	-	-	cauauauauauauauauaua	uauauauauauauauaugaggg	cauauauauauauauauauauauauauauauauauauauauauauauauaugaggg	scaffold8:40524178..40524234:-	GA2	scaffold8	40524178..40524234	40524178	40524234	0
1882	scaffold8_734144	26.4	67 +/- 3%	-	85	84	0	1	no	-	-	-	-	ucauaaacaagcgcauaugua	cgaauguguauugaauagu	cgaauguguauugaauaguugauugaucauucauaaacaagcgcauaugua	scaffold8:40711024..40711075:+	AMP2	scaffold8	40711024..40711075	40711024	40711075	0
1883	scaffold8_942991	45.9	76 +/- 3%	-	100	80	16	4	yes	-	-	-	-	gaaauucauaauguguaaaugcaca	guguuuuauauugugaau	guguuuuauauugugaauuucaucucauuugacuuguauauuaaccauuaaucuagaugcuacuauuugaaauucauaauguguaaaugcaca	scaffold8:41602368..41602461:-	PDi3	scaffold8	41602368..41602461	41602368	41602461	0
1884	scaffold8_734669	120.9	67 +/- 3%	-	238	225	0	13	yes	-	-	-	-	guuuacacgauaaguuuuccc	aaaacuuaucguguaaacg	guuuacacgauaaguuuucccuuacgacuucuccuuauguaaguaaaaacuuaucguguaaacg	scaffold8:41679746..41679810:+	AMP2	scaffold8	41679746..41679810	41679746	41679810	0
1885	scaffold8_595319	18.5	79 +/- 3%	-	78	27	21	30	no	-	-	-	-	guuucagagaucccuaagauu	uuauuaguaagauuuuggaug	guuucagagaucccuaagauugaguuuuucccaauuugguauacuaguucauuguaugaagauagcuuauuaguaagauuuuggaug	scaffold8:41738329..41738416:+	SMA2	scaffold8	41738329..41738416	41738329	41738416	0
1886	scaffold8_883688	41.1	76 +/- 4%	-	85	78	6	1	yes	-	-	-	-	ucagcagaacuugguggccauugc	uggguugcucuguccuguuggag	ucagcagaacuugguggccauugcaaaaacgggauauuauuuucagaaaaccaauuuuuugucuuugcugacgugugcuggguugcucuguccuguuggag	scaffold8:42901733..42901834:+	GA1	scaffold8	42901733..42901834	42901733	42901834	0
1887	scaffold8_894625	118.2	76 +/- 3%	-	288	285	0	3	no	-	-	-	-	ugauaugauaguuucuaguaga	cuccaaguacuauugcaugau	ugauaugauaguuucuaguagauuaguauucuccaaguacuauugcaugau	scaffold8:43042251..43042302:+	PDi3	scaffold8	43042251..43042302	43042251	43042302	0
1888	scaffold8_894645	126.2	76 +/- 3%	-	288	285	0	3	no	-	-	-	-	ugauaugauaguuucuaguaga	cuccaaguacuauugcaugau	ugauaugauaguuucuaguagauuaguauucuccaaguacuauugcaugau	scaffold8:43087050..43087101:+	PDi3	scaffold8	43087050..43087101	43087050	43087101	0
1889	scaffold8_943652	124.9	76 +/- 3%	-	288	285	0	3	no	-	-	-	-	ugauaugauaguuucuaguaga	cuccaaguacuauugcaugau	ugauaugauaguuucuaguagauuaguauucuccaaguacuauugcaugau	scaffold8:43088559..43088610:-	PDi3	scaffold8	43088559..43088610	43088559	43088610	0
1890	scaffold8_738685	323.5	60 +/- 3%	-	644	643	0	1	no	-	-	-	-	ugauccaagccaugaaccugc	caguaguaguagcuugggcac	caguaguaguagcuugggcacacaucaggagcgauucgagggugcuugauccaagccaugaaccugc	scaffold8:43116362..43116429:+	AMP1	scaffold8	43116362..43116429	43116362	43116429	0
1891	scaffold8_919952	182.8	72 +/- 3%	-	390	387	0	3	no	-	-	-	-	guaguaguaguaguaguagua	cuuugaguaguaguaguagua	cuuugaguaguaguaguaguaguaguaguaguaguaguaguaguagua	scaffold8:43142072..43142120:+	SMA1	scaffold8	43142072..43142120	43142072	43142120	0
1892	scaffold8_780250	323.5	60 +/- 3%	-	644	643	0	1	no	-	-	-	-	ugauccaagccaugaaccugc	caguaguaguagcuugggcac	caguaguaguagcuugggcacacaucaggagcgauucgagggugcuugauccaagccaugaaccugc	scaffold8:43190443..43190510:-	AMP1	scaffold8	43190443..43190510	43190443	43190510	0
1893	scaffold8_1114446	58.5	67 +/- 3%	-	122	121	0	1	yes	-	-	-	-	ugaugaugaugaugaugaugaug	ugaugaugaugaugaugu	ugaugaugaugaugaugaugaugaugaugaugaugaugaugaugaugaugaugaugu	scaffold8:43400221..43400278:-	PDii1	scaffold8	43400221..43400278	43400221	43400278	0
1894	scaffold8_1067602	91.8	75 +/- 3%	-	187	185	1	1	yes	-	-	-	-	guucagacuaucgacuuuuauca	gaugacaguaaucuggcuguuu	gaugacaguaaucuggcuguuuuccaaaaaaucggauggagcguucagacuaucgacuuuuauca	scaffold8:43551256..43551321:+	DI1	scaffold8	43551256..43551321	43551256	43551321	0
1895	scaffold8_875318	18.2	77 +/- 3%	-	50	49	0	1	no	-	-	-	-	cuuucacccgcgcggcccgg	ucucuguugguguagugguuag	ucucuguugguguagugguuaggauucgcugcuuucacccgcgcggcccgg	scaffold8:44786275..44786326:-	PDi1	scaffold8	44786275..44786326	44786275	44786326	0
1896	scaffold8_972184	424.1	72 +/- 3%	-	862	859	2	1	no	-	-	-	-	ccuguuggucuagugguuag	uauugauuuuaaauaauauua	uauugauuuuaaauaauauuaauauguuuauaaaacuuuagcuaaauuuuaugucgugucccuguuggucuagugguuag	scaffold8:44804871..44804951:-	SMA1	scaffold8	44804871..44804951	44804871	44804951	0
1897	scaffold8_575602	128.3	68 +/- 3%	-	320	317	0	3	no	-	-	-	-	ccgagcuucaagaaaucuuug	cugagcccuucuccaacuuug	ccgagcuucaagaaaucuuugaugucuuuucugagcccuucuccaacuuug	scaffold8:45047183..45047234:+	IST1	scaffold8	45047183..45047234	45047183	45047234	0
1898	scaffold8_1115510	74.2	67 +/- 3%	-	159	156	0	3	no	-	-	-	-	uuccgaauaaagaucguuccucagg	ccaggcucugaugaagaau	uuccgaauaaagaucguuccucaggugguugaacaaugccaccaggcucugaugaagaau	scaffold8:45063802..45063862:-	PDii1	scaffold8	45063802..45063862	45063802	45063862	0
1899	scaffold8_995565	21.8	76 +/- 4%	-	54	34	1	19	no	-	-	-	-	uguuaaucuauuguaauuuuccaga	uggaauaacgauuacuugauu	uggaauaacgauuacuugauuuuagcuggaugcuaucaccgucaauacguucuucuugguagcaaucugguguuaaucuauuguaauuuuccaga	scaffold8:46101060..46101155:+	EC3	scaffold8	46101060..46101155	46101060	46101155	0
1900	scaffold8_996099	108.7	48 +/- 4%	-	246	198	0	48	no	-	-	-	-	uugccuaaaugaaugcgcuuuug	cggcacauuaaucgaaggug	cggcacauuaaucgaagguggauuucugaauucauucaaauauuugccuaaaugaaugcgcuuuug	scaffold8:46987160..46987226:+	PH2	scaffold8	46987160..46987226	46987160	46987226	0
1901	scaffold8_996100	77.7	48 +/- 4%	-	203	198	0	5	no	-	-	-	-	uugccuaaaugaaugcgcuuuug	aacgcaacauucuuaaaua	uugccuaaaugaaugcgcuuuugccggucacuucuucuuaacuuaguguauuaccaaaaaaacgcaacauucuuaaaua	scaffold8:46987203..46987282:+	PH2	scaffold8	46987203..46987282	46987203	46987282	0
1902	scaffold8_782070	92.7	60 +/- 3%	-	207	205	0	2	no	-	-	-	-	agaugaggugacgaauuuuug	gaaaguuaccaugcugagaag	gaaaguuaccaugcugagaagaggagaugaggugacgaauuuuug	scaffold8:47401229..47401274:-	AMP1	scaffold8	47401229..47401274	47401229	47401274	0
1903	scaffold8_782078	79.5	60 +/- 3%	-	171	170	0	1	no	-	-	-	-	guuuugaugauuucucuuccg	gaaauaaucaucguguguuu	gaaauaaucaucguguguuucgagccuuagaguuuugaugauuucucuuccg	scaffold8:47414745..47414797:-	AMP1	scaffold8	47414745..47414797	47414745	47414797	0
1904	scaffold8_480559	10.9	72 +/- 3%	-	44	35	0	9	no	-	-	-	-	ugagcgcaaaucuuuuggccu	ugucgucgugaugcugcugg	ugagcgcaaaucuuuuggccuuugucccugucgucgugaugcugcugg	scaffold8:47467493..47467541:+	IST2	scaffold8	47467493..47467541	47467493	47467541	0
1905	scaffold8_740679	157.2	60 +/- 3%	-	428	417	0	11	no	-	-	-	-	auaugacauaaaggacuaacg	uaguuuuaugcagugauuga	uaguuuuaugcagugauugaggauaugacauaaaggacuaacg	scaffold8:47522145..47522188:+	AMP1	scaffold8	47522145..47522188	47522145	47522188	0
1906	scaffold8_1053542	17.5	48 +/- 4%	-	47	42	4	1	no	-	-	-	-	uauguaugauagagaacauccg	gguaacaucucugucacaaug	gguaacaucucugucacaauguacuuuaauaagcguugccaaauuaugaagacaggagauauguaugauagagaacauccg	scaffold8:47540753..47540834:-	PH2	scaffold8	47540753..47540834	47540753	47540834	0
1907	scaffold8_733343	23.1	58 +/- 3%	-	80	70	0	10	no	-	-	-	-	uugauucagcuuauuguaacu	uuacaugaucaaagcuauca	uugauucagcuuauuguaacugauggagcggcuuacaugaucaaagcuauca	scaffold8:48433333..48433385:-	AMP3	scaffold8	48433333..48433385	48433333	48433385	0
1908	scaffold8_974237	14.9	72 +/- 3%	-	38	35	0	3	yes	-	-	-	-	uaacuuccuauugcauugaac	uuugcgagaaguuaccaaacg	uuugcgagaaguuaccaaacguugugucauuaaccgaaacaucauaccgguuuaaaaaguggcauaacuuccuauugcauugaac	scaffold8:48559191..48559276:-	SMA1	scaffold8	48559191..48559276	48559191	48559276	0
1909	scaffold8_1052296	133.7	76 +/- 4%	-	347	207	117	23	no	-	-	-	-	uggcagauauugaaaaaugacgu	acacauuuugacaucugaaa	uggcagauauugaaaaaugacguuaagaagaaaaauccgaaaaauauauccgauuuaaaagaaaaaauccaagaaaguuaacacauuuugacaucugaaa	scaffold8:48592875..48592975:-	EC3	scaffold8	48592875..48592975	48592875	48592975	0
1910	scaffold8_997502	16.2	48 +/- 4%	-	42	41	0	1	no	-	-	-	-	uggguugugaccuucauccaug	ugaaagcaccaauaugacg	uggguugugaccuucauccaugauugugaguguugugacucagucguugaaagcaccaauaugacg	scaffold8:49271176..49271242:+	PH2	scaffold8	49271176..49271242	49271176	49271242	0
1911	scaffold8_783068	45.4	60 +/- 3%	-	102	101	0	1	no	-	-	-	-	gugaucagccccuugaguuag	uccugaagguaauggcuacau	gugaucagccccuugaguuagcaagaaugacuaaggcaucaauaguuccugaagguaauggcuacau	scaffold8:49721153..49721220:-	AMP1	scaffold8	49721153..49721220	49721153	49721220	0
1912	scaffold8_738455	21.0	67 +/- 3%	-	53	35	1	17	no	-	-	-	-	ucugaauggucgagaggug	cacuuuuuucugauuggucg	cacuuuuuucugauuggucgagaaggagguuccguuucaucccacuuuuuucugaauggucgagaggug	scaffold8:49854888..49854957:+	AMP2	scaffold8	49854888..49854957	49854888	49854957	0
1913	scaffold8_1072710	19.0	74 +/- 4%	-	52	28	21	3	no	-	-	-	-	ugaacaaagagaguuuca	gaauuggcuuugcggaggcg	ugaacaaagagaguuucacagcagccguggaauuaaagggaacauggcggaagagggcaaagagugaggaauuggcuuugcggaggcg	scaffold8:51407217..51407305:-	DI3	scaffold8	51407217..51407305	51407217	51407305	0
1914	scaffold8_734673	10.0	58 +/- 3%	-	16	12	0	4	yes	-	-	-	-	ucaaucauuuauuaauuccac	gaauuaauaaaugacugagug	ucaaucauuuauuaauuccacucuauuauuaguguauugaagaguggaauuaauaaaugacugagug	scaffold8:51541662..51541729:-	AMP3	scaffold8	51541662..51541729	51541662	51541729	0
1915	scaffold8_783867	96.4	60 +/- 3%	-	232	231	0	1	no	-	-	-	-	uugaguauuuugauaguuuug	uccauuucaaaauauuuuuu	uugaguauuuugauaguuuuggucuacuuccauuucaaaauauuuuuu	scaffold8:51556699..51556747:-	AMP1	scaffold8	51556699..51556747	51556699	51556747	0
1916	scaffold8_1048590	24.2	75 +/- 2%	-	71	19	46	6	no	-	-	-	-	gauuuaguaucaaguuaucc	gauaacauuuuaauucauuguuc	gauaacauuuuaauucauuguucucagauaagugauagcauauauaauggaaauucuagugauauaguauuuacuuuuccuacaaaugauuuaguaucaaguuaucc	scaffold8:51565185..51565292:+	PL3	scaffold8	51565185..51565292	51565185	51565292	0
1917	scaffold8_598704	167.8	79 +/- 3%	-	361	197	148	16	no	-	-	-	-	ucauuguucucugauaaguga	cuuuuccuacaaaugauuuag	ucauuguucucugauaagugauaguauauauaauggaaauucuagugauauaguauuuacuuuuccuacaaaugauuuag	scaffold8:51663544..51663624:+	SMA2	scaffold8	51663544..51663624	51663544	51663624	0
1918	scaffold8_658498	109.6	90 +/- 2%	-	258	250	0	8	no	-	-	-	-	ucaaucgugcuuguacugcu	caacccuccaacagcgauug	ucaaucgugcuuguacugcugcuaguuacaucuugucucaacccuccaacagcgauug	scaffold8:52420416..52420474:-	HL1	scaffold8	52420416..52420474	52420416	52420474	0
1919	scaffold8_743313	1334.9	60 +/- 3%	-	2642	746	1630	266	no	-	-	-	-	uugauuuugguuggucuuuug	uuagcacuaccaagacaugug	uugauuuugguuggucuuuugcuucgaacauuuuuucugaucuugagcucuugucuacuugguccucugucaaccaucuuguuuuuagcacuaccaagacaugug	scaffold8:53220910..53221015:+	AMP1	scaffold8	53220910..53221015	53220910	53221015	0
1920	scaffold8_1056876	17.8	48 +/- 4%	-	45	44	0	1	no	-	-	-	-	uggauguauguucagcuuug	ggagcagagccaucuuuguguc	ggagcagagccaucuuugugucugaaaaauauggauguauguucagcuuug	scaffold8:53533974..53534025:-	PH2	scaffold8	53533974..53534025	53533974	53534025	0
1921	scaffold8_781790	44.7	67 +/- 3%	-	99	31	67	1	no	-	-	-	-	gagcgcaggugguguagugg	gacucagacuugcgcaauuuu	gagcgcaggugguguagugguagcauagcagccuuccaagcuguugauccggguucgacucagacuugcgcaauuuu	scaffold8:53596264..53596341:-	AMP2	scaffold8	53596264..53596341	53596264	53596341	0
1922	scaffold8_696789	129.9	58 +/- 3%	-	291	290	0	1	no	-	-	-	-	cucgcucugaugauguuguc	ucuccauucgucguugcaag	cucgcucugaugauguugucccuuucuccauucgucguugcaag	scaffold8:53906446..53906490:+	AMP3	scaffold8	53906446..53906490	53906446	53906490	0
1923	scaffold8_782322	11.2	67 +/- 3%	-	19	6	0	13	yes	-	-	-	-	ugcucuguacuaugguaaacu	uuaccauaguauagagcggacc	ugcucuguacuaugguaaacuauuuuaagugugcgcucuguacaccaacgucgaauuuaccauaguauagagcggacc	scaffold8:54973813..54973891:-	AMP2	scaffold8	54973813..54973891	54973813	54973891	0
1924	scaffold8_672933	49.5	73 +/- 3%	-	118	88	28	2	no	-	-	-	-	cugcuugauuugguucugug	acaccuuaaauugaaauuugu	acaccuuaaauugaaauuuguuuccuuguuacuucccuacaaaaaaguaggucgaccgucgaccaggaaucugcuugauuugguucugug	scaffold8:54984659..54984749:+	SMA3	scaffold8	54984659..54984749	54984659	54984749	0
1925	scaffold8_1000749	1806.8	48 +/- 4%	-	3593	3592	0	1	no	-	-	-	-	uggauuguauauacaaagugugcg	acacaucuuugggaaaauu	acacaucuuugggaaaauucaaacgacuuuggauuguauauacaaagugugcg	scaffold8:55175447..55175500:+	PH2	scaffold8	55175447..55175500	55175447	55175500	0
1926	scaffold8_1000772	14286.7	48 +/- 4%	-	28055	28054	0	1	no	-	-	-	-	uggauuguauauaccaagugugug	acacaucuuugggaaaauu	acacaucuuugggaaaauucaaaauuacuuuggauuguauauaccaagugugug	scaffold8:55177821..55177875:+	PH2	scaffold8	55177821..55177875	55177821	55177875	0
1927	scaffold8_1000786	22225.0	48 +/- 4%	-	43637	43636	0	1	no	-	-	-	-	uggauuguauauaccaagugugcg	acacaucuuugggaaaauu	acacaucuuugggaaaauucaagaauuacuuuggauuguauauaccaagugugcg	scaffold8:55179801..55179856:+	PH2	scaffold8	55179801..55179856	55179801	55179856	0
1928	scaffold8_1000808	22218.2	48 +/- 4%	-	43637	43636	0	1	no	-	-	-	-	uggauuguauauaccaagugugcg	acacaucuuugggaaaauu	acacaucuuugggaaaauucaaacgacuuuggauuguauauaccaagugugcg	scaffold8:55182629..55182682:+	PH2	scaffold8	55182629..55182682	55182629	55182682	0
1929	scaffold8_579541	716.2	68 +/- 3%	-	1468	1467	0	1	no	-	-	-	-	uggauuguauauaccaagu	uuugggaaaauucaaacgacu	uuugggaaaauucaaacgacuuuggauuguauauaccaagu	scaffold8:55184555..55184596:+	IST1	scaffold8	55184555..55184596	55184555	55184596	0
1930	scaffold8_659584	71.7	90 +/- 2%	-	140	82	0	58	yes	-	-	-	-	acacuaucgacuuuuaucacc	augauaaaagucgauaguggg	acacuaucgacuuuuaucaccgauuucuugacagaugauaaaagucgauaguggg	scaffold8:55199333..55199388:-	HL1	scaffold8	55199333..55199388	55199333	55199388	0
1931	scaffold8_939122	53.4	76 +/- 4%	-	119	118	0	1	yes	-	-	-	-	ugaugaugaugaugaugaugaug	uaaugaugaugaugaugaug	uaaugaugaugaugaugaugaugaugaugaugaugaugaugaugaugaugaugaugaugaug	scaffold8:55781717..55781779:-	GA1	scaffold8	55781717..55781779	55781717	55781779	0
1932	scaffold8_1027196	34.3	76 +/- 2%	-	117	72	0	45	no	-	-	-	-	uaguucaaaaguaauaugccuuuuu	ucuagucucauuuuuuug	uaguucaaaaguaauaugccuuuuuucuagucucauuuuuuug	scaffold8:56313773..56313816:+	PL1	scaffold8	56313773..56313816	56313773	56313816	0
1933	scaffold8_1190512	24.3	70 +/- 4%	-	48	47	0	1	yes	-	-	-	-	cauauauauauauauauaua	uauauauauauauauauguuua	cauauauauauauauauauauauauauauauauauauauauauauguuua	scaffold8:56744873..56744923:-	EC2	scaffold8	56744873..56744923	56744873	56744923	0
1934	scaffold8_927373	58.3	72 +/- 3%	-	138	102	0	36	no	-	-	-	-	cuauggguugauaaaggaaag	ccuacuguuagagaugcauua	ccuacuguuagagaugcauuacaaacaauucuuacugguguuagaauuccaaaaugucuauggguugauaaaggaaag	scaffold8:57209759..57209837:+	SMA1	scaffold8	57209759..57209837	57209759	57209837	0
1935	scaffold8_971609	33.5	75 +/- 3%	-	81	80	0	1	no	-	-	-	-	caaucuuguaucggacuuugcug	agcuguguccuagugaugggga	caaucuuguaucggacuuugcugguagcuguguccuagugaugggga	scaffold8:57462667..57462714:+	PDi2	scaffold8	57462667..57462714	57462667	57462714	0
1936	scaffold8_1167684	12.1	72 +/- 3%	-	20	18	0	2	yes	-	-	-	-	ugacgaucacaaggaaaucg	uuucuucaugaucgucacaucg	ugacgaucacaaggaaaucgaacgugcacgauuucuucaugaucgucacaucg	scaffold8:57505922..57505975:-	PDii2	scaffold8	57505922..57505975	57505922	57505975	0
1937	scaffold8_537126	10.7	89 +/- 2%	-	39	28	2	9	no	-	-	-	-	gcuauguggaguucugcgaagagua	aucuugacgaguuuauguggcg	gcuauguggaguucugcgaagaguaagaugaaggcgaugagaggaacgaaugacgacaugcuuccacuacaucuugacgaguuuauguggcg	scaffold8:58244092..58244184:+	PH3	scaffold8	58244092..58244184	58244092	58244184	0
1938	scaffold8_1316862	76.3	70 +/- 3%	-	149	148	0	1	yes	-	-	-	-	gaggaauccauuaaauuuugg	uuuuuuaaacgauucuuuau	gaggaauccauuaaauuuuggugcugauccggauugccuucuggaugcaggauuuuuuuaaacgauucuuuau	scaffold8:59582956..59583029:-	DI2	scaffold8	59582956..59583029	59582956	59583029	0
1939	scaffold8_1095300	147.7	74 +/- 4%	-	309	179	127	3	no	-	-	-	-	ugagcagguuaguaaucgu	cgaaaaacaaggcguucaaaga	ugagcagguuaguaaucguagaucgaccaggaagguugccaugcugagaagaagaguugaggugacgaauuuuugggaauacauaacgaaaaacaaggcguucaaaga	scaffold8:60037655..60037763:+	GA2	scaffold8	60037655..60037763	60037655	60037763	0
1940	scaffold8_1029884	36.6	76 +/- 2%	-	89	88	0	1	no	-	-	-	-	ucgguaauggcugaaguaauauu	uauuaauuaaagccaaucguuuu	uauuaauuaaagccaaucguuuuucgguaauggcugaaguaauauu	scaffold8:60197936..60197982:+	PL1	scaffold8	60197936..60197982	60197936	60197982	0
1941	scaffold8_1060939	13.2	48 +/- 4%	-	37	17	1	19	no	-	-	-	-	ugucucuguggcgcaaucc	uccacgcagggacguauuuu	ugucucuguggcgcaauccguuagcgcguucggcuguuaauugaaagguucguggauccacgcagggacguauuuu	scaffold8:60529182..60529258:-	PH2	scaffold8	60529182..60529258	60529182	60529258	0
1942	scaffold8_638509	51.8	67 +/- 3%	-	121	120	0	1	no	-	-	-	-	gaucuacauggcguucgggcu	acccgcgacguuucagagau	gaucuacauggcguucgggcuauguaaagcacccgcgacguuucagagau	scaffold8:60742930..60742980:-	IST3	scaffold8	60742930..60742980	60742930	60742980	0
1943	scaffold8_771629	10.3	86 +/- 2%	-	33	21	0	12	no	-	-	-	-	gaaauuguucgucauccaaugaca	ucaagaagaugaugaauuuugaucu	ucaagaagaugaugaauuuugaucuauucaaaucaauuuuggauacagaagaaauuguucgucauccaaugaca	scaffold8:61538767..61538841:-	PH1	scaffold8	61538767..61538841	61538767	61538841	0
1944	scaffold8_1023506	10.4	78 +/- 3%	-	22	21	0	1	yes	-	-	-	-	uuaguuagcccucuagug	uuaagggaauugaaauug	uuaguuagcccucuaguggaugaauuuguauugugagugcaaauuuucauuaagggaauugaaauug	scaffold8:61735399..61735466:-	PL2	scaffold8	61735399..61735466	61735399	61735466	0
1945	scaffold8_639052	280.7	67 +/- 3%	-	566	338	223	5	no	-	-	-	-	uaguuuaucaucauuguuguuggg	acgauagcaucuaaauuaaug	uaguuuaucaucauuguuguugggggaauucuguaggaaacaaacgcaaugugcauuuacaucuuaugaauuucaaacgauagcaucuaaauuaaug	scaffold8:61842862..61842959:-	IST3	scaffold8	61842862..61842959	61842862	61842959	0
1946	scaffold8_789141	265.9	60 +/- 3%	-	534	533	0	1	yes	-	-	-	-	uuuuucauugacguaugcucgg	uaguguguauccuuaaagaacc	uaguguguauccuuaaagaaccuuauaugguuuuuucauugacguaugcucgg	scaffold8:62876847..62876900:-	AMP1	scaffold8	62876847..62876900	62876847	62876900	0
1947	scaffold8_1114633	3387.8	75 +/- 2%	-	6646	3076	0	3570	yes	-	-	-	-	uaguguguaucuuugaggaacc	uucuucauugauuuaugcuuug	uaguguguaucuuugaggaaccuuguuaugguucuucauugauuuaugcuuug	scaffold8:62894318..62894371:-	PL3	scaffold8	62894318..62894371	62894318	62894371	0
1948	scaffold8_1133029	118.8	70 +/- 4%	-	234	210	0	24	yes	-	-	-	-	uucuucauugauauaugcuuag	uagugugugucuuugacgaa	uagugugugucuuugacgaaccuuguuaugguucuucauugauauaugcuuag	scaffold8:62906424..62906477:+	EC2	scaffold8	62906424..62906477	62906424	62906477	0
1949	scaffold8_485361	100.2	72 +/- 3%	-	242	197	0	45	no	-	-	-	-	uucaguagaauuaaagguauc	uuccuaauucuaacugacaug	uuccuaauucuaacugacaugaagaauuuucaguagaauuaaagguauc	scaffold8:63003837..63003886:+	IST2	scaffold8	63003837..63003886	63003837	63003886	0
1950	scaffold8_485362	85.1	72 +/- 3%	-	204	197	0	7	no	-	-	-	-	uucaguagaauuaaagguauc	uuauuaauuuuauuuucagug	uucaguagaauuaaagguaucaaaaucaaguucauguguguuuugauuauuaauuuuauuuucagug	scaffold8:63003865..63003932:+	IST2	scaffold8	63003865..63003932	63003865	63003932	0
1951	scaffold8_838442	44.4	77 +/- 3%	-	96	95	0	1	no	-	-	-	-	uucacagguagaggcaaaucaga	uaaguuugcagcaaggugaac	uaaguuugcagcaaggugaacuccaagaugagucugaugaggcucaaaguucacagguagaggcaaaucaga	scaffold8:64159706..64159778:+	PDi1	scaffold8	64159706..64159778	64159706	64159778	0
1952	scaffold8_1115512	408.2	75 +/- 2%	-	843	840	0	3	no	-	-	-	-	aguaguaguaguaguagu	aguaguaguaguagucgu	aguaguaguaguagucgucgucauaguaguaguaguaguagu	scaffold8:64588365..64588407:-	PL3	scaffold8	64588365..64588407	64588365	64588407	0
1953	scaffold8_772855	303.9	86 +/- 2%	-	653	652	0	1	no	-	-	-	-	uaguaguaguaguaguaguagu	aguagucauaguaguagua	uaguaguaguaguaguaguagucgucguaguaguggucauaguaguagucgucgucguaguagucauaguaguagua	scaffold8:64589827..64589904:-	PH1	scaffold8	64589827..64589904	64589827	64589904	0
1954	scaffold8_1007042	1.3	56 +/- 3%	-	308	123	175	10	yes	-	-	-	-	uguuuaacauuuaaagcgauaugag	ucggcgucgcuuuaaauuug	uguuuaacauuuaaagcgauaugaggaggugcuccaucuugcauaaaaauuguauuggcgcauuuucggcgucgcuuuaaauuug	scaffold8:64958114..64958199:+	PH2	scaffold8	64958114..64958199	64958114	64958199	0
1955	scaffold8_790273	38.6	60 +/- 3%	-	91	87	1	3	no	-	-	-	-	uuauggaaauguucuugaaua	ucgaaucgguuugcaugaaug	ucgaaucgguuugcaugaaugcuuuguuuaaggcuaugcguaauaauagaaaaagcaugcauuauggaaauguucuugaaua	scaffold8:65525915..65525997:-	AMP1	scaffold8	65525915..65525997	65525915	65525997	0
1956	scaffold8_749218	48.9	60 +/- 3%	-	93	53	0	40	yes	-	-	-	-	uuaccauaguacagagcggacc	guccgcucuguacuauggua	guccgcucuguacuaugguaaauuauuucaaguguccgcucuguacgccaaauucgaauuuaccauaguacagagcggacc	scaffold8:65776302..65776383:+	AMP1	scaffold8	65776302..65776383	65776302	65776383	0
1957	scaffold8_1135589	45.0	70 +/- 4%	-	85	72	0	13	yes	-	-	-	-	gauuucuucgugaucgucaca	ugugacgaucacaaggaaaucga	ugugacgaucacaaggaaaucgaacgcgcacgauuucuucgugaucgucaca	scaffold8:67105318..67105370:+	EC2	scaffold8	67105318..67105370	67105318	67105370	0
1958	scaffold8_977758	46.7	75 +/- 3%	-	111	100	0	11	no	-	-	-	-	ucgcaggagaugaaauaggagc	uccaguuuuacgguagcgag	uccaguuuuacgguagcgagggcagucgcaggagaugaaauaggagc	scaffold8:67433148..67433195:+	PDi2	scaffold8	67433148..67433195	67433148	67433195	0
1959	scaffold8_637765	70.1	79 +/- 3%	-	188	163	7	18	no	-	-	-	-	cacacacacacaacacacac	uuguaguuuuguaguuuauag	cacacacacacaacacacacaauuuauauuauauauauuuauuauauuuguaaauagcuuuuuguaguuuuguaguuuauag	scaffold8:67657325..67657407:-	SMA2	scaffold8	67657325..67657407	67657325	67657407	0
1960	scaffold8_1009258	126.2	48 +/- 4%	-	345	334	3	8	no	-	-	-	-	uguaaguaauuguccugagccug	uaaguuaaauuaguugucauc	uguaaguaauuguccugagccuggaguggaaccuguuaaucuuuuucuuuaacacaguaaguuaaauuaguugucauc	scaffold8:68559987..68560065:+	PH2	scaffold8	68559987..68560065	68559987	68560065	0
1961	scaffold8_584485	139.4	68 +/- 3%	-	284	272	0	12	no	-	-	-	-	gguguccagaguggaugguag	gugugcaugagagacuagcag	gugugcaugagagacuagcagucgcauuggaggagguugugguaaguggguguccagaguggaugguag	scaffold8:68641230..68641299:+	IST1	scaffold8	68641230..68641299	68641230	68641299	0
1962	scaffold8_747588	19.3	67 +/- 3%	-	94	93	0	1	no	-	-	-	-	uaagcaauuugguuuucgugc	acccaggaagcaauuuuaucg	uaagcaauuugguuuucgugcugagcauagcacccaggaagcaauuuuaucg	scaffold8:69355515..69355567:+	AMP2	scaffold8	69355515..69355567	69355515	69355567	0
1963	scaffold8_1065796	24.0	76 +/- 4%	-	58	49	6	3	no	-	-	-	-	uagugauaaauuuuucaaugga	uauagaguuguucaucauucaucu	uauagaguuguucaucauucaucuuugaauuaguauauuuuaucugauuuaaaguggguuagugauaaauuuuucaaugga	scaffold8:71743357..71743438:-	EC3	scaffold8	71743357..71743438	71743357	71743438	0
1964	scaffold8_487804	147.0	72 +/- 3%	-	431	417	13	1	no	-	-	-	-	cuacuaugucuggccuccgug	ugcugugucuaucauuguucc	ugcugugucuaucauuguucccaaucuuuucucuuugucuacuacuacuaugucuggccuccgug	scaffold8:71788994..71789059:+	IST2	scaffold8	71788994..71789059	71788994	71789059	0
1965	scaffold8_789656	140.2	67 +/- 3%	-	303	302	0	1	no	-	-	-	-	ccacuaucgacuuuuaucauc	guuuauaaaguagauauu	ccacuaucgacuuuuaucaucugucaagaaaucguuuauaaaguagauauu	scaffold8:71847204..71847255:-	AMP2	scaffold8	71847204..71847255	71847204	71847255	0
1966	scaffold8_789670	140.2	67 +/- 3%	-	303	302	0	1	no	-	-	-	-	ccacuaucgacuuuuaucauc	guuuauaaaguagauauu	ccacuaucgacuuuuaucaucugucaagaaaucguuuauaaaguagauauu	scaffold8:71880344..71880395:-	AMP2	scaffold8	71880344..71880395	71880344	71880395	0
1967	scaffold8_789715	11.5	67 +/- 3%	-	24	23	0	1	yes	-	-	-	-	uggauugcaucacaagac	cccauuuugaugcagcuucg	cccauuuugaugcagcuucgcggaaacuguggauugcaucacaagac	scaffold8:72076324..72076371:-	AMP2	scaffold8	72076324..72076371	72076324	72076371	0
1968	scaffold8_792899	58.9	60 +/- 3%	-	146	132	0	14	no	-	-	-	-	uuccauugauguuuacaagg	uuugcaaaucauuacaaugc	uuccauugauguuuacaaggcuuuugcaaaucauuacaaugc	scaffold8:72130984..72131026:-	AMP1	scaffold8	72130984..72131026	72130984	72131026	0
1969	scaffold8_585786	42.6	68 +/- 3%	-	81	78	0	3	yes	-	-	-	-	guguguucccacuaucgacu	gucgauagucugaacacucu	guguguucccacuaucgacuuguaucaucugucaagaaaucggugaugaaggucgauagucugaacacucu	scaffold8:72178897..72178968:+	IST1	scaffold8	72178897..72178968	72178897	72178968	0
1970	scaffold8_642415	234.6	67 +/- 3%	-	564	305	258	1	no	-	-	-	-	gaauuuaaguguauguacguu	caaagccauuaacgcuucgaa	caaagccauuaacgcuucgaauuacaaaaaaacucugaauauacaacaaggaaauguggaauuuaaguguauguacguu	scaffold8:72764818..72764897:-	IST3	scaffold8	72764818..72764897	72764818	72764897	0
1971	scaffold8_642585	0.7	68 +/- 2%	-	168	153	2	13	yes	-	-	-	-	uuucuccaggucagagugag	ggcuuggaaugaagagaac	uuucuccaggucagagugagaagaaagaagauuccaucucauuggagagcucuggcuuggaaugaagagaac	scaffold8:72895584..72895656:-	IST3	scaffold8	72895584..72895656	72895584	72895656	0
1972	scaffold8_1037643	21.3	76 +/- 2%	-	44	41	0	3	yes	-	-	-	-	cuuuccaaauauuuggcaauu	uuuggcaaauauuuggaaucga	uuuggcaaauauuuggaaucgauuugcaaauccuuuccaaauauuuggcaauu	scaffold8:73355034..73355087:+	PL1	scaffold8	73355034..73355087	73355034	73355087	0
1973	scaffold8_705518	180.9	58 +/- 3%	-	423	422	0	1	no	-	-	-	-	cagcaaguugaacuccaagau	aggggaaaaguucacagg	cagcaaguugaacuccaagaugaguaugaugaggggaaaaguucacagg	scaffold8:73962242..73962291:+	AMP3	scaffold8	73962242..73962291	73962242	73962291	0
1974	scaffold8_777274	117.4	86 +/- 2%	-	239	237	1	1	no	-	-	-	-	gcagaguaaggacgaaacgcuuc	ggcgggacguaccauauaaauag	ggcgggacguaccauauaaauaggaggacaccaacacgagucgucagacccugcagaguaaggacgaaacgcuuc	scaffold8:74606726..74606801:-	PH1	scaffold8	74606726..74606801	74606726	74606801	0
1975	scaffold8_717790	10.1	73 +/- 3%	-	52	28	22	2	no	-	-	-	-	ucauaucauauuuuucagaga	uuccaaacaugugaaugauuuagg	uuccaaacaugugaaugauuuaggaguuaauauaucguauaauuuaucgugaucauaucauauuuuucagaga	scaffold8:75747268..75747341:-	SMA3	scaffold8	75747268..75747341	75747268	75747341	0
1976	scaffold8_706196	1335.8	58 +/- 3%	-	2647	2645	1	1	no	-	-	-	-	gagcuuggcuaagcauagagaaua	gguagaauguuugucuuaag	gagcuuggcuaagcauagagaauauuucgcgaagugauuuaaugguagaauguuugucuuaag	scaffold8:75845442..75845505:+	AMP3	scaffold8	75845442..75845505	75845442	75845505	0
1977	scaffold8_750573	270.3	67 +/- 3%	-	569	509	32	28	no	-	-	-	-	uuuuaugaagaagaauugcaaa	auggaauggccuuuguua	uuuuaugaagaagaauugcaaaaaacugaucaagauauauuuagaauuaaaaaaguguugaagaagaauaauggaauggccuuuguua	scaffold8:75970625..75970713:+	AMP2	scaffold8	75970625..75970713	75970625	75970713	0
1978	scaffold8_573054	10.1	89 +/- 2%	-	23	22	0	1	yes	-	-	-	-	uguucauuggcauauacuugg	uaguauauguuuuugaaaaacc	uaguauauguuuuugaaaaaccucauggagauguucauuggcauauacuugg	scaffold8:76247999..76248051:-	PH3	scaffold8	76247999..76248051	76247999	76248051	0
1979	scaffold8_516533	35.7	72 +/- 3%	-	90	75	0	15	no	-	-	-	-	ugacaaugccugguagaggau	ccuacccacagaaacacaacu	ccuacccacagaaacacaacuaauguuauacaguagcaauagacauacagugacaaugccugguagaggau	scaffold8:76425844..76425915:-	IST2	scaffold8	76425844..76425915	76425844	76425915	0
1980	scaffold8_754125	250.3	60 +/- 3%	-	567	566	0	1	no	-	-	-	-	uuaaacaauagacugcaaaca	uuuugcaauugauaugugu	uuaaacaauagacugcaaacaaauauguuuauuuuugcaauugauaugugu	scaffold8:76605653..76605704:+	AMP1	scaffold8	76605653..76605704	76605653	76605704	0
1981	scaffold8_786608	10.0	87 +/- 2%	-	39	24	7	8	no	-	-	-	-	uguuuacaugcauaaagggcu	gcucaauguucuguaaggg	gcucaauguucuguaagggagaccuucggcugacuuauauuucuuauuucuugcugacggcauugauuguuuacaugcauaaagggcu	scaffold8:76734569..76734657:-	HL3	scaffold8	76734569..76734657	76734569	76734657	0
1982	scaffold8_640907	159.8	79 +/- 3%	-	325	252	0	73	no	-	-	-	-	ucuaaauaugccugauuguug	cauaucuagguuuuuguauug	cauaucuagguuuuuguauugaaucacuuuucuaaauaugccugauuguug	scaffold8:76780960..76781011:-	SMA2	scaffold8	76780960..76781011	76780960	76781011	0
1983	scaffold8_489432	38.8	72 +/- 3%	-	83	82	0	1	no	-	-	-	-	ugagauaguguagaggaugu	ucuucuagagcuguuuuucu	ucuucuagagcuguuuuucuggggaaugagauaguguagaggaugu	scaffold8:77752447..77752493:+	IST2	scaffold8	77752447..77752493	77752447	77752493	0
1984	scaffold8_543285	15.9	89 +/- 2%	-	45	35	9	1	no	-	-	-	-	uguguugaaucuuugguuucuug	caccccaaaucaucacaga	caccccaaaucaucacagacgugcugagcggacaguuuguugcgucuaacguguguugaaucuuugguuucuug	scaffold8:77881306..77881380:+	PH3	scaffold8	77881306..77881380	77881306	77881380	0
1985	scaffold8_587661	252.1	68 +/- 3%	-	493	492	0	1	yes	-	-	-	-	cacuaucgacuuuuaucaccg	ugauaaaagucgaugugggaa	cacuaucgacuuuuaucaccgauuucuugacagaugauaaaagucgaugugggaa	scaffold8:78274896..78274951:+	IST1	scaffold8	78274896..78274951	78274896	78274951	0
1986	scaffold8_632721	10.4	90 +/- 2%	-	18	17	0	1	yes	-	-	-	-	ucgcacacugccguuaaggcu	cuaaacggcagugugcgacug	ucgcacacugccguuaaggcuuaauuucagguuaccuaaacggcagugugcgacug	scaffold8:78427447..78427503:+	HL1	scaffold8	78427447..78427503	78427447	78427503	0
1987	scaffold8_1120192	74.0	72 +/- 3%	-	154	153	0	1	no	-	-	-	-	uagucaggaguguuuaagga	ucuugaguuuuuucuugauuc	uagucaggaguguuuaaggacaguaucuucuugaguuuuuucuugauuc	scaffold8:78559865..78559914:+	PDii2	scaffold8	78559865..78559914	78559865	78559914	0
1988	scaffold8_587844	151.2	68 +/- 3%	-	313	308	0	5	yes	-	-	-	-	uaguaguaguaguaguaguagu	agugguaguaguaguagu	uaguaguaguaguaguaguaguagaaguacuaguauguggaguguaguguaguagugaguaguaguaguagugguaguaguaguagu	scaffold8:78642546..78642633:+	IST1	scaffold8	78642546..78642633	78642546	78642633	0
1989	scaffold8_754936	130.5	60 +/- 3%	-	265	262	2	1	yes	-	-	-	-	uaguaguaguaguaguaguagu	guaguaguaguaguaguaugu	guaguaguaguaguaguauguguaguaguaguguguguaguaguaguaguaguauaguaguaguaguaguaguaguaguaguaguaguaguaguaguaguaguagu	scaffold8:78651293..78651399:+	AMP1	scaffold8	78651293..78651399	78651293	78651399	0
1990	scaffold8_913400	11.0	76 +/- 3%	-	42	40	1	1	no	-	-	-	-	ugagugguaauuuugaaaauugg	ggauuuuuauuuuugagg	ugagugguaauuuugaaaauuggauuggacgaagagacacgguagauugggcgccaagauccccugaccuaaccccuauggauuuuuauuuuugagg	scaffold8:79280037..79280134:+	PDi3	scaffold8	79280037..79280134	79280037	79280134	0
1991	scaffold8_913416	10.4	76 +/- 3%	-	38	36	0	2	no	-	-	-	-	cuacuguugauuucgacaugaugu	uuuuuguugaggugaauaugg	cuacuguugauuucgacaugaugucaauuucacaguuaaaagauuuuuuguugaggugaauaugg	scaffold8:79288059..79288124:+	PDi3	scaffold8	79288059..79288124	79288059	79288124	0
1992	scaffold8_797044	16.3	60 +/- 3%	-	59	43	0	16	no	-	-	-	-	auugaccaggacgaauugu	cauuuguaaaccagguuuca	auugaccaggacgaauuguaaucauuuguaaaccagguuuca	scaffold8:79821013..79821055:-	AMP1	scaffold8	79821013..79821055	79821013	79821055	0
1993	scaffold8_807375	14.8	82 +/- 3%	-	29	28	0	1	yes	-	-	-	-	guguguguaugugugugu	acacauguauauauauguau	acacauguauauauauguauauguguguguaugugugugu	scaffold8:80253333..80253373:+	GA3	scaffold8	80253333..80253373	80253333	80253373	0
1994	scaffold8_1041891	17.0	76 +/- 2%	-	56	27	1	28	no	-	-	-	-	uuggagcgaagaugaugaa	acuuuacugauuugcuguuu	acuuuacugauuugcuguuuuggauuggaaauauuacuuuuagacuuuugucuuuggcuauugcuucugacccgcuuggagcgaagaugaugaa	scaffold8:81006473..81006567:+	PL1	scaffold8	81006473..81006567	81006473	81006567	0
1995	scaffold8_683012	34.8	73 +/- 3%	-	74	25	10	39	yes	-	-	-	-	caagcuuuagauuuuccuacc	cuuuggaaacuacuggagcu	cuuuggaaacuacuggagcugcuuauagaaaucaauuuuuuaaaacugaaagccaugggcaagcuuuagauuuuccuacc	scaffold8:81423856..81423936:+	SMA3	scaffold8	81423856..81423936	81423856	81423936	0
1996	scaffold8_1043632	154.4	76 +/- 2%	-	338	337	0	1	no	-	-	-	-	ucugaagacaauagagcacgugg	uggcucaaauugauucugguca	ucugaagacaauagagcacgugguauaauggcucaaauugauucugguca	scaffold8:84240414..84240464:+	PL1	scaffold8	84240414..84240464	84240414	84240464	0
1997	scaffold8_749004	29.8	58 +/- 3%	-	109	70	0	39	no	-	-	-	-	cagaacauugagcaacaugu	cauguaaacaaucaaugcugc	cauguaaacaaucaaugcugccagcaaaaaaugagaacuagaagucagccgaaggucucccauacagaacauugagcaacaugu	scaffold8:85142003..85142087:-	AMP3	scaffold8	85142003..85142087	85142003	85142087	0
1998	scaffold8_750002	82.2	58 +/- 3%	-	169	98	0	71	yes	-	-	-	-	cucuuuuuugacacauguug	ucaguuagucaaaaaguauuu	ucaguuagucaaaaaguauuuuuaucaacaggcauaaaaauaccucuuuuuugacacauguug	scaffold8:88150709..88150772:-	AMP3	scaffold8	88150709..88150772	88150709	88150772	0
1999	scaffold8_800269	171.6	60 +/- 3%	-	359	358	0	1	no	-	-	-	-	accaggaagguugccaugcug	ugugaguaaguuaguaaucg	ugugaguaaguuaguaaucguagaccgaccaggaagguugccaugcug	scaffold8:88278326..88278374:-	AMP1	scaffold8	88278326..88278374	88278326	88278374	0
2000	scaffold8_779698	800.6	87 +/- 2%	-	1585	661	923	1	no	-	-	-	-	gaaaggacgagacgcugc	cccgucuuguguucaaaa	cccgucuuguguucaaaaguaaagaagagaaaggacgagacgcugcccgucuuguguucgaaaguaaagagagaaaggacgagacgcugc	scaffold8:89956491..89956581:+	HL2	scaffold8	89956491..89956581	89956491	89956581	0
2001	scaffold8_756028	698.5	67 +/- 3%	-	1415	1300	110	5	no	-	-	-	-	uccuucaauguguauguuaua	auaauaaauauaucuucaguc	uccuucaauguguauguuauaggguauguuaauuuuaauuuaucaauaauaaauauaucuucaguc	scaffold8:90018717..90018783:+	AMP2	scaffold8	90018717..90018783	90018717	90018783	0
2002	scaffold8_1089908	23.6	69 +/- 3%	-	69	68	0	1	no	-	-	-	-	guuggauuucugaagucagucau	ccugcugcaggaauuauaauugga	ccugcugcaggaauuauaauuggagucuagagaucaaauauaauuuauucauuucuuucuaaaauuguuggauuucugaagucagucau	scaffold8:90023149..90023238:-	PDii3	scaffold8	90023149..90023238	90023149	90023238	0
2003	scaffold8_756194	207.7	67 +/- 3%	-	405	386	0	19	yes	-	-	-	-	augauaaaagucgauaguggg	acacuaucgacuuuuauc	acacuaucgacuuuuaucgccgauuucuugacagaugauaaaagucgauaguggg	scaffold8:90614945..90615000:+	AMP2	scaffold8	90614945..90615000	90614945	90615000	0
2004	scaffold8_1033251	0.8	73 +/- 2%	-	160	92	59	9	yes	-	-	-	-	uggaaguagagugacagcgg	cuggaaacguuccauggagu	uggaaguagagugacagcggaagaguggagaauuucagaagagcgucuuuauaggccaaaggggaaauccauuugaaagcgcguugcuggaaacguuccauggagu	scaffold8:90836911..90837017:+	PDii3	scaffold8	90836911..90837017	90836911	90837017	0
2005	scaffold8_1080498	2316.2	48 +/- 4%	-	4582	4574	4	4	no	-	-	-	-	guauauuugaacaauuguaug	uacgaauguuuccuaaauugauag	uacgaauguuuccuaaauugauagauagauagauagauagauaaacguauauuugaacaauuguaug	scaffold8:90967461..90967528:-	PH2	scaffold8	90967461..90967528	90967461	90967528	0
2006	scaffold8_614925	101.4	67 +/- 3%	-	198	197	0	1	yes	-	-	-	-	uaguaguaguaguaguaguagu	uuaguaguaguaguaguagu	uuaguaguaguaguaguaguaguaguaguaguaguaguaguaguagu	scaffold8:91128819..91128866:+	IST3	scaffold8	91128819..91128866	91128819	91128866	0
2007	scaffold8_756713	202.9	67 +/- 3%	-	429	357	0	72	no	-	-	-	-	uuaggaacuuaaaggaauuu	aguuuuuuguuucuuugauug	aguuuuuuguuucuuugauugugcuuuaagaaaucaguuaggaacuuaaaggaauuu	scaffold8:91656916..91656973:+	AMP2	scaffold8	91656916..91656973	91656916	91656973	0
2008	scaffold8_1084969	35.7	67 +/- 3%	-	127	63	62	2	no	-	-	-	-	ugacagaauugacgugaacuuu	gugguuugauuauguaaaa	ugacagaauugacgugaacuuucggauaucgugagaucuuuucagcaagaagccuagaguugugaccaggauaagaauguauugaagugguuugauuauguaaaa	scaffold8:92027836..92027941:+	PDii1	scaffold8	92027836..92027941	92027836	92027941	0
2009	scaffold8_1040623	44.7	74 +/- 4%	-	102	101	0	1	no	-	-	-	-	uguauucucuuuguguuc	uuuguaaauagagauagu	uuuguaaauagagauaguuugaacuguauucucuuuguguuc	scaffold8:92252713..92252755:+	DI3	scaffold8	92252713..92252755	92252713	92252755	0
2010	scaffold8_760235	2.1	68 +/- 2%	-	571	561	0	10	yes	-	-	-	-	uauguauauauaguuauguau	uauauauauauguauauauau	uauauauauauguauauauauguauauauauacauauauauuauguauauauaguuauguau	scaffold8:92420397..92420459:+	AMP1	scaffold8	92420397..92420459	92420397	92420459	0
2011	scaffold8_1098019	16.1	74 +/- 4%	-	52	51	0	1	no	-	-	-	-	uggccgauagaauuuaauacauua	gcuaauauaaauuuuaaucuua	gcuaauauaaauuuuaaucuuaggaacgcagaaauuauauuuuuguggccgauagaauuuaauacauua	scaffold8:92813898..92813967:-	DI3	scaffold8	92813898..92813967	92813898	92813967	0
2012	scaffold8_1046983	106.8	75 +/- 3%	-	222	221	0	1	no	-	-	-	-	uagacuuggaauuuguaggugc	cuucgauucgauuccauu	uagacuuggaauuuguaggugcacagauuggcuucgauucgauuccauu	scaffold8:93028910..93028959:-	PDi2	scaffold8	93028910..93028959	93028910	93028959	0
2013	scaffold8_1082721	75.2	48 +/- 4%	-	166	165	0	1	no	-	-	-	-	uauguagugacaguagugcguuug	gcuacacugcacgaacgag	uauguagugacaguagugcguuuggaauaguaauuaguguuacauccagcuacacugcacgaacgag	scaffold8:93966618..93966685:-	PH2	scaffold8	93966618..93966685	93966618	93966685	0
2014	scaffold8_627211	444.0	68 +/- 3%	-	875	832	3	40	yes	-	-	-	-	ucaaagauuucuugaagcucg	guugagagucaagauguaauu	ucaaagauuucuugaagcucggcaguggggaaaagaagucaaucgcuauuggaggguugagagucaagauguaauu	scaffold8:94025637..94025713:-	IST1	scaffold8	94025637..94025713	94025637	94025713	0
